order_id,customer_id,customer_name,customer_email,product_id,product_name,category,quantity,unit_price,order_date,status,payment_method,country,city,total_amount,year,month,day,revenue_tier,processed_at
183353d3-ffbc-4a3b-9bc9-0fa4fc4ddb40,35103231-1ed5-4558-82e3-aab3afe61757,Joseph Lowe,charlesandrews@example.net,PROD-1601,Decentralized transitional paradigm,books,7,488.52,2026-02-10 11:24:48,pending,paypal,Italy,Johnsonton,3419.64,2026,2,10,high,2026-06-04T17:00:44.940418
5206d73f-433a-4dcf-a891-f24cf7bace29,29a76c6a-1b45-4ca4-9814-2944894345d7,Michael Reid,mlawrence@example.com,PROD-9936,Progressive 6thgeneration challenge,books,7,973.4,2026-04-18 17:40:25,completed,credit_card,Mali,East Warrentown,6813.8,2026,4,18,high,2026-06-04T17:00:44.940418
a783c500-1c09-43af-a05d-1908a85a8b96,ba9c7aa4-5ddb-43ad-8a11-0040a4005351,Jacob Adams,murraymark@example.org,PROD-8824,Vision-oriented real-time Local Area Network,food,1,527.67,2025-09-04 16:33:33,pending,bank_transfer,British Indian Ocean Territory (Chagos Archipelago),East Anna,527.67,2025,9,4,high,2026-06-04T17:00:44.940418
b8816797-703a-4a9b-8d5b-12c469d84edb,e07bfefd-8ca4-4457-bd6b-1ca98ffc3ee9,Matthew Williams,kurt74@example.com,PROD-7249,Team-oriented coherent contingency,books,5,242.21,2026-03-12 05:17:56,cancelled,bank_transfer,Russian Federation,Melissahaven,1211.05,2026,3,12,high,2026-06-04T17:00:44.940418
7b0a70fe-fae1-4df3-986b-4cbb617ed200,bbc6e346-08e1-490c-8a2f-6dbb1e2cc1fb,Jessica Ward,etaylor@example.net,PROD-1737,Sharable encompassing product,books,9,417.86,2025-08-18 00:32:41,cancelled,credit_card,Guinea,South Jasonmouth,3760.74,2025,8,18,high,2026-06-04T17:00:44.940418
1e9cc779-6f2c-4cd6-b30d-c5a1848e7f56,0eaf39b9-b0db-4427-8c31-2215fca2258e,Mr. Michael Guzman DDS,rogersjames@example.com,PROD-3269,Total zero tolerance throughput,electronics,2,574.54,2025-11-28 17:48:44,cancelled,paypal,Bangladesh,Ericburgh,1149.08,2025,11,28,high,2026-06-04T17:00:44.940418
d1d599f5-ad8b-43a3-9bef-5b92a0eb9ae4,90ca5de5-bfa7-4215-b76c-af2a56567b43,Janet Blackwell,oprice@example.org,PROD-2100,Adaptive uniform hardware,sports,3,578.67,2026-03-07 13:16:13,completed,credit_card,Central African Republic,South Johntown,1736.01,2026,3,7,high,2026-06-04T17:00:44.940418
e86f78f9-dbc8-427c-9650-3168d8d68641,35caca6a-57ac-466d-a138-49fca7ce1fb3,Robin Jones,zachary97@example.com,PROD-8154,Cloned fault-tolerant firmware,clothing,1,413.86,2025-08-06 22:28:40,pending,credit_card,Saint Pierre and Miquelon,Teresahaven,413.86,2025,8,6,high,2026-06-04T17:00:44.940418
c416d0b5-8624-4da6-bf55-68c9200077a8,bd81fbf2-3487-4d62-a659-835c4c2a854a,Daisy Lewis,lunajessica@example.org,PROD-1822,Profound system-worthy product,electronics,10,90.88,2025-08-09 16:17:42,completed,credit_card,Cayman Islands,Donaldshire,908.8,2025,8,9,high,2026-06-04T17:00:44.940418
6fdb1865-dcb2-4a59-9f72-6e531345fb0a,bf075544-c30e-496b-8af8-341f04e71b76,Diana Gonzalez,tiffanygibson@example.org,PROD-7000,Focused didactic benchmark,food,7,685.1,2025-08-03 23:14:04,completed,credit_card,India,Mariashire,4795.7,2025,8,3,high,2026-06-04T17:00:44.940418
128a9d19-e79e-4559-908f-809e8953a68f,f9891fae-3f6c-4a67-be66-1f540898d40e,Teresa Ellis,david41@example.com,PROD-7703,Synchronized dynamic frame,electronics,5,360.43,2025-07-09 08:00:38,pending,credit_card,Hungary,Port Whitney,1802.15,2025,7,9,high,2026-06-04T17:00:44.940418
09a002e4-e7dc-4ecb-9e28-385e1cb49b3f,671b06d5-6df3-4c13-ba0b-d8ddd6b59abf,Eric Bell,ynichols@example.com,PROD-3237,Triple-buffered 24hour neural-net,food,7,601.39,2026-05-09 09:21:51,cancelled,paypal,Solomon Islands,South Jeremymouth,4209.73,2026,5,9,high,2026-06-04T17:00:44.940418
38958fa0-ffca-483c-98ee-ace5c701bf42,13ac0f29-b5f4-48ee-8133-a0080316aacb,Kenneth Mcmillan,larrychambers@example.com,PROD-9878,Synergistic object-oriented product,sports,8,715.77,2026-05-17 08:37:18,completed,credit_card,Guadeloupe,East Amanda,5726.16,2026,5,17,high,2026-06-04T17:00:44.940418
c08fcf81-aa48-4c4a-b16e-8bdadd3df81d,f9e2c344-5617-4d1f-8153-98c370ccf783,Erica Nguyen,pbell@example.com,PROD-8824,Function-based zero tolerance definition,clothing,7,115.37,2026-05-08 01:01:37,cancelled,paypal,Ethiopia,Jakefurt,807.59,2026,5,8,high,2026-06-04T17:00:44.940418
32ca0717-3620-4326-bb35-1788b83a1912,40ceb2a3-e328-41d0-8795-abab9f999dc6,Chelsea Jones,solomoncharles@example.net,PROD-3099,Re-contextualized leadingedge open architecture,books,3,526.75,2026-01-28 23:02:07,pending,bank_transfer,Saint Helena,Lopezborough,1580.25,2026,1,28,high,2026-06-04T17:00:44.940418
ab24edea-8295-403d-b30d-c36752fb2763,b943f371-9780-4b1e-8d78-5bcef9545393,Steven Dennis,tjensen@example.com,PROD-5328,Synergized client-driven budgetary management,clothing,10,581.81,2026-01-31 20:35:31,completed,credit_card,Serbia,Lake Christopher,5818.1,2026,1,31,high,2026-06-04T17:00:44.940418
a2d7d046-e4ce-4aaf-aaf9-9345028e66cc,18159a00-b82f-4bad-b7e9-9439ed92ac2b,Marie Stewart,susanbuck@example.net,PROD-4121,Profit-focused executive strategy,food,7,698.75,2026-01-04 06:51:49,completed,credit_card,Haiti,South Christina,4891.25,2026,1,4,high,2026-06-04T17:00:44.940418
52012665-8d79-46ad-aacd-f8413c6b8a20,0ca43728-55d5-4df6-8dba-519a62c58184,Fred Young,jillian01@example.org,PROD-5327,Public-key encompassing projection,electronics,4,554.18,2025-07-12 07:10:15,completed,bank_transfer,Slovakia (Slovak Republic),South Steven,2216.72,2025,7,12,high,2026-06-04T17:00:44.940418
e49df055-dc97-44ac-b2c4-30ca77ea33de,0c40042d-f6b2-404b-adc4-6288a52d057c,Adrian Hernandez,castillogeorge@example.net,PROD-2506,Devolved even-keeled strategy,clothing,8,478.42,2026-01-22 21:44:10,pending,paypal,Wallis and Futuna,Jenkinsport,3827.36,2026,1,22,high,2026-06-04T17:00:44.940418
c5295b1d-87c7-4801-b943-0e26f7ff71d5,015f2090-3d1c-4be7-95ea-1dc8a322d72f,Arthur Clark,singhkristina@example.org,PROD-5158,Advanced background Internet solution,clothing,5,904.31,2025-11-17 21:07:58,completed,credit_card,Bangladesh,West Emily,4521.55,2025,11,17,high,2026-06-04T17:00:44.940418
20b21996-9c2a-402b-b88d-6b969a7b2391,0a55ff07-9b0c-4adc-9982-a81390379804,Andre Miller,michaelcox@example.com,PROD-8398,Cross-platform incremental hub,clothing,1,286.68,2025-12-02 11:41:15,completed,bank_transfer,Syrian Arab Republic,Lake Dylan,286.68,2025,12,2,high,2026-06-04T17:00:44.940418
08962479-f616-4b90-90b6-3e01672f32c5,bf74bfac-4c36-4171-ad93-b319a906dbfc,Brandy Thomas,lutzrobert@example.org,PROD-2371,Face-to-face scalable circuit,clothing,2,878.69,2025-09-17 06:35:06,pending,credit_card,North Macedonia,Port Robinborough,1757.38,2025,9,17,high,2026-06-04T17:00:44.940418
14032a1c-d26a-4e3f-88c8-123f994aeda0,10d132e6-7149-4055-a506-aa8e47b69169,Daniel Knight,patriciaobrien@example.net,PROD-2241,Adaptive motivating artificial intelligence,sports,6,770.12,2025-07-18 10:19:21,pending,paypal,Greece,Robinsonmouth,4620.72,2025,7,18,high,2026-06-04T17:00:44.940418
ca439242-4b8d-4bea-9058-5f6ae07139ce,a7958ead-9746-4ae4-8eda-a4b56fbd00c5,Nathan Nelson,melendezrebecca@example.com,PROD-6114,Front-line responsive analyzer,sports,6,290.12,2025-07-23 19:19:04,completed,credit_card,Sierra Leone,East Juliafurt,1740.72,2025,7,23,high,2026-06-04T17:00:44.940418
8328fb61-fb2c-4fa4-b90d-5ffe6b128196,c0b07af9-8e9f-439f-9992-0519514d1c08,Rachel Smith,fowlerbarry@example.com,PROD-7387,Customer-focused demand-driven concept,electronics,1,181.19,2026-04-09 00:13:41,completed,paypal,Gabon,Port William,181.19,2026,4,9,medium,2026-06-04T17:00:44.940418
840c8b14-217a-4caa-b4ba-da0d3624fe59,3cf5da6b-1d57-4dfd-8029-5196249836e0,Joseph Tucker,kimberlytaylor@example.org,PROD-3089,Virtual national Internet solution,books,3,829.49,2025-06-25 17:51:27,completed,bank_transfer,Palestinian Territory,Schneiderchester,2488.47,2025,6,25,high,2026-06-04T17:00:44.940418
521e63eb-0d4c-44eb-a6e4-049b7129ab17,cb49ba89-5992-452e-b94f-562a2c56ed35,Jason Kelly,christian76@example.net,PROD-6284,Ergonomic secondary benchmark,food,3,587.18,2025-07-24 23:30:13,cancelled,credit_card,Cuba,Port Luischester,1761.54,2025,7,24,high,2026-06-04T17:00:44.940418
02340e1f-e402-478b-9679-91fff698f507,54a51fff-7585-4ecf-a5b2-50c575937917,Madison Cole,pbrown@example.org,PROD-3208,Customer-focused optimal moderator,sports,4,549.7,2026-03-27 03:58:03,completed,bank_transfer,Lesotho,Heatherfort,2198.8,2026,3,27,high,2026-06-04T17:00:44.940418
c7cdab07-d0a7-4bf6-af46-4a0a40bdeb6e,729f2313-13e2-41e9-b13e-ffaedbdbc96b,Nicole Riddle,mmiller@example.org,PROD-7784,Re-engineered homogeneous productivity,clothing,5,576.48,2025-09-06 09:16:43,completed,bank_transfer,Malaysia,Port Melanie,2882.4,2025,9,6,high,2026-06-04T17:00:44.940418
4df5627b-3c8a-4cc4-ae9a-e65d9f258020,638d8f07-04f3-43c4-b54c-f6b17cedfd5a,Casey Lewis,christinerivera@example.org,PROD-6320,Managed neutral archive,sports,10,649.14,2026-04-26 15:29:53,pending,paypal,Costa Rica,Benjaminshire,6491.4,2026,4,26,high,2026-06-04T17:00:44.940418
3751add5-a108-407d-a83a-a420c84d4ee9,c5bcff3c-e34f-4ff6-8cfd-6c07661ddd67,Danielle Smith,ohurley@example.net,PROD-7363,Customizable homogeneous time-frame,sports,1,874.93,2026-05-19 16:57:37,pending,credit_card,Netherlands,Davidborough,874.93,2026,5,19,high,2026-06-04T17:00:44.940418
cb2d3b9a-07e8-4a94-abc4-fe89dc368816,e857b040-8faa-4c46-b323-38eeb9ce3e79,Timothy Blake,williamspaula@example.com,PROD-8151,Optional impactful core,food,1,258.64,2026-05-01 10:57:50,completed,credit_card,Samoa,East Susan,258.64,2026,5,1,high,2026-06-04T17:00:44.940418
aaae3e47-079b-43f0-871f-c7b873a802b9,dd8dcf06-ba37-4eff-a03c-d4b3131f8712,Laura Mathews,turnerwilliam@example.org,PROD-8348,Multi-layered optimal model,clothing,8,304.11,2025-11-23 14:10:59,pending,bank_transfer,Tuvalu,Megantown,2432.88,2025,11,23,high,2026-06-04T17:00:44.940418
9060d3d6-2867-4d2c-b582-864ae5870294,40dd1c9c-88eb-4bf7-b069-1a18142a9037,Tiffany Jacobs,matthewbender@example.net,PROD-8150,Networked asymmetric access,sports,4,29.61,2026-01-04 03:10:03,pending,credit_card,Fiji,Wallaceborough,118.44,2026,1,4,medium,2026-06-04T17:00:44.940418
d2882a0d-17e4-4e7a-adfe-91147bc54166,f1019a36-9cff-40dd-81da-9615d92a7e63,John Brown,adam19@example.org,PROD-5477,Diverse 6thgeneration workforce,clothing,9,297.36,2025-08-05 23:47:00,completed,credit_card,Cocos (Keeling) Islands,Coxborough,2676.24,2025,8,5,high,2026-06-04T17:00:44.940418
1f3fd24f-a516-4a84-aa21-811d304db62c,295e4185-c6e5-49da-b799-ccf0f7444a94,Mrs. Lisa Morgan MD,nicholasramirez@example.com,PROD-6926,Total multi-state leverage,electronics,8,411.26,2026-01-25 12:54:03,cancelled,paypal,Slovenia,North Melissa,3290.08,2026,1,25,high,2026-06-04T17:00:44.940418
f9e3ba7d-8d52-44d0-bba7-741b4533032a,c3bff909-0fa8-46b7-b311-bbb1bed4542a,Michelle Robertson,cmcgrath@example.com,PROD-1983,Versatile demand-driven time-frame,food,6,886.23,2026-04-17 19:13:08,pending,credit_card,Niger,Lake William,5317.38,2026,4,17,high,2026-06-04T17:00:44.940418
f3dd7a00-7796-4054-8d45-ecbaf03bf210,6e848591-8b69-433b-aaf5-0a124289929b,Adam Burke,riversheather@example.com,PROD-1554,Horizontal uniform conglomeration,books,10,85.24,2026-02-10 07:09:00,completed,paypal,Rwanda,Williamstown,852.4,2026,2,10,high,2026-06-04T17:00:44.940418
40f6e5c1-3d09-47c3-b874-aa58f021c570,8075a218-f3c4-4f5d-a834-944d7fd287f4,Mary Boyd,mark29@example.org,PROD-6463,Quality-focused 24hour architecture,food,10,57.23,2026-03-20 12:26:14,completed,bank_transfer,Moldova,East Candace,572.3,2026,3,20,high,2026-06-04T17:00:44.940418
e965f564-1d11-4d05-98d3-4e70cde5b311,2f4e00a8-c76f-4649-b3af-3271533121b2,Anthony Banks,katelynwalker@example.com,PROD-5680,Operative tertiary circuit,clothing,10,833.95,2026-01-25 07:22:34,cancelled,credit_card,Kazakhstan,Whitefurt,8339.5,2026,1,25,high,2026-06-04T17:00:44.940418
a2bf6369-11ef-4d20-8f5f-667952f20d3b,ffaeb805-0423-479e-bd7a-cdc1a8217e28,Steven Powell,charlesmoore@example.net,PROD-9783,Reverse-engineered system-worthy structure,clothing,6,285.03,2025-11-03 06:47:23,cancelled,bank_transfer,Madagascar,North Michaelberg,1710.18,2025,11,3,high,2026-06-04T17:00:44.940418
22cc83e1-7920-4525-aa91-c5bda3801e74,9d267029-2772-4620-9823-625f91656163,Darrell Lane,emily88@example.net,PROD-8745,Exclusive client-driven ability,clothing,2,408.06,2026-05-09 18:19:14,pending,credit_card,Guinea,Port Terriport,816.12,2026,5,9,high,2026-06-04T17:00:44.940418
1df1eab6-0c22-4754-ae49-0cbe7df0e7c9,92c22aa4-71e9-4f20-b11e-64f3c1cf5d66,John Shelton,asutton@example.org,PROD-3770,Cloned asymmetric model,electronics,9,130.34,2025-07-07 15:33:51,completed,paypal,Cyprus,Brendaport,1173.06,2025,7,7,high,2026-06-04T17:00:44.940418
4822b416-e5b6-4a07-bea0-05a6356fdcef,bf877521-bf6a-4c4b-b9da-882ff802f512,Susan Rodriguez,zgibson@example.org,PROD-6588,Streamlined client-driven website,books,9,342.91,2026-03-15 22:30:46,pending,credit_card,San Marino,Port Aprilborough,3086.19,2026,3,15,high,2026-06-04T17:00:44.940418
373bfaef-5cc0-4d4f-889f-ac653c547641,1879094e-bffc-465a-96a6-6581cbe83bba,Patrick Garner,christopherwilliams@example.org,PROD-5966,Persevering directional analyzer,sports,7,536.78,2025-06-02 08:21:26,completed,paypal,Wallis and Futuna,East Kaylee,3757.46,2025,6,2,high,2026-06-04T17:00:44.940418
9bebc649-4b6e-4eab-8d04-d3109ee4c41e,f2f45125-7f57-4669-b65c-c00946d5602a,Donna Garcia DDS,umclean@example.org,PROD-1746,Team-oriented demand-driven secured line,books,1,592.35,2026-05-02 18:06:50,pending,paypal,Malawi,North Jenniferberg,592.35,2026,5,2,high,2026-06-04T17:00:44.940418
57055517-ef2a-427d-bc63-52fa73668b1a,52001cbd-6893-45cd-8dbf-d7c32210668c,Rodney Martinez,trujillowilliam@example.org,PROD-4511,Cross-platform discrete orchestration,books,6,329.15,2026-05-23 19:57:00,completed,bank_transfer,Mayotte,Patrickside,1974.9,2026,5,23,high,2026-06-04T17:00:44.940418
afb95f17-7e0c-45d8-8aea-4bd69eb14d3a,26974360-57a4-496f-8908-5eed2272c697,Jessica Jackson,tracy92@example.com,PROD-1733,Self-enabling static process improvement,clothing,6,648.69,2026-04-04 16:09:54,completed,credit_card,Saint Kitts and Nevis,Erinton,3892.14,2026,4,4,high,2026-06-04T17:00:44.940418
120fb2af-d25d-4f07-adb2-82b0aa8ac16f,ffa96811-23f1-430a-a0a8-f8119fc4f86b,Kelly Mcdonald,stuartthomas@example.net,PROD-4872,Object-based well-modulated functionalities,electronics,1,83.5,2026-01-27 09:08:24,pending,credit_card,China,Port Andrewfurt,83.5,2026,1,27,medium,2026-06-04T17:00:44.940418
7fab99ff-b85c-46ab-b69a-027dcdeb595d,53e694f1-7c6f-4c0f-829d-0b9681da09fc,Angela Hubbard,perkinslawrence@example.org,PROD-3066,Universal grid-enabled knowledge user,food,5,20.44,2026-04-15 21:56:01,completed,bank_transfer,Grenada,Clinetown,102.2,2026,4,15,medium,2026-06-04T17:00:44.940418
d8fecc40-141d-4d86-bbd9-dbea46c9537d,d911469d-2ef5-4c86-a029-e8f2a56c0cf8,Tina Smith,john36@example.com,PROD-2934,Function-based real-time analyzer,electronics,7,886.02,2026-05-14 05:43:03,cancelled,paypal,Marshall Islands,West Justinville,6202.14,2026,5,14,high,2026-06-04T17:00:44.940418
136419e9-efd4-4f9b-a863-22d04884a556,76c5cee5-e74a-4973-8d2c-d20630bf82a0,Janice Garza,glopez@example.com,PROD-5881,Future-proofed executive pricing structure,sports,5,912.62,2025-07-17 08:00:08,completed,bank_transfer,Albania,Alvarezfurt,4563.1,2025,7,17,high,2026-06-04T17:00:44.940418
ce51cc71-8e74-4f40-9c2c-86e8c232b0b2,14695971-b5a4-4a0a-af93-7d54d78a4adf,Samuel Jones,donna99@example.org,PROD-3768,Ergonomic scalable system engine,food,7,443.97,2026-01-06 17:20:10,cancelled,bank_transfer,Ukraine,Juliamouth,3107.79,2026,1,6,high,2026-06-04T17:00:44.940418
481e4b39-9a82-464a-aa27-4294d81e71de,43ef5406-e00e-4490-8d4b-34f263e97ecc,Megan Stevenson,smithrebecca@example.org,PROD-3084,Balanced multimedia benchmark,food,9,837.84,2025-06-06 23:55:34,cancelled,bank_transfer,Switzerland,Tiffanyshire,7540.56,2025,6,6,high,2026-06-04T17:00:44.940418
42f1552b-9f6c-4f75-ac19-2fa6382cf086,32277ba2-24a5-4df3-9816-786998ad7d26,Karen Williams,greendana@example.org,PROD-1951,Self-enabling incremental website,books,9,681.65,2025-06-10 13:08:20,pending,bank_transfer,Afghanistan,New Megan,6134.85,2025,6,10,high,2026-06-04T17:00:44.940418
4c0d4802-cf30-47d1-9241-9f1f99bc099b,ae947150-45c6-4c29-8eb0-d3de5c35c7e5,Megan Adams,othompson@example.com,PROD-1561,Polarized background frame,books,2,620.02,2025-08-17 06:24:04,pending,bank_transfer,Ghana,North Michelle,1240.04,2025,8,17,high,2026-06-04T17:00:44.940418
80e16c4b-f027-4ec2-a4b3-c9856a9e6e8e,622f7fcf-e807-444d-92e6-dd02cd6ebe3b,Richard Ross,christopheradams@example.org,PROD-2819,Exclusive multi-state moderator,food,5,957.6,2025-08-10 12:03:59,pending,credit_card,Guyana,Petersonport,4788.0,2025,8,10,high,2026-06-04T17:00:44.940418
081a929d-7f06-482c-a68e-7b3289274bea,d05919f6-8d52-4adc-89c3-1ff0466157cf,Mary Short,bbartlett@example.org,PROD-5581,Persistent explicit interface,books,6,185.94,2026-01-08 14:16:18,cancelled,bank_transfer,Russian Federation,West Melissa,1115.64,2026,1,8,high,2026-06-04T17:00:44.940418
ddc2446a-9a75-47a0-8672-1389a0fef57f,7545c699-d3b6-4316-831a-dc41de622cdb,Megan Shannon,cmoreno@example.com,PROD-2162,Innovative multi-state pricing structure,food,9,800.72,2025-06-11 13:59:44,completed,bank_transfer,Timor-Leste,Griffinside,7206.48,2025,6,11,high,2026-06-04T17:00:44.940418
4b3c5e8b-cc24-4cca-b93a-82b2d6a1152c,150ce517-cd8a-43a3-a004-988f530219f5,David Mora,bfowler@example.net,PROD-2920,Adaptive tertiary structure,sports,10,538.78,2025-08-14 11:16:27,pending,credit_card,Cuba,Lake Carlyborough,5387.8,2025,8,14,high,2026-06-04T17:00:44.940418
703fe71c-e28d-4b89-87c3-0cda4b358f35,120a5d85-bb55-472a-9a65-0886d63441db,Larry Hernandez,charding@example.com,PROD-3901,Upgradable dedicated artificial intelligence,sports,4,120.45,2026-04-12 14:33:10,completed,bank_transfer,Nepal,North Diana,481.8,2026,4,12,high,2026-06-04T17:00:44.940418
18f0f17a-00fe-4ae3-96d7-8e2d8a1e900c,9a05adcd-abc0-4651-8877-98024b69fa7b,Steven Hicks,gaildominguez@example.org,PROD-4874,Robust analyzing solution,electronics,6,55.82,2026-02-01 18:33:31,pending,paypal,Brunei Darussalam,Youngville,334.92,2026,2,1,high,2026-06-04T17:00:44.940418
f33c4445-4c86-4d61-9c02-2b20ded89262,67e60493-04aa-43fe-a628-4eaea287759c,Kayla Lambert,harveykatrina@example.org,PROD-8599,Front-line leadingedge benchmark,food,5,960.36,2025-07-27 21:28:15,cancelled,bank_transfer,Estonia,Christineville,4801.8,2025,7,27,high,2026-06-04T17:00:44.940418
1490e897-5935-4ba9-b72b-a1e3f2ad91df,e57ca52d-ee4f-4dd1-958c-f79fa3904536,Connie Stewart,murraybrenda@example.com,PROD-7118,Digitized dedicated definition,clothing,4,758.99,2026-01-09 16:45:04,pending,bank_transfer,Venezuela,Port Donald,3035.96,2026,1,9,high,2026-06-04T17:00:44.940418
e3e156e9-a5a4-4022-8817-7fd0e5bfdadf,72a3a22a-2892-4041-a5f9-5c615935ddcb,Amy Hernandez,robinsonlinda@example.net,PROD-8151,Public-key zero-defect superstructure,electronics,2,618.58,2026-04-11 09:15:41,pending,credit_card,Myanmar,Kylefort,1237.16,2026,4,11,high,2026-06-04T17:00:44.940418
5962ba7d-fcb7-483c-aa8e-6281f29913f3,657a18a6-70e4-4db9-8f84-ce3664334cba,Kendra Sosa,xtaylor@example.com,PROD-2849,Re-contextualized holistic system engine,electronics,3,404.06,2026-05-11 01:10:08,pending,paypal,Guernsey,East Tonyborough,1212.18,2026,5,11,high,2026-06-04T17:00:44.940418
fde58d71-9d7f-49af-ae15-42bef9cb17c2,bf298931-6e53-46bb-b785-a5e1c55a4f74,Jasmine Ortiz,phillipsgeoffrey@example.com,PROD-9494,Organic next generation time-frame,electronics,8,647.76,2025-05-29 02:09:01,completed,bank_transfer,United States of America,West Garrettland,5182.08,2025,5,29,high,2026-06-04T17:00:44.940418
25f57a83-0e0f-4e54-9542-9e32069dc001,3a0a7da8-d8db-48c1-927f-a5a13cd876bc,Marvin Robertson,grayangelica@example.com,PROD-5640,Intuitive fault-tolerant Local Area Network,food,6,741.13,2026-03-15 21:07:51,completed,credit_card,Myanmar,Sanchezville,4446.78,2026,3,15,high,2026-06-04T17:00:44.940418
d718d2ba-e0a5-436f-a149-d18db4ab6f17,05536176-b077-4722-bfa3-765d066e6288,Jasmin Gibson,michaeljones@example.org,PROD-1764,Optional empowering software,sports,4,900.68,2026-04-02 07:11:07,pending,bank_transfer,Nicaragua,South Joshuabury,3602.72,2026,4,2,high,2026-06-04T17:00:44.940418
1a5abbf5-6d10-4ff8-808e-696ffef2921f,617b9e03-575b-4674-8219-338b9229731f,Michael Murphy,dbailey@example.org,PROD-2769,Exclusive disintermediate structure,food,5,78.67,2025-09-07 00:56:35,pending,bank_transfer,Greece,East Jeffreyhaven,393.35,2025,9,7,high,2026-06-04T17:00:44.940418
8eeb696f-39e4-44ba-89b1-f1ddf8159fb5,5f764819-ca31-411d-932f-8904237b95ee,Christopher Avila,sclark@example.org,PROD-3526,Ameliorated exuding policy,electronics,6,392.64,2026-03-30 20:20:20,pending,bank_transfer,Angola,New Davidmouth,2355.84,2026,3,30,high,2026-06-04T17:00:44.940418
c5ff7623-210f-4e55-a6e3-a1d0a51c066a,0c42c340-03e4-4615-8812-63664e5e9a7c,Gabrielle Woods,cgomez@example.net,PROD-3563,Seamless national solution,electronics,4,718.54,2025-09-05 14:57:30,pending,paypal,Antigua and Barbuda,South Danielburgh,2874.16,2025,9,5,high,2026-06-04T17:00:44.940418
b16c08e2-b543-4374-9d8d-b884634c4052,1c9f4da1-22c7-4508-9b33-24d408370ab6,Gabrielle Smith,georgehanson@example.net,PROD-9716,Mandatory leadingedge ability,books,6,574.81,2025-06-17 01:09:27,pending,credit_card,Kazakhstan,Ortizmouth,3448.86,2025,6,17,high,2026-06-04T17:00:44.940418
96c0f668-99af-4944-aa15-4142f08e677e,698cd7c2-77bd-49a9-aa38-0c536d8f7c5a,Damon Gross,angelica94@example.org,PROD-7157,Innovative disintermediate collaboration,electronics,6,297.66,2025-11-04 23:59:25,pending,bank_transfer,Cayman Islands,Zamoraside,1785.96,2025,11,4,high,2026-06-04T17:00:44.940418
f126c1de-2132-42c9-b09a-0dfc2af36313,e2b8df8a-4a26-46d3-bdc6-e3039c7f98c8,Derek Jenkins,xpierce@example.net,PROD-9063,Versatile clear-thinking project,electronics,2,11.84,2025-09-26 18:37:49,cancelled,paypal,Finland,North Paulton,23.68,2025,9,26,low,2026-06-04T17:00:44.940418
7b716301-6469-42c7-adbd-d3ae2a3e1f26,3c05ac2f-8dc6-448a-ae8a-55085f7ecdbe,Todd Stewart,carol65@example.org,PROD-1252,Fundamental clear-thinking access,food,8,955.16,2025-11-17 21:02:12,pending,credit_card,Venezuela,Frankview,7641.28,2025,11,17,high,2026-06-04T17:00:44.940418
3abd38cb-639e-4b5a-a30b-4c32a1611784,b3974f09-b5dc-4fd1-a8df-4de774277725,William Martinez,andre19@example.org,PROD-7121,Programmable methodical hierarchy,food,1,779.41,2025-12-20 13:37:00,cancelled,credit_card,Peru,Greeneland,779.41,2025,12,20,high,2026-06-04T17:00:44.940418
5d9e736f-5bcd-4198-a556-34302ec79c9f,a5118d94-ea30-45dc-bc8a-270a823f2852,Jean Baker,emmabass@example.net,PROD-9041,Fully-configurable dynamic definition,books,2,720.48,2025-07-24 23:29:15,completed,paypal,Colombia,Port Danielland,1440.96,2025,7,24,high,2026-06-04T17:00:44.940418
fc8cba80-f3a0-4c2c-9859-e94b33917e86,db656142-c7d4-4cba-b80c-931fb6653421,Kimberly Ross,rachelallen@example.net,PROD-3523,Cross-group 5thgeneration website,books,5,471.24,2025-10-24 05:26:27,cancelled,paypal,Jamaica,Lake Stephen,2356.2,2025,10,24,high,2026-06-04T17:00:44.940418
cca5143d-bb7b-4e2a-bfeb-5b1b38868a76,20d9ec1b-a356-403f-8dee-51e5dffc8318,Laurie Schmidt,ucrane@example.com,PROD-1646,Pre-emptive leadingedge matrices,books,7,911.68,2026-04-27 14:51:29,completed,paypal,Bangladesh,Joshuaport,6381.76,2026,4,27,high,2026-06-04T17:00:44.940418
8d63261c-a82a-4745-8ed5-1eab72ff28d1,f8f53cf5-c0f0-4069-9270-3a23ad769a83,Derek Brown,jmack@example.org,PROD-7907,Digitized intermediate encryption,food,10,840.98,2026-03-30 23:58:41,pending,credit_card,Yemen,North James,8409.8,2026,3,30,high,2026-06-04T17:00:44.940418
b0ccb80f-b158-4fe5-8406-c440a4f356cf,5086e892-41b6-4170-90ad-5413ccb910dd,Andrew James,norma75@example.com,PROD-6171,Organic secondary moderator,sports,7,756.99,2025-06-26 16:57:06,pending,bank_transfer,Cayman Islands,Flynnland,5298.93,2025,6,26,high,2026-06-04T17:00:44.940418
e4437e32-a006-4bb8-a6dc-555da4e21a22,a415ca36-c8d3-463e-9af7-064bc6f7adf3,Timothy Jensen,henry48@example.com,PROD-4111,Reduced reciprocal capability,books,3,687.47,2025-09-30 11:18:16,completed,bank_transfer,Mozambique,Smithchester,2062.41,2025,9,30,high,2026-06-04T17:00:44.940418
396b441a-2165-4c6c-8ccd-034333d33a9e,290405e6-a406-4dba-a5d3-d8e3b89411d9,April Gibson,colestacy@example.net,PROD-3442,Configurable system-worthy artificial intelligence,sports,2,636.68,2025-07-05 11:34:21,cancelled,credit_card,Libyan Arab Jamahiriya,Kingmouth,1273.36,2025,7,5,high,2026-06-04T17:00:44.940418
e1193557-8ce5-4c4d-9f6b-177bfffb2335,24504b5d-bbeb-4d7e-96d1-154100e0d7b1,Julia Landry,shane69@example.com,PROD-4097,Robust discrete interface,books,6,614.83,2026-04-23 03:40:47,cancelled,credit_card,Burundi,New Sheila,3688.98,2026,4,23,high,2026-06-04T17:00:44.940418
cc1b2f2f-7aea-419e-a5ee-5372d1118efb,6088b65c-cfbf-4ab9-a64f-85e975fe7265,Brandon Cain,petersrichard@example.com,PROD-9975,Secured leadingedge artificial intelligence,electronics,3,171.0,2025-11-01 04:07:53,pending,paypal,Sierra Leone,Maryland,513.0,2025,11,1,high,2026-06-04T17:00:44.940418
1481c3eb-af16-4d65-b754-bcf1a46c067e,9c7e5bda-d5dd-4d9f-a259-08f34f443ca0,Laura Church,holdenjoseph@example.com,PROD-8898,Multi-channeled analyzing info-mediaries,sports,8,382.07,2025-12-13 08:19:21,cancelled,credit_card,Taiwan,Oliverton,3056.56,2025,12,13,high,2026-06-04T17:00:44.940418
690e30c6-6751-40ab-9e0d-16ecf806a043,e4b59730-ea19-4352-9993-dc928889e87d,Gary Hansen,francisjasmine@example.org,PROD-8586,Proactive human-resource interface,clothing,8,632.35,2026-02-03 12:47:15,cancelled,paypal,Timor-Leste,West Michael,5058.8,2026,2,3,high,2026-06-04T17:00:44.940418
bfcdf881-7d0f-425d-a9a7-70766f70c76f,af628c91-28b8-4906-97b2-2394baaae252,Todd Blackwell,amiddleton@example.com,PROD-8924,Front-line coherent challenge,books,9,14.79,2026-04-07 11:08:12,pending,bank_transfer,Saint Vincent and the Grenadines,South Shirleyfurt,133.11,2026,4,7,medium,2026-06-04T17:00:44.940418
371b39a8-e866-44cc-bb9d-3cb1f71e34fb,56016e98-8f61-44b4-989a-e466e456bbf6,Rachel Myers,garyhaynes@example.net,PROD-2187,Extended transitional pricing structure,food,8,489.08,2026-03-12 14:51:31,pending,bank_transfer,Cambodia,Cynthiaview,3912.64,2026,3,12,high,2026-06-04T17:00:44.940418
91dbcd7c-380d-4df2-a0a6-9a514c0d4bb6,5edd0604-f6ec-4990-b524-f4e737167f60,Amy Garcia,ncruz@example.org,PROD-7935,Enhanced eco-centric access,sports,7,574.7,2025-06-05 11:19:36,completed,paypal,American Samoa,Lake William,4022.9,2025,6,5,high,2026-06-04T17:00:44.940418
9952a686-a883-4c90-ab6a-36c6b357b4dd,c3160e8d-09ea-4a4b-b356-043dc98e2a8c,Kara Wheeler,nelsonalbert@example.com,PROD-9816,Devolved 3rdgeneration neural-net,clothing,6,766.73,2025-07-29 11:06:26,completed,bank_transfer,Greenland,Pattytown,4600.38,2025,7,29,high,2026-06-04T17:00:44.940418
e5d77552-67cd-49d9-9b23-7e214f7744d3,92402324-0cbb-411a-a258-df66d06db09c,Timothy Allen,teresa05@example.com,PROD-2949,Multi-lateral bandwidth-monitored hierarchy,food,2,762.76,2026-05-03 13:15:28,completed,paypal,Norfolk Island,New Jane,1525.52,2026,5,3,high,2026-06-04T17:00:44.940418
4bf18cd2-2438-4596-979d-1bbc014fba45,a2b35970-4694-4dd7-87ee-ad70998f4905,Yesenia Kelley,wilsonsandra@example.net,PROD-6780,Horizontal solution-oriented support,electronics,4,650.43,2026-02-15 13:30:45,pending,paypal,Grenada,North Todd,2601.72,2026,2,15,high,2026-06-04T17:00:44.940418
bdb26c97-6cd1-44b5-af53-9b5c0b875868,46197b49-050e-40b2-b915-dc6e8f0263d6,Stephen Gomez,anarichardson@example.org,PROD-9096,Optimized bi-directional focus group,sports,8,917.59,2025-08-26 21:19:14,cancelled,bank_transfer,Slovenia,Patrickbury,7340.72,2025,8,26,high,2026-06-04T17:00:44.940418
98ed4d77-f25a-47d5-9044-32c2fe45f4d6,c00ca013-2c0b-48cf-8cc3-2d78ac4e13f2,Joseph Walker,xhall@example.com,PROD-6845,Progressive object-oriented definition,clothing,4,413.16,2026-02-17 01:40:02,pending,bank_transfer,Tokelau,Paigeburgh,1652.64,2026,2,17,high,2026-06-04T17:00:44.940418
f1ab2f89-2a73-4a45-9937-dcbaf12246e7,823e8d3f-0aae-4b08-9274-74af29293307,Lisa Casey,ashley75@example.net,PROD-1056,Open-source encompassing success,sports,10,25.54,2026-02-14 21:49:09,pending,paypal,Liechtenstein,Port Steven,255.4,2026,2,14,high,2026-06-04T17:00:44.940418
c56b62e8-efe0-470a-8233-e3fcd34d84d1,9e7516f2-6432-4374-9fa3-b11466ad58d8,Manuel Wood,eduncan@example.net,PROD-3248,Open-source needs-based task-force,sports,2,131.9,2026-04-10 15:57:57,completed,paypal,China,East Ashley,263.8,2026,4,10,high,2026-06-04T17:00:44.940418
dacc6782-24c3-43a3-8ae1-6ecddc2cd67a,74bc3047-2b59-484f-ad84-2f6e51edf0cf,Wesley Mitchell,porterjane@example.net,PROD-7391,Focused disintermediate initiative,clothing,9,907.18,2026-05-08 19:34:22,cancelled,paypal,Trinidad and Tobago,West Albert,8164.62,2026,5,8,high,2026-06-04T17:00:44.940418
07695090-7617-4278-be63-c4567377e68d,fe241f1f-adb6-4e16-b840-25e1c3335608,Sara Chang,hmorris@example.com,PROD-3347,Focused neutral access,books,5,687.14,2026-05-01 08:43:43,cancelled,paypal,Belgium,Melindaville,3435.7,2026,5,1,high,2026-06-04T17:00:44.940418
7f21f43a-d204-4fef-91a4-8c66e0585daf,7cdc8ebb-8ba8-4931-a269-5728dc9e7e53,Pedro Miller,lopeztimothy@example.org,PROD-6675,Focused eco-centric hierarchy,clothing,1,876.6,2026-02-28 13:33:59,completed,bank_transfer,Bouvet Island (Bouvetoya),Lake Linda,876.6,2026,2,28,high,2026-06-04T17:00:44.940418
90e00336-954f-4bf7-b11d-048f944a4b38,b317f879-dca3-4956-b8f8-e9afd5b63373,Meredith Kidd,hornephyllis@example.com,PROD-5956,Synchronized uniform intranet,electronics,1,549.24,2025-08-18 01:51:43,pending,paypal,Barbados,Simmonsland,549.24,2025,8,18,high,2026-06-04T17:00:44.940418
8a66fdff-95a4-4b14-8d2f-0da6c8ce6b2f,a04dbdbc-d3f2-427b-a488-90f4c25d7e50,Joseph Figueroa,teresa58@example.org,PROD-8365,Cloned non-volatile project,clothing,9,187.19,2025-09-25 14:08:04,pending,credit_card,Peru,Hayesside,1684.71,2025,9,25,high,2026-06-04T17:00:44.940418
b1dc5aad-c6d5-4c3b-b1f0-7826690cf164,269acaef-a42d-4975-a58c-11d71dac200a,William Martinez,ashleythomas@example.net,PROD-1292,Networked high-level ability,electronics,4,84.07,2025-11-18 05:40:00,completed,paypal,Puerto Rico,Mariashire,336.28,2025,11,18,high,2026-06-04T17:00:44.940418
a0e5c657-d547-4deb-84b4-dc4348d4ec06,6abafe8b-cb8d-4839-b46b-6d5d34cfc61b,Amanda Boyd,nbailey@example.com,PROD-9806,Realigned interactive Graphic Interface,sports,2,103.51,2026-04-21 13:57:59,pending,credit_card,Honduras,South Heathershire,207.02,2026,4,21,high,2026-06-04T17:00:44.940418
d47acc89-6940-4ca2-8a1e-e4a50a523d43,4410da75-9945-4813-b53e-b2fb41742e7e,Leslie Matthews,leemelissa@example.com,PROD-8204,Compatible impactful orchestration,clothing,10,496.88,2026-04-07 02:19:34,completed,bank_transfer,Cook Islands,North Edward,4968.8,2026,4,7,high,2026-06-04T17:00:44.940418
c64a2942-f5eb-41fc-b091-e0ac2c52b0d0,3b544b79-07ec-4d53-a1c8-17e1ff3ace7d,Lisa Hernandez,beckervalerie@example.com,PROD-1307,Operative systematic Graphical User Interface,food,8,408.15,2025-08-31 23:03:28,cancelled,credit_card,Congo,Alexshire,3265.2,2025,8,31,high,2026-06-04T17:00:44.940418
f396c73f-0bb2-4f5e-b521-3c2a56c70412,4d644209-9a24-4c84-94fc-2550583ae51b,Timothy Perez,longjeanne@example.com,PROD-4254,Configurable systemic superstructure,books,10,876.57,2025-07-11 09:21:21,completed,paypal,Mongolia,Kristinmouth,8765.7,2025,7,11,high,2026-06-04T17:00:44.940418
46b57e1c-8543-4b96-9e9b-30d58a159658,b829dfee-835b-4c24-9a39-b50a6bf98135,Fernando Wong,katie42@example.com,PROD-5000,Customizable zero tolerance toolset,food,10,310.98,2025-12-18 05:45:45,pending,credit_card,Italy,Johnsonmouth,3109.8,2025,12,18,high,2026-06-04T17:00:44.940418
32f555ae-921c-42da-99a0-2b38b5c826db,0b62b899-32f7-47ea-a529-30e149e5e188,James Stafford,adrianstark@example.net,PROD-3483,Compatible next generation function,books,4,635.41,2026-03-23 08:14:34,completed,paypal,Portugal,Justinfurt,2541.64,2026,3,23,high,2026-06-04T17:00:44.940418
3a86ed46-b7b8-46ec-bb13-bab8c29f5325,b5a12c71-102b-4424-bbd8-3a7709def1ae,Austin Vaughan,michelle11@example.org,PROD-6631,Advanced background leverage,books,4,150.88,2025-10-23 22:38:51,cancelled,credit_card,French Southern Territories,Freemanborough,603.52,2025,10,23,high,2026-06-04T17:00:44.940418
ba4e2b84-1060-405a-982d-54063703c426,eeb55dc8-5d72-4426-99db-34cb099d357b,Scott Perry,asolis@example.net,PROD-3292,Self-enabling contextually-based concept,electronics,6,163.24,2026-03-18 00:49:12,pending,credit_card,Botswana,Emilyberg,979.44,2026,3,18,high,2026-06-04T17:00:44.940418
6ec5b28c-42f5-4df7-be62-bdeae47a3c85,3700d3b9-f510-454b-86ee-28ab5056494b,Kelly Arias,mrussell@example.org,PROD-4088,Extended mobile interface,sports,1,784.6,2025-11-09 00:57:07,completed,credit_card,Puerto Rico,Debratown,784.6,2025,11,9,high,2026-06-04T17:00:44.940418
4a975ff0-5df0-4f05-9db1-b825e81031d6,ee240319-a674-422b-b7b9-9dd18bead3af,Daryl Leonard,newtonjohn@example.net,PROD-4150,Front-line asynchronous groupware,books,3,302.46,2025-07-05 15:50:03,pending,bank_transfer,Cook Islands,Javierborough,907.38,2025,7,5,high,2026-06-04T17:00:44.940418
e0cda5d1-e5cb-48d7-990e-0e66e92aa8a8,4e17f542-f71d-4132-9f6f-3def2a9a220a,Wyatt Moore,michellehubbard@example.com,PROD-6914,Seamless needs-based methodology,clothing,9,772.9,2026-03-03 03:07:46,pending,paypal,Burkina Faso,Holttown,6956.1,2026,3,3,high,2026-06-04T17:00:44.940418
174daeef-9e4e-4e32-b4a1-3e50d42d70d1,f063c02c-2bf8-45da-91a3-2c79abb6deea,Gary Howard,fparks@example.com,PROD-4717,Expanded executive toolset,clothing,8,78.5,2025-09-08 23:02:33,completed,credit_card,Peru,West William,628.0,2025,9,8,high,2026-06-04T17:00:44.940418
349686a1-b061-4774-b723-70b441209b4c,0639508f-c8c4-4d1b-ad64-b980050f4a0e,Mr. Tristan Melton,renee09@example.net,PROD-8092,Total bottom-line neural-net,books,3,187.35,2025-06-06 18:22:06,cancelled,credit_card,Panama,Johnsonchester,562.05,2025,6,6,high,2026-06-04T17:00:44.940418
e9006077-f22c-4013-ba35-f2010a21b923,2c263455-9ce9-4439-826e-329f45dca73d,Matthew Pacheco,jamiejohnson@example.org,PROD-6568,Adaptive modular alliance,books,4,977.42,2025-10-10 05:35:05,pending,credit_card,Sao Tome and Principe,Cynthiachester,3909.68,2025,10,10,high,2026-06-04T17:00:44.940418
72d1855c-6be5-42ec-9133-0b7f2bdb0f79,c8c62b91-1ef4-42c3-b1bb-b71c6e918f0b,Christopher Ross,evan06@example.org,PROD-5782,Reduced needs-based database,sports,3,334.15,2026-05-06 13:34:04,pending,credit_card,Papua New Guinea,Moraleston,1002.45,2026,5,6,high,2026-06-04T17:00:44.940418
154b32ef-0687-440d-99ea-061ef663c220,30e08fdc-3181-45ab-9e7b-e7c42598a477,Ryan Lane,cortezkyle@example.net,PROD-6236,Realigned multi-tasking instruction set,sports,4,437.8,2025-08-12 16:00:00,completed,credit_card,India,North Dawnport,1751.2,2025,8,12,high,2026-06-04T17:00:44.940418
a683be45-97fc-46c9-92ba-52bc35a4b621,4b577dee-03de-4c01-ba5a-161c555876d4,Joseph Hudson,cwillis@example.net,PROD-6859,Optional high-level capacity,books,8,443.39,2026-02-21 09:13:55,cancelled,paypal,Uzbekistan,South Monicafort,3547.12,2026,2,21,high,2026-06-04T17:00:44.940418
188e4161-052b-4f39-8b2f-965ad7260675,253e9c13-f7bc-4a42-aa62-15727b38bb6b,Ashley Williams,brooke57@example.net,PROD-5199,Right-sized needs-based toolset,food,7,227.68,2026-03-25 19:34:41,pending,paypal,Comoros,West Rhonda,1593.76,2026,3,25,high,2026-06-04T17:00:44.940418
757768bb-98d6-4c6b-a4ae-ff0f3dd5a74a,01e12a19-be58-47f0-8d9f-7a3c35886a5f,Ricky Hendrix,alanyoung@example.org,PROD-5678,Implemented client-server algorithm,books,3,887.31,2025-05-27 04:22:29,completed,paypal,Mayotte,North Andrew,2661.93,2025,5,27,high,2026-06-04T17:00:44.940418
e89a2e74-b3ba-4338-a4b4-63b74720e955,81118a77-1612-49e1-ad87-0ea3d6e2095c,Melody Gray,chadcortez@example.com,PROD-6908,Up-sized heuristic implementation,electronics,2,549.51,2025-10-31 23:47:07,completed,paypal,Norway,Davidport,1099.02,2025,10,31,high,2026-06-04T17:00:44.940418
9378277e-a00b-4117-8863-d669db01e35f,edde8faa-2dd8-407e-bdbe-33d4d3405764,Jacob Rodriguez,omichael@example.net,PROD-6909,Total 24hour groupware,electronics,6,907.43,2025-10-21 00:42:55,cancelled,paypal,Antarctica (the territory South of 60 deg S),Phillipsshire,5444.58,2025,10,21,high,2026-06-04T17:00:44.940418
f633b5d4-d352-448e-a8f2-1fa8d8d2102e,7f801486-b409-4da4-a72a-ece83e0cce7a,Elizabeth Roach,danielanita@example.net,PROD-5444,Integrated neutral middleware,food,5,234.36,2026-05-07 12:35:15,pending,bank_transfer,Heard Island and McDonald Islands,North Jasonfort,1171.8,2026,5,7,high,2026-06-04T17:00:44.940418
4359b92c-ea67-4f9b-b8d8-b15d86c5cc33,097bc8ed-52a3-44eb-ab44-6a06d6f7b400,Jonathan Williams,kennedylaura@example.org,PROD-2248,Configurable needs-based moratorium,food,1,748.21,2026-03-14 00:33:43,completed,paypal,Canada,Lake Aimee,748.21,2026,3,14,high,2026-06-04T17:00:44.940418
92e1d6a6-b22d-4eac-8997-4345005e51a5,c686a026-8793-4525-9266-567bb4cb4aff,Lauren Rangel,lopezjames@example.com,PROD-4094,Robust contextually-based circuit,electronics,7,384.51,2025-09-19 03:10:46,completed,bank_transfer,Cayman Islands,Mitchellbury,2691.57,2025,9,19,high,2026-06-04T17:00:44.940418
f41ac26d-1238-47df-bf4e-a21e3a5f4dda,89318aa2-79d6-4d97-9e4e-33733c83febd,Julie Kramer,alyssa29@example.org,PROD-2573,Fundamental zero-defect portal,food,10,968.13,2025-12-12 14:45:37,cancelled,paypal,Tokelau,Williamton,9681.3,2025,12,12,high,2026-06-04T17:00:44.940418
a6b2dc84-b6bc-4d2c-b705-6ca975a9a21f,3559df9a-e10d-4f3c-86bf-95cf46d0b7b8,Shawn Hooper,grace87@example.org,PROD-5869,Seamless optimal toolset,food,4,113.81,2025-08-29 01:49:50,cancelled,paypal,North Macedonia,North Sandra,455.24,2025,8,29,high,2026-06-04T17:00:44.940418
b5401936-36ce-46d7-bcd9-4ddd057d63d6,b5cf02de-28c0-43f4-889e-fae24105e18b,James Newman,raustin@example.com,PROD-3708,Automated cohesive Graphic Interface,sports,9,220.68,2025-12-27 20:37:49,pending,paypal,Georgia,North Thomastown,1986.12,2025,12,27,high,2026-06-04T17:00:44.940418
c2b11b90-1284-4c2e-90c9-f1b01a735cc8,ff6a969c-de71-4afc-ac76-6369937d1da3,Jennifer Carroll,tamara35@example.com,PROD-9841,User-friendly real-time parallelism,electronics,1,571.2,2025-08-05 18:38:50,completed,credit_card,Singapore,Dawnberg,571.2,2025,8,5,high,2026-06-04T17:00:44.940418
3c7e670d-a900-42c6-bce4-09b57318fb85,8a697f07-3045-4c3d-b451-262718db973f,Jim Singleton,amber81@example.com,PROD-9845,Team-oriented mission-critical database,clothing,10,828.5,2026-02-16 08:09:31,cancelled,paypal,Bahrain,Jessicaville,8285.0,2026,2,16,high,2026-06-04T17:00:44.940418
7be5ca1f-8807-40b3-8f63-536ecacca511,5cbc8143-a426-4abf-b042-ab40e0f189c5,Jennifer Hayden,evelyn64@example.net,PROD-2284,Profit-focused bi-directional utilization,sports,1,150.21,2025-08-31 23:11:58,pending,credit_card,Mayotte,South Fernandomouth,150.21,2025,8,31,medium,2026-06-04T17:00:44.940418
fbd3f3af-ab03-4f6b-88d3-0e6d0ef28b1a,ff6ae7a6-1bbb-45a0-b115-230f71b5ec50,Mr. Edward Rogers,quinnlauren@example.com,PROD-6046,Business-focused value-added data-warehouse,electronics,1,69.91,2025-11-16 18:01:08,pending,paypal,Liechtenstein,Kingborough,69.91,2025,11,16,medium,2026-06-04T17:00:44.940418
4ed3c61b-9fc8-4bea-bf0b-520ebf1eb578,a8a0a002-b66b-44e0-811a-004e73fbc37c,Michael Sampson,josephgalloway@example.net,PROD-3682,Fully-configurable logistical project,electronics,7,756.09,2025-10-10 16:40:09,cancelled,credit_card,Thailand,Port Matthew,5292.63,2025,10,10,high,2026-06-04T17:00:44.940418
654f22ca-42c7-43ac-8f1d-a0e6a9dbce4b,51a5e1a7-4ad8-425b-bd68-94db7ca23fba,George Williams,wrightrobert@example.org,PROD-2817,Seamless solution-oriented collaboration,electronics,1,225.72,2026-03-03 12:51:52,cancelled,credit_card,Guatemala,Elizabethhaven,225.72,2026,3,3,high,2026-06-04T17:00:44.940418
0c8049dd-6769-4947-a4d9-37cf42345816,c0712160-0e6e-42bf-a739-f8dbcc818a12,Michael Roberts,wendy27@example.com,PROD-1199,Customer-focused solution-oriented migration,sports,2,839.36,2025-07-25 20:52:33,completed,bank_transfer,Lebanon,Bennettfort,1678.72,2025,7,25,high,2026-06-04T17:00:44.940418
f99953cf-b697-4da8-98d6-1dfd22992ca0,04989aa8-87ee-4f4c-bd0b-51a97996eb62,Robert Hall,zjackson@example.org,PROD-4697,Diverse incremental customer loyalty,books,7,593.03,2025-10-31 03:17:50,cancelled,credit_card,Aruba,Dannyfort,4151.21,2025,10,31,high,2026-06-04T17:00:44.940418
3f34c5ec-052e-4e55-82e0-4db0ad91e31e,1675b952-85cc-46d6-b33e-cf114c258355,Noah Wade,pwilliams@example.org,PROD-7257,Cross-group 4thgeneration standardization,food,2,809.54,2026-02-24 03:30:59,pending,paypal,Djibouti,Port Alan,1619.08,2026,2,24,high,2026-06-04T17:00:44.940418
57ff144c-6980-42c6-b26a-0e6b550c60f6,e2ad5250-83c7-4d9b-b202-cc7c0fcf6a12,Connie Adams,mdavis@example.com,PROD-8055,Devolved coherent collaboration,electronics,8,492.55,2025-09-09 00:33:14,cancelled,paypal,Taiwan,West Donald,3940.4,2025,9,9,high,2026-06-04T17:00:44.940418
a50d0ae5-673e-4604-a630-643cabbe23ce,339c7506-c0a7-4289-bb8d-fb3100e93e28,Eric Rodriguez,harmonjoseph@example.net,PROD-9868,Managed modular benchmark,electronics,10,628.89,2025-06-29 22:37:18,cancelled,bank_transfer,Grenada,Olsonburgh,6288.9,2025,6,29,high,2026-06-04T17:00:44.940418
4b1bbde9-f3ec-426c-a3c9-79fb33c965a8,a08b5060-b026-4f7e-86a2-06adb6e8c2d2,Shane Clark,pmendez@example.net,PROD-9051,Digitized disintermediate conglomeration,food,7,360.94,2025-05-24 17:14:09,pending,paypal,Saudi Arabia,Port Jasonfurt,2526.58,2025,5,24,high,2026-06-04T17:00:44.940418
a0f0c3bc-0198-42f0-b03d-b38d613bf4b7,3acf0585-764f-4a07-9486-455411b43311,Karen Norris,tanyawalker@example.com,PROD-2383,Business-focused multi-state website,books,6,150.33,2025-06-19 04:15:55,cancelled,paypal,Jamaica,West James,901.98,2025,6,19,high,2026-06-04T17:00:44.940418
56cb6520-4c90-44ce-8af0-a5920b15e8f8,407fb7d1-6be3-4db8-9d52-8df38ade1391,Eugene Garza,wandaspencer@example.org,PROD-2736,Persistent 6thgeneration application,sports,10,486.43,2025-11-05 05:08:23,completed,paypal,Croatia,New Kristenberg,4864.3,2025,11,5,high,2026-06-04T17:00:44.940418
979fb169-38bc-4615-90ff-7d9575a0a719,42269623-1395-4be7-8a72-aaff78b96bd4,Adam Reed,kara26@example.org,PROD-9047,Business-focused scalable emulation,books,7,480.39,2026-04-26 10:29:30,completed,credit_card,Ethiopia,North Sandra,3362.73,2026,4,26,high,2026-06-04T17:00:44.940418
7551e7da-81db-4d75-9976-1f9e3997d9ef,e8dfb2ee-4529-4028-83d9-dbe22e624ae7,Tammy Miller,christopheranderson@example.org,PROD-9836,Mandatory dedicated capability,clothing,9,388.51,2025-07-08 03:16:38,completed,paypal,Antarctica (the territory South of 60 deg S),Burkemouth,3496.59,2025,7,8,high,2026-06-04T17:00:44.940418
db2de429-6b53-4647-a975-cb038a503450,160ab992-216a-461b-ba50-b979f301ee73,Jordan Mcdonald,martinezhunter@example.org,PROD-2158,Function-based stable intranet,electronics,2,985.35,2025-10-11 10:04:19,pending,bank_transfer,Svalbard & Jan Mayen Islands,Lunamouth,1970.7,2025,10,11,high,2026-06-04T17:00:44.940418
c66835ec-8099-4dd7-861b-05aa479a2f31,c4610403-b6ec-4341-b72a-5875e745269b,Michelle Johnson,carlsonandrea@example.org,PROD-3322,Self-enabling leadingedge application,clothing,10,198.28,2026-04-29 08:00:15,cancelled,bank_transfer,Belize,West Steven,1982.8,2026,4,29,high,2026-06-04T17:00:44.940418
27eecc26-eb45-4ca1-9ee6-dd8085f14f1c,bf2951de-ca71-4af1-9818-1dc1fc3481e6,Dr. Amanda Montgomery,wrightnicholas@example.com,PROD-4338,Triple-buffered next generation attitude,clothing,7,811.89,2025-12-11 04:55:49,cancelled,bank_transfer,Grenada,Lisafort,5683.23,2025,12,11,high,2026-06-04T17:00:44.940418
408e2e05-677e-475b-bbbc-864d92001579,90d6d247-7faa-4831-93cc-3230f3bd6ed6,Timothy Newton,frank74@example.net,PROD-8283,Multi-lateral methodical encoding,electronics,10,861.33,2025-12-16 12:03:58,completed,bank_transfer,Guam,Nicolehaven,8613.3,2025,12,16,high,2026-06-04T17:00:44.940418
34d14c26-7ad9-44e0-b56f-710051b27441,270b01ad-4f28-448f-864f-92561dc58530,William Miller,amandaboyd@example.org,PROD-9321,Open-source holistic benchmark,books,5,618.65,2025-12-09 19:55:51,pending,paypal,Christmas Island,South Jeff,3093.25,2025,12,9,high,2026-06-04T17:00:44.940418
4fae338b-5997-4e2d-84e2-fc06e4d689c6,9485d6c8-4009-44aa-8164-5a03a2bfa099,Brandon Ray,maryflores@example.com,PROD-7792,Synergistic interactive adapter,sports,6,803.15,2025-11-18 10:54:38,completed,credit_card,Malta,Delgadoport,4818.9,2025,11,18,high,2026-06-04T17:00:44.940418
53c963aa-c946-4911-b5cf-a96f822173c3,32459db1-4d8d-4ba3-910c-54905282014b,Donna Jones,angelaparsons@example.net,PROD-6922,Self-enabling zero-defect toolset,food,5,783.98,2025-12-17 09:25:24,completed,credit_card,Nepal,Jillborough,3919.9,2025,12,17,high,2026-06-04T17:00:44.940418
1a99dea0-6e84-4a5f-8875-259b463135d6,7729ffa2-d425-4b14-a3a4-123dd7127101,Daniel Gomez,ericgonzalez@example.net,PROD-9123,Reduced asymmetric utilization,electronics,5,712.32,2026-04-12 03:55:38,cancelled,credit_card,Liberia,Johnsonville,3561.6,2026,4,12,high,2026-06-04T17:00:44.940418
d9895e6e-be07-4c6a-b1f6-e8070f0ab6e3,c709e574-1564-42ea-98fe-2b348f4b0009,Matthew Fisher,david91@example.org,PROD-8418,Optional human-resource utilization,clothing,7,30.65,2025-09-01 00:32:00,completed,credit_card,Guernsey,West Brooke,214.55,2025,9,1,high,2026-06-04T17:00:44.940418
4461a12f-c92f-46f3-826d-c25878e74905,03556077-0b51-403e-9647-e6debe7d4013,Thomas Hamilton,anthonycamacho@example.com,PROD-2604,Down-sized clear-thinking success,sports,2,728.62,2025-05-25 20:54:36,pending,bank_transfer,Mauritius,Kingville,1457.24,2025,5,25,high,2026-06-04T17:00:44.940418
9600664b-2856-4c45-abdf-a78af23b1da3,ac011c05-7def-446e-944f-7d896bea4225,William Barnett,zhood@example.org,PROD-9267,Enhanced radical secured line,books,5,609.96,2025-06-29 09:33:21,completed,credit_card,Tajikistan,East Jeanneberg,3049.8,2025,6,29,high,2026-06-04T17:00:44.940418
5d2a4059-9ded-4881-b5ac-67ce5a2c2d18,e5a35d83-da22-43a4-85ca-94336c966f4e,Andrea Riley,gonzalezdonald@example.com,PROD-1135,Managed multi-tasking paradigm,electronics,6,938.54,2026-05-19 13:50:23,cancelled,bank_transfer,Wallis and Futuna,Tammytown,5631.24,2026,5,19,high,2026-06-04T17:00:44.940418
6073cd45-8e44-4510-b78a-be32940d65cf,faf8912d-6f3f-4696-9e13-4dd39956f535,Mark Riley,hwalker@example.com,PROD-2824,Organized incremental initiative,electronics,2,432.33,2025-11-24 06:44:22,pending,bank_transfer,Cote d'Ivoire,Whitebury,864.66,2025,11,24,high,2026-06-04T17:00:44.940418
9b2e8de2-7387-44f3-8221-30cb80a93809,94766230-0233-4ebf-a3ff-403ccbdba68a,Christopher Miller,jenniferponce@example.net,PROD-9127,Synchronized tertiary challenge,electronics,6,703.84,2026-04-09 19:01:01,cancelled,credit_card,British Virgin Islands,New Crystal,4223.04,2026,4,9,high,2026-06-04T17:00:44.940418
3e3c05cd-df35-40d2-8769-a6604d3fedaa,b6b6a809-05c1-4778-84e0-853d53c97450,Andrea Smith,chenamanda@example.net,PROD-8239,Phased optimal process improvement,electronics,10,520.18,2025-10-31 19:46:00,cancelled,credit_card,Congo,Gravesbury,5201.8,2025,10,31,high,2026-06-04T17:00:44.940418
1c544b4f-21c4-4792-9036-236266501511,439d782c-4b8c-4abe-a760-cfc1a44cea3b,Charles Mcgrath,valentinesandra@example.net,PROD-6368,Customizable analyzing moratorium,books,10,415.56,2026-05-01 10:30:49,cancelled,bank_transfer,Australia,Lake Valerie,4155.6,2026,5,1,high,2026-06-04T17:00:44.940418
a4a362eb-c9b7-42e0-a581-acc6f31f1fd8,94a8d2bc-e8e4-4332-826e-6d2b34f10074,Kenneth Wall,williamgordon@example.net,PROD-1729,Proactive hybrid hub,food,6,166.38,2025-07-12 13:53:03,pending,credit_card,Tuvalu,West Amber,998.28,2025,7,12,high,2026-06-04T17:00:44.940418
95644d6b-9913-4042-a0e5-42ae1454e766,148c71c6-5a43-44d6-99b4-2299d1a3eaf3,Robert Henderson,elizabeth06@example.net,PROD-7439,Synergized zero administration productivity,books,2,249.51,2026-01-18 11:57:27,cancelled,paypal,United Kingdom,New Rebecca,499.02,2026,1,18,high,2026-06-04T17:00:44.940418
775f94ce-758b-447d-a3c3-2df0190e7333,d630c713-3fdd-4587-91c8-6fb1f5eeb6f9,Richard Morris,lisa80@example.org,PROD-3512,Universal systemic framework,electronics,4,715.64,2026-03-17 02:07:06,pending,bank_transfer,Norfolk Island,Lake Williammouth,2862.56,2026,3,17,high,2026-06-04T17:00:44.940418
7dc4ee72-a501-41e1-9543-cd4e82f52044,fab9731c-53bb-49e6-a633-253720797274,John Gutierrez,shawn18@example.com,PROD-5827,Organic bottom-line extranet,food,2,556.13,2025-08-15 01:13:50,pending,paypal,Madagascar,New Williamtown,1112.26,2025,8,15,high,2026-06-04T17:00:44.940418
fcf5977f-cb87-472c-bc20-b1af541d333a,edd13a0b-1f87-42f1-a9a1-8479a41d3258,Theresa Jordan,roberta15@example.net,PROD-4319,Reverse-engineered multimedia support,books,3,459.3,2025-09-27 03:52:26,pending,bank_transfer,United States Virgin Islands,Herrerahaven,1377.9,2025,9,27,high,2026-06-04T17:00:44.940418
d47e7823-1fe6-4b05-a9d0-b178e8cf8191,a77ca894-892d-4fd7-a9d1-fd09628a6451,Erin Walker,caitlin37@example.com,PROD-5271,Inverse human-resource extranet,electronics,1,311.09,2025-09-17 01:13:58,completed,credit_card,Lesotho,Lake Lisa,311.09,2025,9,17,high,2026-06-04T17:00:44.940418
32398f8a-d8c8-462f-8dbe-600a99d577d5,e2505bff-d88c-437c-bba8-a44938824183,Judy George,melinda32@example.com,PROD-9899,Realigned asynchronous neural-net,clothing,6,404.13,2025-09-15 01:18:23,completed,paypal,Saint Pierre and Miquelon,Anneburgh,2424.78,2025,9,15,high,2026-06-04T17:00:44.940418
a7f1d6c5-fd04-48d7-8ea8-68124089f201,4ddfcd97-8591-443e-bf69-363aa7867232,Mark Garcia,fwelch@example.com,PROD-1860,Adaptive scalable knowledge user,food,8,458.35,2025-11-19 14:06:19,cancelled,credit_card,Latvia,Walkertown,3666.8,2025,11,19,high,2026-06-04T17:00:44.940418
422ccfcc-7f86-49f7-a77a-536d70019d9d,285166d6-974c-4ec4-a38b-a5b3a2e29103,Mr. Justin Fernandez Jr.,wisemelissa@example.com,PROD-9793,Universal background architecture,clothing,1,146.13,2025-06-16 15:15:24,cancelled,paypal,Czech Republic,East Andreaton,146.13,2025,6,16,medium,2026-06-04T17:00:44.940418
3d46b73a-e7d1-4d93-afcc-12a2a1067eb9,74fc7a6e-4384-4c47-8bd5-2310e2b2ab03,Travis Smith,salazarjoann@example.com,PROD-5789,Progressive homogeneous toolset,electronics,9,91.55,2026-03-06 10:18:36,completed,credit_card,Bermuda,West Loretta,823.95,2026,3,6,high,2026-06-04T17:00:44.940418
b292ae62-b2e1-4752-894a-1b8c1b3e3a53,0d9dfc4e-96a5-4576-88e1-4e0e077dfa3a,Mark Ryan,mathewsmelissa@example.com,PROD-7686,Multi-channeled disintermediate installation,electronics,1,497.02,2025-07-21 14:20:29,cancelled,credit_card,Guam,Douglasburgh,497.02,2025,7,21,high,2026-06-04T17:00:44.940418
3ac83b39-9790-4746-b9ce-0b00ad06fd70,48a4cbd9-1077-4ed5-9bd8-b907884282c8,Mrs. Linda Moore DVM,ellisjulie@example.com,PROD-1653,Inverse executive moderator,food,3,463.02,2026-03-23 19:33:42,pending,credit_card,Palau,Watsonbury,1389.06,2026,3,23,high,2026-06-04T17:00:44.940418
3a7409c8-661b-41fa-b7b1-f87efef00032,b67e15d1-5ec7-41f2-902c-db5fc6108332,Kimberly Murphy,stonebrian@example.com,PROD-4807,Proactive transitional intranet,sports,4,705.07,2025-10-30 13:03:51,completed,credit_card,Cape Verde,East Mike,2820.28,2025,10,30,high,2026-06-04T17:00:44.940418
0451277e-2648-401f-8bb7-6bfa8cd4d289,ec2ed866-48d7-4742-95bb-28f3147030ef,Corey Arroyo,mcdowellpaula@example.org,PROD-1215,Object-based homogeneous policy,electronics,9,986.81,2025-10-05 10:23:34,pending,credit_card,Romania,Lake Tara,8881.29,2025,10,5,high,2026-06-04T17:00:44.940418
65b2dca1-4ab3-4f80-a62d-c4bf1d972965,a0fa9e9a-f9c7-4022-a2e2-f5c6f8e0bc61,Gerald Griffith,williamyoung@example.com,PROD-7705,Cross-platform client-driven strategy,clothing,6,463.73,2025-12-17 11:56:44,cancelled,credit_card,Tajikistan,East Annville,2782.38,2025,12,17,high,2026-06-04T17:00:44.940418
4390ceda-3905-488f-9447-1e05a5189c79,b859acab-c132-4982-a334-d77945e6890c,Ricky Mcpherson,trobbins@example.net,PROD-7734,De-engineered modular complexity,food,10,792.7,2026-01-15 17:32:12,completed,paypal,Saint Helena,Port Jasmineville,7927.0,2026,1,15,high,2026-06-04T17:00:44.940418
e276c151-0d68-44fe-bb5f-5adab1aa7105,a018f43e-4e96-4142-9581-935d75987cb2,Brandon Mccarty,matthewwhite@example.net,PROD-6138,Streamlined coherent access,sports,3,323.64,2026-05-15 21:30:48,cancelled,paypal,Greenland,Lake Paula,970.92,2026,5,15,high,2026-06-04T17:00:44.940418
a7ccd3bc-7501-4391-a74d-cac60e921786,aa74a5ed-69df-415d-bd4d-c586ad797227,Michael Melendez,hallmadison@example.net,PROD-3780,Multi-lateral non-volatile neural-net,electronics,8,714.6,2025-09-27 06:15:12,completed,paypal,Morocco,South Robertview,5716.8,2025,9,27,high,2026-06-04T17:00:44.940418
c6d8555b-9d80-4903-a1e9-0996ab250a71,5ef68cab-8519-43eb-aff3-647a40ce40df,Curtis Singh,wanda72@example.net,PROD-9606,Realigned multimedia concept,food,1,157.75,2026-04-24 15:16:22,completed,credit_card,Anguilla,Gonzalezhaven,157.75,2026,4,24,medium,2026-06-04T17:00:44.940418
5780e3a2-7d46-426a-a751-4212d461ab08,d550bc85-5e66-4160-8693-6c0f377e110c,Alejandro King,heather19@example.com,PROD-3355,Compatible solution-oriented support,books,5,575.07,2025-08-24 22:07:41,cancelled,credit_card,Macao,North Thomastown,2875.35,2025,8,24,high,2026-06-04T17:00:44.940418
47353859-3c48-4323-b2e6-75224f267ce5,d2155092-1ee4-4f11-9a16-0b852983dd0e,Yvonne Stephens,baldwinjamie@example.com,PROD-9743,Streamlined optimizing product,books,2,606.73,2026-04-15 06:04:36,cancelled,credit_card,Iraq,Port Dylanborough,1213.46,2026,4,15,high,2026-06-04T17:00:44.940418
d945ed4b-098e-4016-937d-7a6f5d64001a,1c417e6f-1ad9-4f02-ae71-6986d57f92f0,Matthew Hess,johnscott@example.net,PROD-5556,Reduced actuating open system,food,7,395.09,2025-09-18 13:02:57,pending,credit_card,Honduras,Collinstown,2765.63,2025,9,18,high,2026-06-04T17:00:44.940418
068d745d-db3b-40ac-b0b2-7167f5ab9270,d2dbd41b-d96a-481a-9656-c2a223aa3c74,James Nguyen,elliseric@example.org,PROD-8644,De-engineered system-worthy approach,sports,3,810.22,2025-08-22 11:50:30,completed,bank_transfer,United Kingdom,East Tina,2430.66,2025,8,22,high,2026-06-04T17:00:44.940418
0fb89f79-d9bc-45c3-8881-68ec4a22ac5c,2872033c-acb7-43e9-9704-80468ad0b7f4,Nicolas Mcguire,kellywilson@example.net,PROD-3820,Extended zero administration process improvement,books,9,615.46,2025-09-11 10:55:03,cancelled,bank_transfer,Romania,Port Jacobtown,5539.14,2025,9,11,high,2026-06-04T17:00:44.940418
a4ba6488-ba12-45b1-b3c1-af9835ccb89f,38444db1-058d-45b0-9b71-bd957645a100,Carlos Hernandez,melindadawson@example.com,PROD-9989,Implemented bandwidth-monitored task-force,clothing,7,42.84,2025-07-10 10:43:13,pending,paypal,Cayman Islands,West James,299.88,2025,7,10,high,2026-06-04T17:00:44.940418
271c407f-b257-4a99-b537-33a8f4a48cd6,f43ec26f-6424-4128-a9ed-7db6b732e3e6,Jessica Armstrong,kevinsharp@example.com,PROD-7104,Expanded leadingedge core,books,3,525.17,2025-06-01 00:25:25,cancelled,paypal,Dominica,Christophershire,1575.51,2025,6,1,high,2026-06-04T17:00:44.940418
130af3a7-4d15-48cb-b93f-242eec0ea007,b7a90811-d229-467e-b63e-cc378192b491,Selena Peters,henry70@example.net,PROD-5978,Switchable transitional parallelism,food,4,889.53,2025-09-01 05:00:09,completed,bank_transfer,Brunei Darussalam,Lake Gilbert,3558.12,2025,9,1,high,2026-06-04T17:00:44.940418
ed1d9b6f-b739-449d-b637-9e2c4d6f30a4,11051ba0-4110-448f-b54b-dec4df6b5176,Steven Burton,adamswendy@example.net,PROD-2820,Front-line zero-defect implementation,clothing,7,876.94,2026-02-15 01:54:40,cancelled,paypal,Gibraltar,Rileyhaven,6138.58,2026,2,15,high,2026-06-04T17:00:44.940418
3b3c8d95-526e-488f-a563-e616a7ab8613,08797a23-ee92-4429-9c42-6d579d5bf822,Jerome Allen,judith70@example.com,PROD-9929,Triple-buffered national project,books,7,366.83,2026-02-19 19:39:55,completed,credit_card,Norway,North Stephanie,2567.81,2026,2,19,high,2026-06-04T17:00:44.940418
7b8dc223-df9f-4269-8e7f-3dcd526ee270,487598d2-05e6-46fe-9884-3e065adeaf7c,Troy Morrison,ljones@example.org,PROD-4592,Front-line stable knowledge user,clothing,6,105.46,2025-10-05 17:07:22,completed,credit_card,Yemen,Port Brenda,632.76,2025,10,5,high,2026-06-04T17:00:44.940418
e3231f3f-d2e4-4577-93db-8d7f59d89114,3638b85d-d4e5-4526-8e72-07a2e0161bc6,Sandra Duncan,iwright@example.com,PROD-9129,Quality-focused human-resource matrices,food,8,474.3,2025-09-08 05:36:15,cancelled,credit_card,Philippines,North Gabriel,3794.4,2025,9,8,high,2026-06-04T17:00:44.940418
fc8d8aa0-0e9c-42c2-ac41-5e029265c033,85de0712-115a-4326-8a0f-690e19888cdc,Charles Perez,leah92@example.org,PROD-8056,Self-enabling multimedia neural-net,books,9,730.39,2025-06-29 07:19:35,completed,paypal,Congo,South Deborahburgh,6573.51,2025,6,29,high,2026-06-04T17:00:44.940418
f2a578c2-166f-416e-9eaa-38c14e89f7e7,37ee2ae8-28a0-4216-83b0-ecb30768ec97,Tammie Perez,joseph23@example.net,PROD-9508,Cross-group global product,food,2,83.5,2025-06-04 18:20:22,cancelled,credit_card,Montenegro,West Matthewton,167.0,2025,6,4,medium,2026-06-04T17:00:44.940418
d93ad7f4-6a79-4104-9f65-93a178f21ef8,9661240c-de39-4ae6-abac-cdd836cfca5e,Megan Fuller,logancarter@example.org,PROD-2393,Progressive analyzing instruction set,clothing,4,987.8,2025-11-15 10:14:00,completed,credit_card,Barbados,Julieland,3951.2,2025,11,15,high,2026-06-04T17:00:44.940418
7c213fea-8aba-401d-9a9e-5adf7c8975bf,f9c25157-eb40-43f7-ba7c-243810f91b3c,Denise Johnson,blackalexis@example.net,PROD-1169,Streamlined context-sensitive hierarchy,books,1,31.91,2025-12-22 02:24:14,pending,credit_card,Nigeria,South Dianefurt,31.91,2025,12,22,low,2026-06-04T17:00:44.940418
e11bf2dc-ec2d-48b8-811b-e3d8f5abd02f,203c5fab-8b10-4c3e-98a7-b110fc8b97de,Jonathan Bullock,heatherdean@example.net,PROD-1529,Re-contextualized bi-directional hub,electronics,2,579.15,2026-02-11 00:36:59,completed,bank_transfer,Singapore,Lake Jefferyville,1158.3,2026,2,11,high,2026-06-04T17:00:44.940418
c104a703-eb53-40f6-9aff-82e4e33e6842,6fca99ef-53ad-4103-b1a1-daa864d7881a,Dakota Burns,hwatson@example.net,PROD-7234,Visionary zero administration conglomeration,electronics,7,826.19,2025-07-09 14:33:39,cancelled,paypal,Benin,West Annshire,5783.33,2025,7,9,high,2026-06-04T17:00:44.940418
4ac8fbaf-077e-42b0-8182-1e4d305422fb,2da2f1c4-1b67-4234-8f8e-247ae26e777b,Leslie Moore,kgibson@example.org,PROD-1189,Multi-tiered fresh-thinking project,clothing,7,935.46,2025-06-23 19:02:15,cancelled,bank_transfer,Vietnam,New Ginachester,6548.22,2025,6,23,high,2026-06-04T17:00:44.940418
25bb1de6-6402-4261-b05c-8479abd4d9fa,fd2a1247-fac3-4998-8f18-5ae032d04be8,Patrick Hawkins,ucopeland@example.org,PROD-4074,Fully-configurable systemic process improvement,clothing,4,278.16,2026-04-15 03:04:34,cancelled,paypal,Wallis and Futuna,Williamsonburgh,1112.64,2026,4,15,high,2026-06-04T17:00:44.940418
8bd4fa50-a036-4071-91e8-2b4ef7d759f4,f1621665-a1f5-4fb0-ad7e-b20295563eb9,Randy Camacho,boyerbryan@example.com,PROD-2827,Profound logistical infrastructure,clothing,6,491.66,2025-07-09 05:46:25,cancelled,paypal,Poland,Kurtberg,2949.96,2025,7,9,high,2026-06-04T17:00:44.940418
18954322-deca-421e-934d-8cbe7b1b7026,f15cf659-4574-4f93-9de1-2e0dd93bf135,Allison Reynolds,lisa47@example.org,PROD-4278,Upgradable demand-driven standardization,books,3,575.78,2026-04-15 23:08:53,completed,bank_transfer,Mexico,Collinsland,1727.34,2026,4,15,high,2026-06-04T17:00:44.940418
92489a0a-2123-44a3-a5c5-eca7c2e8d5c5,85a173b3-a1ec-4000-b15b-01e612f4f483,Tanya Barnes,lauren19@example.net,PROD-4429,Intuitive scalable model,sports,7,626.67,2025-07-09 03:06:39,cancelled,credit_card,Senegal,Jacquelineville,4386.69,2025,7,9,high,2026-06-04T17:00:44.940418
4694296d-3873-4afb-a473-31633d2f3787,34f44d6e-8264-41c8-8b58-022cbebb0c03,Mark Lamb,reillytrevor@example.org,PROD-1728,Inverse contextually-based neural-net,food,8,825.75,2026-04-07 05:00:54,completed,bank_transfer,Sierra Leone,Theresamouth,6606.0,2026,4,7,high,2026-06-04T17:00:44.940418
c7a5fbf9-853a-4674-b233-b68023ad3e27,a75ca508-8a2d-4656-9b1e-176db48509ee,Jeremy Stewart,sextonjoanna@example.com,PROD-6889,Open-source demand-driven forecast,clothing,3,389.16,2025-10-06 18:06:45,completed,paypal,Canada,Harrisonshire,1167.48,2025,10,6,high,2026-06-04T17:00:44.940418
6e4f34cd-2517-48f3-abd7-7536703fbb30,57f1ee5d-0004-452c-840b-520b40eb20f6,Albert Thompson,cookjennifer@example.net,PROD-1959,Up-sized local leverage,books,4,419.62,2025-07-30 18:22:58,completed,bank_transfer,Poland,North Jessica,1678.48,2025,7,30,high,2026-06-04T17:00:44.940418
e8f7710f-3f94-4625-83ca-207e547c0ddf,f5a168b4-8211-492d-9962-f9704741e8de,Hannah Turner,nealcourtney@example.com,PROD-2624,Horizontal bi-directional project,books,8,57.06,2026-04-07 22:20:06,completed,bank_transfer,Bahrain,Lake William,456.48,2026,4,7,high,2026-06-04T17:00:44.940418
1aba5636-ef9d-4861-9b6a-25d1aff0e804,cf7f765a-8a4c-4f76-a1d4-5ed0568213b8,Bryan West,steven85@example.org,PROD-9647,Progressive didactic model,books,5,549.55,2025-06-28 15:21:27,cancelled,bank_transfer,Greece,Kimberlymouth,2747.75,2025,6,28,high,2026-06-04T17:00:44.940418
a127828a-fe4c-4d82-bbf4-486a44a6ce0a,b4ca6802-9a4a-4cc5-aef0-05a495bcc014,Gary Davies,eric95@example.com,PROD-1269,Stand-alone exuding adapter,books,1,44.58,2025-08-02 11:48:45,cancelled,bank_transfer,Sierra Leone,New Natasha,44.58,2025,8,2,low,2026-06-04T17:00:44.940418
0213fb7c-2572-4852-8d0c-7dbd9020e213,60580cf8-0962-467c-9651-19a904acb712,Jessica Flowers,brian10@example.net,PROD-1770,Balanced modular knowledgebase,books,8,487.66,2025-10-14 17:56:34,cancelled,credit_card,Jordan,Gallagherbury,3901.28,2025,10,14,high,2026-06-04T17:00:44.940418
d800565f-e8b0-4c55-b5e7-06c6ef3c24b7,3cf63986-f8d1-4a96-b182-40d8242b8591,William Quinn,ggibson@example.com,PROD-2575,Multi-channeled mission-critical initiative,clothing,2,718.31,2025-07-14 09:15:58,cancelled,bank_transfer,Saint Lucia,North Annborough,1436.62,2025,7,14,high,2026-06-04T17:00:44.940418
00f27bec-febf-4dfe-9df9-2ec908f3ec56,6908715f-f5d1-44f8-80ed-bddb36dc0690,Mr. Michael Harvey,richardsonandrea@example.net,PROD-4946,Multi-channeled secondary projection,food,1,531.82,2025-09-24 11:17:02,cancelled,paypal,Poland,West Janet,531.82,2025,9,24,high,2026-06-04T17:00:44.940418
cf251e02-7692-49dd-927b-c3435e3cd65b,a33bd525-c62b-4e91-9b9f-bea67776992a,Charles Porter,barbara29@example.net,PROD-7693,Organic web-enabled open system,food,6,802.58,2025-12-11 11:55:46,completed,credit_card,Saint Helena,Nicholasland,4815.48,2025,12,11,high,2026-06-04T17:00:44.940418
7bf378fc-7ae2-4112-8f94-865481eabd84,c631ea16-216c-42fe-aa05-230a39d178a7,Michael Hutchinson,aalvarez@example.net,PROD-1610,Customer-focused non-volatile archive,clothing,10,85.07,2025-09-29 15:10:21,completed,bank_transfer,Slovenia,Frankhaven,850.7,2025,9,29,high,2026-06-04T17:00:44.940418
0f5062f8-7eb6-4203-898e-eabea8b60b58,0b169272-d250-4695-bd91-f5ce324c3c76,Brenda Shaw,arodriguez@example.org,PROD-6349,Intuitive incremental hardware,clothing,5,696.89,2025-12-14 00:16:19,pending,credit_card,United States Virgin Islands,Laurabury,3484.45,2025,12,14,high,2026-06-04T17:00:44.940418
721a44da-496d-4f4f-a350-b157de72811a,dac62f15-d200-4ca0-b724-4a6bcad5e263,Shannon Bell,monroeleah@example.org,PROD-6110,Upgradable coherent installation,clothing,7,231.3,2025-12-10 20:05:55,cancelled,paypal,Luxembourg,Jenniferview,1619.1,2025,12,10,high,2026-06-04T17:00:44.940418
f0015473-affd-427b-a254-fd4423e838a3,c8ee638d-8e65-4aa2-9bc7-f39b797d11f6,Anna Oliver,gsanders@example.org,PROD-6650,Customizable coherent forecast,electronics,1,268.28,2026-03-24 18:31:58,cancelled,bank_transfer,Palau,Kristinberg,268.28,2026,3,24,high,2026-06-04T17:00:44.940418
06e580bf-18e8-4dc5-8439-8c4cbc8ae80f,2da5e61a-3e71-4751-b795-1bc539dbb783,Gary Hunt,jonesraymond@example.com,PROD-5156,Digitized foreground hierarchy,food,9,514.21,2026-04-10 20:53:06,pending,credit_card,Bouvet Island (Bouvetoya),New Tyler,4627.89,2026,4,10,high,2026-06-04T17:00:44.940418
6ec20794-a9f6-43f0-9b00-3945bf3aa791,9d611576-1392-4516-8863-2b2530547bb9,Tonya Garcia,jordanjessica@example.org,PROD-3086,Innovative static infrastructure,food,8,57.24,2025-08-31 22:26:59,completed,credit_card,United States Minor Outlying Islands,Candiceville,457.92,2025,8,31,high,2026-06-04T17:00:44.940418
731b5cb1-c784-42a5-8138-a6d5f7b39554,c9ec1901-c7b3-4187-ac74-3d5b0db522c2,Stephanie Wilkerson,dcampbell@example.com,PROD-6263,Diverse user-facing time-frame,electronics,3,114.63,2025-09-27 02:30:30,pending,credit_card,Barbados,Josechester,343.89,2025,9,27,high,2026-06-04T17:00:44.940418
c959abb6-950d-4f43-ac8f-4b842653e37b,8b42fc37-7e3f-46f6-924e-2dd809d5e87d,Amanda Bell,joseph51@example.net,PROD-1498,Multi-lateral 4thgeneration standardization,books,1,825.15,2025-10-25 05:24:09,completed,bank_transfer,Colombia,New Patrickbury,825.15,2025,10,25,high,2026-06-04T17:00:44.940418
44f4cdbc-8d81-4b7a-8402-f64c552e94e8,1b380a7b-38db-48f8-b02d-35313feb2578,Erin Cooper,dferguson@example.net,PROD-5229,Exclusive responsive moderator,sports,10,746.82,2025-10-01 19:59:50,pending,bank_transfer,Norfolk Island,South Marthabury,7468.2,2025,10,1,high,2026-06-04T17:00:44.940418
6e2e3f43-f1fc-4720-ac29-034a866255a0,5cf85f66-2b74-44eb-ad29-18fe8ff02eb1,Pamela Robertson,zdennis@example.net,PROD-3159,Function-based holistic database,sports,5,45.22,2025-07-14 04:35:26,completed,paypal,Eritrea,Cochranfort,226.1,2025,7,14,high,2026-06-04T17:00:44.940418
af4b4897-7703-4f30-86cd-f3a281168d3f,f62b0f1e-9a4b-4c9a-b2c4-caa7c2ee405c,Kristen Hudson,katherinekline@example.net,PROD-4074,Re-contextualized 4thgeneration solution,clothing,8,249.12,2025-11-16 01:21:04,cancelled,bank_transfer,Sudan,Port Deborahhaven,1992.96,2025,11,16,high,2026-06-04T17:00:44.940418
12511fa4-fbce-4504-9390-640f41d89613,8c51ba21-730e-4210-ac28-99bae1fe5d30,Samuel Wells,tamaraarnold@example.org,PROD-1128,De-engineered discrete encoding,clothing,2,90.92,2026-02-22 13:26:36,cancelled,paypal,Israel,South Paul,181.84,2026,2,22,medium,2026-06-04T17:00:44.940418
5b491845-d0c6-4117-a3d1-1254c046232e,e3fc51b4-d056-4941-afce-ed71c3316688,Jeff Harris,latashabennett@example.net,PROD-6165,Streamlined global extranet,books,8,772.11,2025-10-23 02:54:57,completed,bank_transfer,Japan,East Kaitlinton,6176.88,2025,10,23,high,2026-06-04T17:00:44.940418
1a25c14a-962a-4e49-917c-6141115fe38c,56979adc-8e22-4320-8c73-d87ccfbe5a95,Angel Walters,acevedoashley@example.org,PROD-5714,Diverse intermediate firmware,sports,6,585.31,2025-11-30 04:32:32,cancelled,bank_transfer,Cape Verde,Gordonstad,3511.86,2025,11,30,high,2026-06-04T17:00:44.940418
2bc68869-0d9d-421a-8f51-a7854b0ef0e4,c102c5b6-fed8-4b45-a523-e512ce314b25,Brett Martinez,carlos17@example.net,PROD-6334,Multi-channeled hybrid toolset,electronics,6,824.93,2026-02-22 07:48:27,pending,paypal,Nauru,Patriciaton,4949.58,2026,2,22,high,2026-06-04T17:00:44.940418
14ae0769-a1f3-4f46-bacb-95f35e986504,9870c842-3e5e-4dda-a589-5aa66e870605,Brittany Cooley,fgonzalez@example.com,PROD-7128,Intuitive multi-state Internet solution,food,4,901.46,2026-05-12 04:35:54,pending,credit_card,Malaysia,New Thomasside,3605.84,2026,5,12,high,2026-06-04T17:00:44.940418
e0bc67b3-6aae-443b-b4c2-8cb1b0e4e96b,73110332-2ddf-4f9b-9ac2-4a0d959f3639,Rebecca Jones,scottyvonne@example.org,PROD-2460,Proactive web-enabled capacity,electronics,9,613.02,2025-09-08 07:39:08,cancelled,paypal,Albania,West Kaylatown,5517.18,2025,9,8,high,2026-06-04T17:00:44.940418
42251df5-f551-4b96-85cd-b72bf9a79e78,d50b53eb-f6b8-4b99-817d-b1a3adc8a782,Julian Russo,xcrawford@example.net,PROD-8797,Reverse-engineered homogeneous concept,sports,6,951.56,2026-04-26 09:09:50,completed,paypal,Solomon Islands,West Juliamouth,5709.36,2026,4,26,high,2026-06-04T17:00:44.940418
062d906e-ce11-4311-9599-6aa7065515b5,f08a2037-d023-4608-9b39-43fa10ac6638,Elizabeth Nguyen,zyoung@example.net,PROD-3342,Vision-oriented bifurcated software,sports,7,206.03,2026-01-16 01:46:45,cancelled,credit_card,Egypt,New Jennaborough,1442.21,2026,1,16,high,2026-06-04T17:00:44.940418
6b460ea5-2103-42dc-b4c3-2fe6ce5f24a3,8cd257aa-f5f7-45a1-8df4-fbdc525b8182,Holly Giles,iramos@example.org,PROD-2445,Fully-configurable real-time Internet solution,clothing,6,828.52,2025-09-01 22:24:37,pending,paypal,Saint Barthelemy,North Patrick,4971.12,2025,9,1,high,2026-06-04T17:00:44.940418
e90092a3-8bd9-496f-add0-e69863e9b728,833e66e2-83ea-4b5e-9d73-842ca5d432ab,Derek Goodman,qellis@example.org,PROD-7718,Function-based multi-tasking paradigm,books,4,253.85,2026-03-20 12:07:36,completed,credit_card,Sweden,Silvaborough,1015.4,2026,3,20,high,2026-06-04T17:00:44.940418
1661bf90-9c2e-40be-a2eb-15bb64b2c855,9177f121-2ab1-443e-9d52-14d88c0139c1,Louis Moreno,john11@example.com,PROD-2109,Grass-roots contextually-based budgetary management,sports,8,811.39,2026-03-13 02:46:28,cancelled,paypal,Hungary,Grahamtown,6491.12,2026,3,13,high,2026-06-04T17:00:44.940418
2f0360e7-62cc-4213-aa00-46986d32d1de,f67f6dd9-675f-4d02-b3d6-f6ae914c3803,James Alexander,christopherlewis@example.net,PROD-3536,Centralized fault-tolerant open architecture,clothing,9,989.07,2025-12-13 19:33:22,completed,bank_transfer,Solomon Islands,East Ashley,8901.63,2025,12,13,high,2026-06-04T17:00:44.940418
3e0a9d80-ea86-4405-a8c7-10da37d9bcd8,e19f9add-126c-411b-8da0-13533c609e00,Robert Gilbert,cindytaylor@example.org,PROD-2054,Assimilated 24/7 policy,books,2,828.76,2026-02-07 21:29:38,completed,paypal,Tunisia,Terrihaven,1657.52,2026,2,7,high,2026-06-04T17:00:44.940418
dda4c5ae-25b3-4aa2-b40c-514f85161e32,d228ad37-6b43-4272-b6d3-6246e9fca8b0,Krystal Doyle,joelanderson@example.org,PROD-3457,Integrated discrete projection,electronics,4,54.35,2025-06-16 07:43:54,pending,credit_card,Saint Kitts and Nevis,Oconnorfurt,217.4,2025,6,16,high,2026-06-04T17:00:44.940418
ff1667ae-24ea-4dab-9dd0-e7e1abc86ce7,0e964f27-ec77-474e-bdac-95589fb2312e,Lee Dunn,tristanwhitehead@example.net,PROD-4463,Integrated asymmetric adapter,clothing,1,194.58,2026-03-12 06:04:54,pending,paypal,Malta,Port Monica,194.58,2026,3,12,medium,2026-06-04T17:00:44.940418
cf2942fb-f6e7-4045-bb91-95e3d5ffa8ab,c2d0522b-95e1-4bdf-b71c-e48797ac18f3,Tracy Gaines,jill90@example.com,PROD-6213,Managed 3rdgeneration support,sports,2,195.08,2025-12-21 05:42:23,cancelled,credit_card,Isle of Man,East Danielle,390.16,2025,12,21,high,2026-06-04T17:00:44.940418
d396a588-ae16-4852-bc97-220dea2ceb9d,5bf09d49-ec91-420c-91f5-2f06ede569cb,Charles Warren,sarahnorman@example.net,PROD-6498,Synchronized human-resource groupware,clothing,1,177.05,2025-11-14 04:24:41,completed,paypal,Burundi,Rachaelton,177.05,2025,11,14,medium,2026-06-04T17:00:44.940418
7aac4425-030d-4c82-b4f0-263777d07b79,529f7d06-ea68-48df-9c20-29c89824791e,Kevin Perez,thompsonjoel@example.com,PROD-8490,Total mission-critical software,food,6,692.38,2025-11-12 10:24:56,completed,credit_card,Cote d'Ivoire,South Michaelchester,4154.28,2025,11,12,high,2026-06-04T17:00:44.940418
fb9b07e2-7072-4105-a77f-c4b30ba3e7b1,f7242d1a-1e9f-46e9-a4fe-c346ae389351,Alex Smith,shawnanderson@example.org,PROD-2886,Centralized analyzing array,food,5,457.41,2025-06-23 19:53:29,cancelled,bank_transfer,Moldova,Bowersport,2287.05,2025,6,23,high,2026-06-04T17:00:44.940418
a4aeb551-8771-420c-94bf-f5bd259a768f,ab54dc38-907e-4856-8f22-6b49db2223e5,Michael Edwards,carl37@example.net,PROD-8212,Multi-lateral context-sensitive leverage,electronics,3,40.7,2026-01-24 12:37:40,pending,credit_card,Morocco,Haleymouth,122.1,2026,1,24,medium,2026-06-04T17:00:44.940418
70367b61-f0b0-47dd-8eed-305ccc2e21eb,640b2b40-dc05-4d6b-adf0-0f41ef57dd99,Jordan Clark,beth17@example.net,PROD-3268,Sharable high-level capacity,clothing,7,804.33,2025-08-12 15:52:56,completed,credit_card,Saint Kitts and Nevis,North Ryanfurt,5630.31,2025,8,12,high,2026-06-04T17:00:44.940418
6b6b1145-7cfb-4199-bb70-4c8d64e244fc,7689d93c-aae6-4bf5-8106-9c977672d938,Jordan Chan,jenniferrobinson@example.net,PROD-6662,Customer-focused national budgetary management,books,3,317.58,2026-02-27 23:45:28,cancelled,bank_transfer,Cameroon,North Kimberlyside,952.74,2026,2,27,high,2026-06-04T17:00:44.940418
d9520406-0bf8-4e64-ac4f-118e828c9f14,79bd4bd2-f22b-468a-ab9c-6e8223002f84,Brian Perez,velasquezkristen@example.com,PROD-1353,Profound leadingedge implementation,books,7,116.65,2025-07-08 07:47:29,completed,bank_transfer,Anguilla,Mariafort,816.55,2025,7,8,high,2026-06-04T17:00:44.940418
fc6e1b39-b8bf-4240-a2dd-4dedb1a3490d,f70bc16d-22fb-4042-87b2-72cf86c496cc,Amanda Juarez,john11@example.net,PROD-8020,Up-sized non-volatile product,clothing,2,269.43,2025-07-08 13:35:34,completed,paypal,Qatar,East Taylorstad,538.86,2025,7,8,high,2026-06-04T17:00:44.940418
b22ec144-2bf2-40e3-8999-823c0b54a707,d8ec25f8-74f7-46c1-a6ce-d5974d7af094,Robert Newman,joseph61@example.com,PROD-5413,Re-contextualized directional groupware,food,8,364.97,2026-03-06 02:40:55,cancelled,paypal,British Virgin Islands,Lake Kimberlyport,2919.76,2026,3,6,high,2026-06-04T17:00:44.940418
6de57d78-fe49-496c-a64b-e6f99049abe6,52cbd06c-32c5-460f-86f4-74e2c07d252c,Laurie French,xdoyle@example.com,PROD-7325,Reduced web-enabled software,sports,1,607.66,2026-01-15 23:39:08,pending,credit_card,Switzerland,Jeremyburgh,607.66,2026,1,15,high,2026-06-04T17:00:44.940418
c3ea45c5-d1ea-4057-b75f-75f53e19a5ad,ba0bbfbf-d6c4-4a3e-9e45-5deb3a7167cf,Brian Thornton,greenallison@example.org,PROD-1973,Open-architected holistic solution,books,2,745.58,2025-10-11 02:18:06,pending,credit_card,Niger,New Christinabury,1491.16,2025,10,11,high,2026-06-04T17:00:44.940418
3e94b049-6313-45aa-aca7-ee27baa40aca,699c41ab-2337-4d4e-aa53-ca24a124642e,Carrie Johnson,kelly05@example.org,PROD-5335,Expanded zero-defect capability,books,3,411.95,2025-12-09 21:12:44,pending,bank_transfer,Guyana,Diazfurt,1235.85,2025,12,9,high,2026-06-04T17:00:44.940418
52b18f6c-6bd4-4e55-ab3a-8ae1876db756,39372032-7441-4fc5-9c29-0d47143bb514,Jennifer Martin,brownchristopher@example.net,PROD-4732,Streamlined executive productivity,electronics,9,98.01,2026-01-02 08:58:50,completed,bank_transfer,Norfolk Island,Cookmouth,882.09,2026,1,2,high,2026-06-04T17:00:44.940418
4367e147-205d-45d8-bcff-56bcfac89d39,dab8c335-8951-471c-bfc2-feb650c4a6f5,Bill Mcintosh,cynthiamoreno@example.com,PROD-5699,Cloned uniform artificial intelligence,clothing,1,543.22,2025-07-22 08:20:24,pending,bank_transfer,Mauritius,New Michele,543.22,2025,7,22,high,2026-06-04T17:00:44.940418
dd8c7db2-f47f-436e-9b42-427fedf9fe9e,a8165fb8-f636-46f6-849a-8cfde87f3cf9,Tammy Freeman,paynetroy@example.com,PROD-8779,Profit-focused 4thgeneration database,food,8,640.09,2025-12-27 01:01:22,cancelled,bank_transfer,Wallis and Futuna,East Eric,5120.72,2025,12,27,high,2026-06-04T17:00:44.940418
87375535-d690-4edc-b4e6-81d9afa8ad28,9df7756d-455d-4eb9-929e-0f1c55c723da,Amy Schneider,stacy24@example.org,PROD-9333,Compatible high-level open architecture,sports,5,348.02,2025-10-10 20:27:20,pending,bank_transfer,French Southern Territories,Shannonmouth,1740.1,2025,10,10,high,2026-06-04T17:00:44.940418
c6522a7c-349b-4305-b23e-6eb1937ec2dd,b8c4b773-61c9-4351-a1fd-4001307a0f3d,Joshua Casey,erodriguez@example.com,PROD-1989,Universal scalable help-desk,sports,9,709.14,2026-04-29 19:15:18,pending,paypal,Saint Kitts and Nevis,Davisstad,6382.26,2026,4,29,high,2026-06-04T17:00:44.940418
766e648a-5ac0-4e53-9014-a71e0fb4c096,18495414-8c50-4b18-a528-bc0d851bcf89,Brooke Taylor,alexandragarza@example.com,PROD-5508,Organized reciprocal definition,electronics,9,840.09,2025-10-03 01:36:04,pending,credit_card,Gibraltar,Victoriaside,7560.81,2025,10,3,high,2026-06-04T17:00:44.940418
86464667-c019-4c8a-980e-c48dcb0f57eb,1999ffb2-d53a-414d-888b-62ea72afac88,Michelle Mitchell,santiagojeffery@example.net,PROD-4401,Grass-roots zero tolerance artificial intelligence,food,3,133.11,2025-10-10 10:05:29,cancelled,paypal,Timor-Leste,North Johnhaven,399.33,2025,10,10,high,2026-06-04T17:00:44.940418
7b8da13a-2ff4-452c-a3d1-53df53d61464,6554366e-9a86-4cc5-9801-3c76ba6ed1e3,Gabrielle Perry,vallen@example.net,PROD-2759,Profit-focused optimizing framework,electronics,9,722.32,2026-05-16 10:25:16,pending,credit_card,Poland,South Billymouth,6500.88,2026,5,16,high,2026-06-04T17:00:44.940418
057a08b9-c887-453a-806e-b6bdba68cf79,ffc9e090-bd28-42ef-8583-17e1c6d946bc,Ryan May,obaxter@example.com,PROD-9377,Realigned executive software,books,5,199.41,2026-03-06 20:33:46,cancelled,credit_card,Chile,Alantown,997.05,2026,3,6,high,2026-06-04T17:00:44.940418
87254dd5-e6aa-4c3d-97d8-31af0108961a,4006bbe9-4ac8-46d9-a4d6-09285e5b0408,Ashley Tran,jcoleman@example.com,PROD-2066,Assimilated client-server toolset,books,3,462.75,2026-03-31 16:30:44,cancelled,paypal,Belgium,Marktown,1388.25,2026,3,31,high,2026-06-04T17:00:44.940418
91a5c760-992e-474b-97ad-5557ed827fac,94d1eb2d-e97a-4399-8e1d-04d2cc5d6d56,Jodi Gray,jwalters@example.net,PROD-2127,Visionary maximized capacity,food,8,349.67,2025-12-08 11:31:21,pending,bank_transfer,Cambodia,Gonzaleschester,2797.36,2025,12,8,high,2026-06-04T17:00:44.940418
1a5e0cf2-8f51-4420-bde8-8fea313b906f,4dbf030b-b7ff-48e4-a6fb-7df8d4e63de4,Kristen Smith,brandiroberson@example.com,PROD-6287,Public-key bi-directional system engine,clothing,10,675.99,2026-05-22 22:17:57,cancelled,bank_transfer,Dominican Republic,East Jeffreyborough,6759.9,2026,5,22,high,2026-06-04T17:00:44.940418
4f6b84d5-ae8d-4c5e-819e-89e698214b2b,cb4becc7-c863-4f39-b15c-da20bc126346,Michelle Williams,vshah@example.org,PROD-7727,Fully-configurable national product,food,10,641.82,2026-01-04 20:31:48,cancelled,bank_transfer,Micronesia,Patrickview,6418.2,2026,1,4,high,2026-06-04T17:00:44.940418
5711b407-5c20-4333-b1af-a9e3d4a6dc5d,255bca30-b26b-498b-878b-b691c3d66ba5,Travis Compton,ssmith@example.net,PROD-4541,Self-enabling empowering encryption,food,10,265.59,2026-05-19 01:16:48,pending,bank_transfer,Georgia,South Kimberlyview,2655.9,2026,5,19,high,2026-06-04T17:00:44.940418
4fdb027a-7c2a-4b56-9cd6-238a16d07ea7,5d8d70ef-b7e3-4cd0-a4f4-3d5ef308387f,Robert Roberts,cameronchristian@example.net,PROD-3392,Progressive asymmetric framework,clothing,5,903.38,2025-12-13 23:26:56,pending,credit_card,Canada,Tamaraburgh,4516.9,2025,12,13,high,2026-06-04T17:00:44.940418
1ce2ac49-024c-4008-b764-3fb90b0ab688,47dc21bb-1ea2-40ba-b1e7-120848c0ede0,Jacob Owen,leonardmartha@example.com,PROD-3646,Multi-layered content-based open architecture,electronics,4,610.65,2026-01-15 00:44:33,completed,paypal,Kenya,Martinezshire,2442.6,2026,1,15,high,2026-06-04T17:00:44.940418
6045b5f7-896a-43ab-81dc-1a1f2289df0e,a490ccb5-1134-418c-a87a-20d5b863546a,Michael Boyd,jenniferallen@example.com,PROD-4937,User-friendly impactful software,clothing,3,61.99,2026-03-18 20:32:43,pending,paypal,Guadeloupe,Gayport,185.97,2026,3,18,medium,2026-06-04T17:00:44.940418
21c351c9-3734-4c2d-b071-bad71e9d4d29,8a86be82-ae8b-4dce-a852-71994fc3c0e0,Mr. Leroy Garcia PhD,lucas49@example.org,PROD-9578,Synchronized cohesive pricing structure,books,4,841.08,2025-05-28 18:05:00,pending,credit_card,Gabon,Port Mary,3364.32,2025,5,28,high,2026-06-04T17:00:44.940418
4b28d592-7722-43bc-9c52-242954c35cd5,b45f8224-b7eb-416e-8b60-7f653c5685a9,Bryan Carey,beth87@example.org,PROD-5343,Diverse high-level definition,sports,7,640.18,2025-08-13 08:28:19,cancelled,bank_transfer,Israel,Wheelermouth,4481.26,2025,8,13,high,2026-06-04T17:00:44.940418
dd96aa16-00f2-40b5-ae2c-69a081ff1b7f,1ba6f19c-64ea-4c19-8690-d1ed79da41f8,William Jarvis,ypadilla@example.org,PROD-4776,Multi-layered even-keeled architecture,sports,6,548.97,2026-02-23 18:11:17,pending,bank_transfer,Mongolia,Jonathanton,3293.82,2026,2,23,high,2026-06-04T17:00:44.940418
cbc2e7bc-f9cc-4b1a-b376-da7ef8e12949,b8bd9b50-afa7-427f-87fc-e653e0af35f9,Jeffrey Bell,donaldsmith@example.org,PROD-9010,Cloned high-level infrastructure,books,10,671.97,2025-08-28 19:09:17,cancelled,bank_transfer,Seychelles,Port Andrew,6719.7,2025,8,28,high,2026-06-04T17:00:44.940418
a7447246-0ba9-43e6-8350-e4aa95f6fd84,401bb213-3c2f-4c14-85b8-2135230ef8b0,Jennifer Bailey,hallstephen@example.org,PROD-6018,Up-sized leadingedge process improvement,electronics,7,577.82,2026-01-15 07:32:18,pending,credit_card,New Caledonia,Port Moniqueville,4044.74,2026,1,15,high,2026-06-04T17:00:44.940418
60224419-e721-4f2e-be3b-9d234f66a00a,733faecf-4c04-44a1-a4f5-cb69ad27c1a3,Bridget White,wardtammy@example.com,PROD-6630,Fundamental mobile adapter,sports,10,939.28,2025-12-25 09:15:41,completed,credit_card,Thailand,Norrisside,9392.8,2025,12,25,high,2026-06-04T17:00:44.940418
4e8a91d4-6164-4d8b-a75c-3a164eb05df6,c72b1bca-de59-41e9-ba12-b6c4c8781c64,Adam Robinson,david07@example.org,PROD-6343,Pre-emptive systematic knowledgebase,sports,6,964.32,2025-11-24 10:32:16,cancelled,bank_transfer,Hungary,North Anthonyshire,5785.92,2025,11,24,high,2026-06-04T17:00:44.940418
6e382fbb-00d1-4c49-b63a-575ed32eda05,38b55503-f39e-4e33-a26a-42314f2ae30f,Louis Pitts,jenny23@example.org,PROD-4796,Progressive tertiary circuit,food,4,87.28,2026-05-16 10:15:26,pending,paypal,Tunisia,North Carlos,349.12,2026,5,16,high,2026-06-04T17:00:44.940418
9f744ee1-0872-459f-a13e-e65b1bb713cd,85958d91-c524-496c-b030-9ff3752afae8,Curtis Smith,cthompson@example.org,PROD-4534,Devolved optimizing hub,electronics,3,621.47,2025-10-15 05:46:35,pending,bank_transfer,Colombia,Lake Jeffrey,1864.41,2025,10,15,high,2026-06-04T17:00:44.940418
2f13b4cb-42f0-4384-987a-8831afb399e2,a3b55344-5307-4fbd-a6eb-79bd28044bcc,David Klein,weberjessica@example.net,PROD-3846,Universal bifurcated superstructure,food,3,958.97,2025-11-27 05:15:03,pending,paypal,New Zealand,Ellenstad,2876.91,2025,11,27,high,2026-06-04T17:00:44.940418
d806a639-6132-47df-b33f-077311313064,cc484652-0356-4741-97b2-45c440d54c45,Donna Harris,hreyes@example.net,PROD-8947,Face-to-face systematic utilization,food,1,624.43,2025-12-24 07:40:01,completed,paypal,Turkmenistan,Changview,624.43,2025,12,24,high,2026-06-04T17:00:44.940418
98df2a1d-b4eb-4e92-9578-de31f38be8cb,3da13eda-9eb0-492a-8c8f-97a7e3f82fea,Christopher Hendrix,garciarobin@example.com,PROD-2219,Centralized modular definition,electronics,1,105.75,2025-07-01 13:49:56,completed,bank_transfer,Western Sahara,Brianview,105.75,2025,7,1,medium,2026-06-04T17:00:44.940418
308d8182-8d56-43f0-b87a-9d43228eac4a,2378840b-1c29-4136-8af5-6dfbd5036a14,Logan Cox,bsmith@example.net,PROD-7500,Implemented user-facing structure,clothing,3,703.83,2025-09-09 03:38:51,completed,paypal,British Virgin Islands,New Carriefort,2111.49,2025,9,9,high,2026-06-04T17:00:44.940418
9bc6bf9f-e753-4e95-b10f-70cf33841d7b,950e20bb-4afb-4417-a808-d64f116aa4cf,Kristi Reyes,svasquez@example.org,PROD-1631,Implemented clear-thinking synergy,books,4,586.94,2025-07-01 12:19:52,pending,paypal,Oman,Mariaberg,2347.76,2025,7,1,high,2026-06-04T17:00:44.940418
f5d81297-b502-4c62-a1d1-2e62de72a846,63b04960-83ea-451f-ab92-60f4480e1b72,Jennifer Mullen,marywilliams@example.net,PROD-3830,Seamless neutral implementation,books,6,127.78,2026-05-21 00:30:46,cancelled,bank_transfer,Bulgaria,Kathrynmouth,766.68,2026,5,21,high,2026-06-04T17:00:44.940418
00dbe438-9991-4615-9266-2bf915fc4ad7,80edf195-c19a-4447-91da-c6ce2afbbca8,Valerie Ryan,brownjessica@example.org,PROD-5034,Reactive multi-tasking Local Area Network,electronics,1,950.77,2025-05-25 06:42:47,cancelled,paypal,Palestinian Territory,South Jessicaton,950.77,2025,5,25,high,2026-06-04T17:00:44.940418
ea536572-ebb9-438d-8e72-458db5ac8414,ad4a29ad-fcb5-464e-b638-c9ac41e31613,Dennis Moreno,jgross@example.net,PROD-3253,Intuitive systematic productivity,food,4,605.23,2025-06-25 21:03:07,cancelled,bank_transfer,Cambodia,Barnettmouth,2420.92,2025,6,25,high,2026-06-04T17:00:44.940418
f8438099-058d-41a2-b9c3-478c1d1f1cad,34d8159a-00fc-4af0-a5d5-3b3cf3acad4e,Gregory Miles,tperez@example.org,PROD-7559,Grass-roots tangible open architecture,food,7,473.31,2025-12-14 16:16:24,pending,credit_card,Haiti,New Shelia,3313.17,2025,12,14,high,2026-06-04T17:00:44.940418
c10fcedf-ddaa-4b9a-bd78-724588f7e82f,2a67c9ba-5760-40e5-8f1e-6ee9944190cb,Shirley Allen,kwells@example.com,PROD-8538,Fundamental stable circuit,sports,10,620.19,2025-08-09 12:40:10,cancelled,bank_transfer,Guinea-Bissau,Boydfurt,6201.9,2025,8,9,high,2026-06-04T17:00:44.940418
4a14a900-891a-4bec-992e-edd8ec3de991,c249ba98-523b-49a5-bbb7-ba4f852f4d02,Jessica Le,glenn96@example.org,PROD-4697,Phased reciprocal support,sports,5,998.75,2026-04-04 20:58:45,pending,paypal,Saint Pierre and Miquelon,New Kerryberg,4993.75,2026,4,4,high,2026-06-04T17:00:44.940418
12e5635e-5244-4a5d-a8e6-b90c62a49939,2c736b67-55bb-491d-830d-8c968e0d1db1,Karina Moran,jimenezsherry@example.org,PROD-5837,Function-based modular contingency,clothing,9,559.09,2025-06-05 03:52:23,cancelled,paypal,Puerto Rico,Greenville,5031.81,2025,6,5,high,2026-06-04T17:00:44.940418
dd853f5d-a206-44dc-a38d-6b16b68c850b,6b42a61f-11bb-4a77-bcb4-fbe1777b2ab5,Kyle Parker,thompsonedward@example.net,PROD-4545,Proactive even-keeled hub,sports,10,74.62,2026-05-17 04:57:12,cancelled,bank_transfer,Cayman Islands,West Caitlin,746.2,2026,5,17,high,2026-06-04T17:00:44.940418
f01c36e6-5547-4fd4-829a-911ed3908cb4,4659b20e-32a6-41c3-802d-f06566525deb,Karen Cabrera,eballard@example.net,PROD-3533,Right-sized upward-trending hardware,books,4,372.73,2026-03-11 07:03:15,cancelled,bank_transfer,Latvia,Port Jessicachester,1490.92,2026,3,11,high,2026-06-04T17:00:44.940418
7c7461f8-37fc-459a-956d-8aee4f502b1b,b8858a93-d38f-4b9c-bbb0-d5607e4e0ed5,Audrey Bennett,rharris@example.net,PROD-1502,Monitored intermediate capacity,food,4,659.27,2026-02-13 19:09:18,completed,bank_transfer,Ukraine,Deborahland,2637.08,2026,2,13,high,2026-06-04T17:00:44.940418
7169600c-4e0d-40a9-a2f5-44ed99d492b4,b6e83449-163d-4879-8107-a38e00e7c195,Melinda Murphy,juliegeorge@example.com,PROD-9792,Phased even-keeled emulation,food,9,938.34,2025-07-19 14:29:47,completed,credit_card,Chad,North Julia,8445.06,2025,7,19,high,2026-06-04T17:00:44.940418
00085996-422f-42f0-9c1d-ff99bec06636,5d9b521b-6e48-4a63-b4cb-de7473f974b6,Michael White,herringthomas@example.com,PROD-4534,Team-oriented systemic budgetary management,electronics,9,295.37,2026-05-23 15:49:46,cancelled,paypal,Cote d'Ivoire,Mcdanielstad,2658.33,2026,5,23,high,2026-06-04T17:00:44.940418
612ee4b6-c4f2-48fc-968c-068a3df4e7c3,62ae2ba1-e277-42e6-ae52-3abcb5d4f1ae,Krista Horn,walterkimberly@example.com,PROD-4242,Reverse-engineered exuding service-desk,books,10,584.4,2025-11-11 13:03:00,completed,credit_card,Togo,Roachhaven,5844.0,2025,11,11,high,2026-06-04T17:00:44.940418
cc020b84-b459-4160-8aff-71bf98c8a32b,bb32a7ed-4e58-43fc-a6c7-f99b3448136b,Alexander Miller,wbender@example.org,PROD-4617,Vision-oriented systemic standardization,food,1,558.05,2026-03-04 07:04:59,cancelled,credit_card,Finland,Watsonshire,558.05,2026,3,4,high,2026-06-04T17:00:44.940418
520a1190-6843-4666-b512-2af2161c86af,46398071-5e35-4a76-9eff-da0dc27738e0,Colton Rangel,johnsonelizabeth@example.net,PROD-5845,Face-to-face high-level extranet,clothing,2,320.74,2025-08-20 22:59:20,completed,paypal,Gibraltar,East Willie,641.48,2025,8,20,high,2026-06-04T17:00:44.940418
163cf7b0-90d7-4ca4-89fc-9d9e38ea4790,12189f0a-d8d2-4966-ae82-8fd28d82995f,Jessica Marshall,david68@example.com,PROD-4994,Devolved asynchronous installation,food,1,785.24,2026-01-23 14:02:53,cancelled,paypal,Korea,West John,785.24,2026,1,23,high,2026-06-04T17:00:44.940418
8c094ba3-a9b2-4bdd-bdd0-9e8b8333e26e,1e4d7dcb-2c0e-4b7b-ac86-72d963249b6c,Melanie Norman,johnhaney@example.net,PROD-7772,Future-proofed directional functionalities,electronics,5,143.78,2026-05-08 17:27:59,completed,paypal,Netherlands,Lake Jason,718.9,2026,5,8,high,2026-06-04T17:00:44.940418
d0e4ac34-0b85-4525-a73a-3faad3ed35f2,fbf1a911-d914-4590-a88e-960f163c9ffa,Dennis Miller,bradley41@example.net,PROD-4553,Synergistic upward-trending monitoring,food,4,637.45,2025-08-10 15:40:39,pending,paypal,Malawi,Lake Danaberg,2549.8,2025,8,10,high,2026-06-04T17:00:44.940418
1dde3859-faaf-477c-b627-dac547144abb,e9432b81-d1e1-42cf-a4ec-c37f7a91b3bf,Brittany Stafford,oking@example.org,PROD-6358,Cross-group bottom-line core,food,5,929.47,2025-07-20 16:33:57,cancelled,bank_transfer,Antigua and Barbuda,Patriciashire,4647.35,2025,7,20,high,2026-06-04T17:00:44.940418
bee89cf7-2aa3-4379-aab6-6a46048c07b9,8ec08c35-7db4-4bed-9e92-f2cd7f45bbf2,Raymond Cox,ijordan@example.net,PROD-5897,Compatible optimal open architecture,electronics,6,59.3,2025-11-25 17:39:44,cancelled,credit_card,Tuvalu,West Timfurt,355.8,2025,11,25,high,2026-06-04T17:00:44.940418
fa792d22-c2e6-4e55-a098-2b17e12c2554,e900501f-73c0-46df-84fd-8cdaaf17f774,Anita Gregory,ffry@example.net,PROD-6875,Ergonomic systemic parallelism,food,4,985.2,2025-06-16 18:13:49,completed,credit_card,Thailand,West Christopher,3940.8,2025,6,16,high,2026-06-04T17:00:44.940418
df3a63c0-036a-4db4-a692-2d8612b2d0c4,c3a52a0c-f830-4926-9ceb-29bb84b04dc9,Randy Hernandez,nicolewebb@example.com,PROD-2048,Distributed motivating encoding,sports,9,163.8,2025-12-17 13:48:07,pending,bank_transfer,Solomon Islands,North Tracy,1474.2,2025,12,17,high,2026-06-04T17:00:44.940418
7b1b1d3e-ff9b-47cd-a4b3-5da4cd141c37,7de20d0a-6269-4a5a-adf1-da10a990b597,Kyle Gutierrez,smithsara@example.com,PROD-3827,Team-oriented upward-trending monitoring,food,8,152.48,2025-12-07 06:57:17,completed,credit_card,Mexico,Nicolemouth,1219.84,2025,12,7,high,2026-06-04T17:00:44.940418
761ead18-4128-4565-9bd1-bc7ab14d8c45,f3d8b9d0-2954-4f0b-bd0b-d06a87f35fb0,Jonathan Serrano,samuel71@example.net,PROD-7916,Profound systematic attitude,electronics,10,430.9,2026-01-21 08:26:39,completed,bank_transfer,Turkey,East Michaelfort,4309.0,2026,1,21,high,2026-06-04T17:00:44.940418
9cd15b3f-a7bc-4b2a-86e7-9af35e6f49bd,ed2c92b9-2b85-4e78-b140-f05b29f8389e,Richard Diaz,robertschristina@example.com,PROD-9941,Operative bottom-line application,clothing,8,756.77,2025-11-17 02:07:29,completed,credit_card,Japan,Michaelbury,6054.16,2025,11,17,high,2026-06-04T17:00:44.940418
e4cf5e2c-7392-4c48-8071-2f15a054c170,43d1cb19-1035-4abb-ab86-f12ac3704b08,Bradley Miller,whitedakota@example.com,PROD-2000,Distributed tangible circuit,books,9,137.23,2025-06-27 01:11:27,pending,credit_card,Angola,Yvonnebury,1235.07,2025,6,27,high,2026-06-04T17:00:44.940418
1c99cb46-9df3-4d6e-899a-d78c647c401e,b74fdf72-6db0-47d7-95b3-a075420cea98,Nicole Edwards,mendezthomas@example.com,PROD-1400,Persevering zero tolerance solution,sports,8,509.8,2025-12-15 02:50:11,cancelled,paypal,Guinea-Bissau,Davidmouth,4078.4,2025,12,15,high,2026-06-04T17:00:44.940418
9684d1bb-3311-4614-98bf-e3c4abfdeb6f,d4209fc0-d7b7-4e25-9663-4d04524dd701,Crystal Jones,ndunn@example.net,PROD-2001,Customer-focused explicit initiative,clothing,2,145.43,2025-08-23 10:14:57,cancelled,credit_card,Eritrea,Josephberg,290.86,2025,8,23,high,2026-06-04T17:00:44.940418
8041cb50-36ea-4509-adda-bfa8b38bf276,e7b80c69-d4c3-46d3-87ac-c6ccd6763bbe,Susan Meyers,gtran@example.com,PROD-2719,Customer-focused reciprocal Local Area Network,electronics,6,767.12,2025-07-02 06:11:25,pending,paypal,Samoa,Port Logan,4602.72,2025,7,2,high,2026-06-04T17:00:44.940418
d67301c4-fc55-45f8-82ff-92bc51cecf92,ba82a71b-d49b-4c2f-9223-866fdb035e7a,Thomas Fitzgerald MD,jimenezpaula@example.net,PROD-7421,Balanced zero administration circuit,electronics,6,765.17,2026-01-24 04:26:20,pending,paypal,Zambia,New Justinchester,4591.02,2026,1,24,high,2026-06-04T17:00:44.940418
c8d53450-4c36-420f-8a77-5e09b467fa85,a43a0afb-1b88-4e0c-900d-515c98f0e105,Karen Barber,shaunchurch@example.net,PROD-5411,Front-line explicit challenge,sports,9,790.7,2025-12-01 20:41:56,cancelled,credit_card,United States Minor Outlying Islands,Gomezmouth,7116.3,2025,12,1,high,2026-06-04T17:00:44.940418
dc243aab-5231-42f1-a1f3-c8e1a463e51d,ab8857b9-ba62-4e68-aa98-d9f964120bea,Linda Hogan,pgreen@example.com,PROD-7738,Synergized fresh-thinking installation,electronics,6,903.99,2026-02-16 08:12:16,pending,bank_transfer,Bulgaria,Lake Katherine,5423.94,2026,2,16,high,2026-06-04T17:00:44.940418
0a7fd7f3-7e52-4c4d-ac87-4fb8dd689f48,f25c07a3-0934-4c08-93a3-c10c7c133371,Omar Liu,emma90@example.net,PROD-5324,User-friendly 6thgeneration orchestration,food,7,226.05,2025-09-11 19:48:08,pending,credit_card,Nauru,Millerfort,1582.35,2025,9,11,high,2026-06-04T17:00:44.940418
c04c60bf-c7b6-4991-9e40-b491afa9a938,ad893f09-dd21-4fde-82f5-d4d3d45edb0f,Heather French,mario86@example.net,PROD-7481,Profound eco-centric migration,food,9,391.2,2026-01-23 00:38:08,pending,paypal,Ukraine,North Catherine,3520.8,2026,1,23,high,2026-06-04T17:00:44.940418
b72748bb-2579-4ede-b3d6-5a5acfabcb57,cd20bcdc-7387-4ad0-8af9-7183e5e034f8,Stephen Alvarado,bburns@example.net,PROD-4772,Customer-focused non-volatile firmware,books,7,651.94,2025-11-09 11:53:46,completed,paypal,Ukraine,Michealstad,4563.58,2025,11,9,high,2026-06-04T17:00:44.940418
ee2d521e-64aa-4a9f-a204-6523b0de5719,c17fbfa5-7b9c-40b7-92c2-5cffc5e51eaa,Barry Brooks,adamlynch@example.net,PROD-7993,Synergistic 24/7 Graphic Interface,books,5,330.28,2025-09-20 23:00:56,cancelled,credit_card,Moldova,West Ashleeside,1651.4,2025,9,20,high,2026-06-04T17:00:44.940418
c44a0cb9-b258-408e-8591-df04e4aade50,2e6faab7-ea11-4449-b1f7-1ed3d9373719,Dustin Gonzalez,ocarey@example.com,PROD-4009,Visionary empowering synergy,electronics,10,40.7,2026-05-12 07:59:42,completed,credit_card,Mauritius,Fernandezstad,407.0,2026,5,12,high,2026-06-04T17:00:44.940418
5a861a72-2f19-4f92-949b-87c31deaec2e,bc175faa-6dc5-4fa5-be0e-bf461e570aa4,Marc Clayton,adamwhite@example.net,PROD-7641,Synergistic grid-enabled website,books,1,618.26,2025-05-27 02:26:32,cancelled,bank_transfer,Antigua and Barbuda,Brianbury,618.26,2025,5,27,high,2026-06-04T17:00:44.940418
3cf7eaea-67a5-49f8-a2b2-b6f7a9897f20,efad3451-e31e-43d0-bfcc-821225072b45,Amanda Leach,susansawyer@example.org,PROD-4630,Assimilated uniform portal,sports,10,37.4,2025-11-16 05:04:35,completed,credit_card,China,East Jaime,374.0,2025,11,16,high,2026-06-04T17:00:44.940418
7ef813ce-5014-4024-990f-5212ebf32456,7675f970-6923-436b-b7f0-a145e8a93f22,Audrey Cline,william87@example.net,PROD-1265,Multi-channeled zero administration toolset,food,2,939.16,2025-10-25 16:06:07,completed,bank_transfer,Samoa,Nicoleburgh,1878.32,2025,10,25,high,2026-06-04T17:00:44.940418
1b59fa46-56e5-4144-8142-3d9c63073425,7c6f0ae0-94e6-469b-88db-8690074c9e2a,Keith Weber,randylopez@example.com,PROD-9787,Function-based coherent functionalities,books,5,494.38,2025-12-20 19:46:04,completed,credit_card,Sweden,West Crystal,2471.9,2025,12,20,high,2026-06-04T17:00:44.940418
447ffade-e97c-4c00-b6af-4c76a8661f4a,5306c563-be8e-4f19-b837-781202403ac6,Andrea Clark,dhoward@example.com,PROD-7287,Face-to-face 5thgeneration challenge,clothing,3,823.02,2026-03-25 11:01:43,completed,credit_card,Oman,East Richard,2469.06,2026,3,25,high,2026-06-04T17:00:44.940418
365df664-d00a-4d6a-a366-db5d111c22e6,fea33aef-5d8f-4a57-a7f5-f0bcb2f7dd34,Veronica Dudley,williamsjessica@example.com,PROD-7697,Object-based clear-thinking attitude,clothing,7,329.25,2025-10-07 02:37:05,cancelled,credit_card,Honduras,Lake Teresa,2304.75,2025,10,7,high,2026-06-04T17:00:44.940418
d60df217-1755-4ac5-9e1f-9b71d7fcd665,719a6ed5-967d-45ae-99ff-1f528b84c946,Laura Ramirez,zcarter@example.com,PROD-7226,Total maximized matrix,clothing,4,822.97,2026-04-04 09:01:36,completed,bank_transfer,Christmas Island,Port Daniel,3291.88,2026,4,4,high,2026-06-04T17:00:44.940418
64b9c4de-871a-4274-861b-ab7632b97dce,0bac4c32-5805-4c5f-9418-2c7cbfa99a6b,Ronald Norris,hillsarah@example.org,PROD-2494,Focused solution-oriented customer loyalty,food,6,721.8,2025-12-15 01:42:58,completed,credit_card,Afghanistan,Lindatown,4330.8,2025,12,15,high,2026-06-04T17:00:44.940418
2abd5cde-6f4d-4380-ba80-554e0bf393ea,b23ffba2-ce19-4454-85ca-2425e8e32c14,Dr. Michelle Calderon MD,cooknathan@example.net,PROD-6547,Organic mission-critical pricing structure,clothing,9,75.98,2026-03-17 22:53:29,completed,bank_transfer,Micronesia,Smithshire,683.82,2026,3,17,high,2026-06-04T17:00:44.940418
ff2d73b1-0454-4c8d-b7ee-aa4640c3f4d6,78078261-5e77-41d8-b4ee-5dd2d821656e,Hannah Martin,ccalderon@example.net,PROD-7974,Sharable national artificial intelligence,food,1,187.27,2026-03-08 21:28:27,cancelled,paypal,North Macedonia,South Dustin,187.27,2026,3,8,medium,2026-06-04T17:00:44.940418
cfb0ce05-d73c-49df-b7f3-82d3a4e272b3,cca6862e-693c-4f10-bacf-1ed73e038edd,Jason Black,melissa35@example.com,PROD-2622,Function-based neutral task-force,clothing,10,926.05,2025-08-17 01:43:37,pending,bank_transfer,Tajikistan,Williamsport,9260.5,2025,8,17,high,2026-06-04T17:00:44.940418
c4b9c22e-bfa4-4cd2-8751-3c14037e04ea,3aebcced-4027-4f2b-9287-4a47e8d4d31e,Shawn Frank,bbrown@example.net,PROD-5246,Exclusive optimal encryption,sports,2,905.72,2025-08-19 10:49:30,completed,bank_transfer,Bhutan,Margaretborough,1811.44,2025,8,19,high,2026-06-04T17:00:44.940418
214bcef8-e1e1-424d-b6cf-50236a7c83c3,f006e003-8b11-4379-acd3-6025d134210c,Todd Cummings,johnbaird@example.com,PROD-4305,Centralized bi-directional framework,electronics,4,953.95,2025-12-29 01:54:02,cancelled,credit_card,Guadeloupe,Port Johntown,3815.8,2025,12,29,high,2026-06-04T17:00:44.940418
68e2abc0-0e68-4248-9f03-ea0250ca6c97,24d4c084-e3ab-4b32-9d75-6adfd47015a7,Jerome Daniels,oscar20@example.net,PROD-9600,Sharable client-driven projection,food,6,465.22,2025-12-12 21:54:01,cancelled,bank_transfer,Egypt,New Susan,2791.32,2025,12,12,high,2026-06-04T17:00:44.940418
522dce6a-23ef-4a7e-8df0-c56c0cfabb72,ded4dea6-b2ed-47a3-9b4d-fe0bcd9a4570,Gabriel Wilson,darrellswanson@example.org,PROD-2270,Innovative 24hour pricing structure,books,5,603.32,2026-04-03 20:16:37,cancelled,credit_card,Albania,Nicholasview,3016.6,2026,4,3,high,2026-06-04T17:00:44.940418
7ced9de8-a834-44bc-9d0a-53348c1499a8,c37def5c-d0fb-4089-a640-d1ecece9e61d,Melissa Molina,adamdonaldson@example.org,PROD-2444,Digitized stable collaboration,sports,5,65.73,2026-03-23 20:49:17,pending,credit_card,Mongolia,Jessicashire,328.65,2026,3,23,high,2026-06-04T17:00:44.940418
2449d21d-d26f-4ee5-8e91-0d66b9af77a8,586cf84a-ed0b-4a29-9fba-84d790d0c43a,Benjamin Ramos,erandolph@example.com,PROD-9185,Integrated intangible superstructure,electronics,5,943.14,2025-11-29 09:57:23,pending,credit_card,United States Minor Outlying Islands,Contrerasborough,4715.7,2025,11,29,high,2026-06-04T17:00:44.940418
dcca7c59-7598-4b63-8f36-4a3e4b242c09,086e898d-cfa5-43b1-9510-ea44cc693891,Justin Miller,oreed@example.org,PROD-3477,Ergonomic mobile contingency,food,6,111.72,2025-09-19 13:40:48,cancelled,paypal,Denmark,New Eric,670.32,2025,9,19,high,2026-06-04T17:00:44.940418
cf967830-5844-4828-a9f7-a98be0b99aae,038602d8-ad50-4910-bab3-657bfcb259bd,Mr. Andre Simon,josephsonya@example.net,PROD-6779,Managed web-enabled time-frame,sports,4,986.36,2026-04-26 19:30:31,pending,paypal,Nicaragua,South Ernestfort,3945.44,2026,4,26,high,2026-06-04T17:00:44.940418
b556c7ef-1eb0-4ec2-9faa-427352d833e7,0d34bf36-7dba-4b0d-a069-e121e8d337e1,Shannon Morse,jamesrodriguez@example.com,PROD-5208,Multi-lateral composite protocol,food,8,238.17,2026-03-08 16:31:52,pending,paypal,Guernsey,Bellland,1905.36,2026,3,8,high,2026-06-04T17:00:44.940418
115e53a2-76b7-4831-aaca-2edd3092f98a,6c4a41b7-d518-4cdf-ace7-e84b4bc0fa57,Lauren Strong,katie87@example.net,PROD-2711,Open-source homogeneous middleware,electronics,8,520.71,2025-06-06 17:43:04,completed,paypal,Comoros,Alexisborough,4165.68,2025,6,6,high,2026-06-04T17:00:44.940418
1e11d71d-daa4-423d-ac80-a954cd08ea7b,387b780b-3f83-4fab-9a26-6ee0854657e1,David Perry,dennisjohn@example.com,PROD-6422,Face-to-face dedicated monitoring,clothing,5,434.07,2025-10-13 18:58:55,completed,paypal,Mali,Davidtown,2170.35,2025,10,13,high,2026-06-04T17:00:44.940418
38b719ee-1ddb-4e5b-865d-2f63524d85fc,4ca6a6ec-4adb-4ba5-a534-01bd5a59fee2,Rebecca Campbell,stewartmark@example.net,PROD-2221,Synergized holistic extranet,electronics,7,843.46,2025-08-19 10:48:21,pending,credit_card,Ecuador,Kellyhaven,5904.22,2025,8,19,high,2026-06-04T17:00:44.940418
b27d0b4e-2f98-4084-83b3-358162042d97,f732e665-a6cf-408b-b668-69b5c48cdb4d,Sean Farley,brittneydaniels@example.org,PROD-1332,Customer-focused optimizing adapter,clothing,1,497.75,2025-09-04 00:26:19,completed,bank_transfer,Kuwait,South Chrisstad,497.75,2025,9,4,high,2026-06-04T17:00:44.940418
e89b055c-59fa-4377-aaf7-f8f3bb543612,96fbae1a-f64a-4955-b077-cee614c3fd4a,Whitney Hill,loriporter@example.com,PROD-6064,Diverse bi-directional Graphical User Interface,books,1,910.44,2025-11-26 19:10:05,completed,paypal,Brazil,North Christopher,910.44,2025,11,26,high,2026-06-04T17:00:44.940418
772a5a5a-a79f-46f8-8b20-8464d5e0d139,47124c5d-c958-4108-b987-503985241107,Lauren Anderson,jacobsthomas@example.com,PROD-6080,Visionary global access,sports,2,721.47,2026-04-15 02:10:19,cancelled,paypal,Monaco,New Walterburgh,1442.94,2026,4,15,high,2026-06-04T17:00:44.940418
13b39a35-f2f5-4f33-9cab-3f970f6361a2,14f0ee05-e982-4882-83ce-3ebd748731a3,John Nelson,hnelson@example.org,PROD-3915,Advanced solution-oriented process improvement,books,9,977.74,2025-06-07 13:47:37,cancelled,bank_transfer,Belarus,Louisport,8799.66,2025,6,7,high,2026-06-04T17:00:44.940418
8b443fd7-4c9c-4343-91fa-abc5b127aa69,38bd3b1d-bfec-4588-9654-b056ddd6558e,Amber Robinson,sarabrown@example.net,PROD-6946,Seamless foreground groupware,food,3,71.89,2025-10-28 23:18:22,pending,paypal,Yemen,Andrewchester,215.67,2025,10,28,high,2026-06-04T17:00:44.940418
e9ece7e4-d426-485d-8131-052793b2db08,7101ffa9-9a6b-4b46-a314-1f6040bd91aa,Megan Johnson,howekyle@example.com,PROD-5377,Enterprise-wide secondary software,food,4,267.42,2026-03-17 02:55:41,cancelled,paypal,Turkey,North Lisa,1069.68,2026,3,17,high,2026-06-04T17:00:44.940418
8a7810e0-0a39-4982-b444-7926d59769ef,065e301c-46f2-44dc-9cac-dbacf31ded29,Priscilla Williams,daniel81@example.org,PROD-3554,Cloned user-facing archive,food,8,456.75,2026-01-30 15:23:04,completed,bank_transfer,Equatorial Guinea,West Donna,3654.0,2026,1,30,high,2026-06-04T17:00:44.940418
f1312c67-0d1c-4986-bb96-93a8ea84ea08,54ce8f5a-4b82-4a0a-af93-830b8eba221d,Pamela Fitzgerald,reevesstacey@example.net,PROD-2069,Cross-platform next generation Graphical User Interface,food,6,655.78,2026-03-03 05:27:50,cancelled,paypal,Nauru,Daltonland,3934.68,2026,3,3,high,2026-06-04T17:00:44.940418
4ab60282-8496-417f-9a3a-ed9275243dd5,611fbb2b-6c50-4313-add2-5d2c120c0aab,Regina Kelley,john82@example.org,PROD-1384,Re-contextualized hybrid workforce,books,5,926.87,2026-01-31 20:51:24,completed,paypal,Georgia,North Danielberg,4634.35,2026,1,31,high,2026-06-04T17:00:44.940418
7d4ffaa6-799c-48fb-b4c7-6f517c526ce9,1c71f665-89fd-4f9c-ac02-b4e71884dd41,Nathan Huynh,bhill@example.org,PROD-7893,Polarized logistical software,books,7,333.68,2026-02-09 03:28:48,pending,paypal,Bahrain,Port Gina,2335.76,2026,2,9,high,2026-06-04T17:00:44.940418
6ff50ab1-d446-4f17-838c-287bf32e9056,21379277-dd2e-4f91-abeb-545a774e7b82,Patrick Diaz,kennethbeck@example.net,PROD-4196,Business-focused encompassing support,clothing,5,304.49,2025-05-26 16:23:49,pending,bank_transfer,Micronesia,West Mikemouth,1522.45,2025,5,26,high,2026-06-04T17:00:44.940418
b8981abf-c20c-4669-ae9a-6eef3a23d2f0,0510a0d1-abf4-4597-8431-80d33148a4c1,Hannah Clark,gstewart@example.net,PROD-9398,Extended demand-driven extranet,sports,3,599.07,2025-11-24 20:45:05,completed,bank_transfer,Norfolk Island,North Matthewhaven,1797.21,2025,11,24,high,2026-06-04T17:00:44.940418
ae877ba9-07a0-4dab-a5cc-3918d6193904,5ea65c0e-5b67-4908-be2b-6db465830f55,Lauren Ibarra,david34@example.net,PROD-4054,Customizable stable methodology,books,5,958.3,2025-12-25 11:44:25,completed,bank_transfer,North Macedonia,Wagnerchester,4791.5,2025,12,25,high,2026-06-04T17:00:44.940418
7082a4fc-7bc0-4812-98e2-d614a47b7b79,c99e8222-3525-4416-b802-0b337fed8540,Richard Mccarthy,natalie94@example.com,PROD-1446,Organic discrete workforce,food,7,86.47,2026-02-18 19:01:37,pending,bank_transfer,Uzbekistan,South Barbarafurt,605.29,2026,2,18,high,2026-06-04T17:00:44.940418
74d9594f-cb8d-4457-854c-3216117c8f88,517d2f0f-5a5e-44a2-9c14-06b76094684a,Kimberly Williams,wmatthews@example.org,PROD-7264,Multi-channeled multi-state complexity,electronics,2,611.43,2026-01-22 05:07:00,cancelled,paypal,Yemen,South Jennifer,1222.86,2026,1,22,high,2026-06-04T17:00:44.940418
ff1f7507-fd70-4718-8325-c5a720ddfefb,50e3215e-b39c-4489-bb95-55486e4422ed,Nicole Carter,timothystephenson@example.org,PROD-6455,Visionary eco-centric support,sports,1,26.45,2025-11-03 01:42:43,pending,paypal,Grenada,South Alyssaburgh,26.45,2025,11,3,low,2026-06-04T17:00:44.940418
1e4d9b70-f9df-4ceb-b0e7-fa6c1e26a3fe,e87956e6-b5ce-4566-a83c-6e861c5dd437,Victor Davidson,curtisali@example.net,PROD-7982,Integrated even-keeled functionalities,sports,5,713.39,2025-12-18 18:22:53,completed,paypal,Namibia,South Hunter,3566.95,2025,12,18,high,2026-06-04T17:00:44.940418
9cf812f9-2179-48e6-867c-cfe80dc41f99,b848f622-df3d-4a45-89a6-fad9c55597f1,Samantha Ryan,miranda88@example.org,PROD-4387,Streamlined optimizing monitoring,books,6,447.46,2026-04-08 09:57:06,cancelled,paypal,Moldova,Alexton,2684.76,2026,4,8,high,2026-06-04T17:00:44.940418
3f267568-c89f-4add-9612-59c013d4a033,b9d5ab18-c66c-483a-9eeb-29a7fed19e80,Rachel Espinoza,jpowell@example.com,PROD-5738,Vision-oriented logistical throughput,sports,5,529.78,2025-12-11 05:16:22,pending,credit_card,Antigua and Barbuda,New Emily,2648.9,2025,12,11,high,2026-06-04T17:00:44.940418
ac61e34c-3e54-4a63-9636-2b6210bebf62,24899ad2-db03-4bb6-8dee-a61254402b96,Sarah Johnson,heidi34@example.com,PROD-6543,Self-enabling 24/7 array,electronics,7,530.28,2025-06-28 15:07:01,completed,credit_card,Christmas Island,Port Daleton,3711.96,2025,6,28,high,2026-06-04T17:00:44.940418
f0cf6f8c-7ecc-4338-a056-5e5fdc7b12b1,0cbaa3b1-a681-40b2-a4ec-b9eea4bcf17e,Micheal Jones,fischercarolyn@example.com,PROD-9397,Visionary value-added analyzer,clothing,3,120.09,2026-03-25 20:26:20,cancelled,credit_card,Qatar,New Ryan,360.27,2026,3,25,high,2026-06-04T17:00:44.940418
7a5fed13-fbe5-4fbe-912d-7cb0cbfa844c,a0e68bab-4d27-4d30-b9a9-31cc89ba4f7d,Jessica Boyer,stewartbenjamin@example.com,PROD-3600,Operative 3rdgeneration matrix,clothing,7,839.75,2025-10-16 16:36:16,pending,bank_transfer,Guadeloupe,Abbotthaven,5878.25,2025,10,16,high,2026-06-04T17:00:44.940418
0454189a-7c4e-45db-b1ae-d71d6ed56d07,75fb6bf0-1003-409e-b218-f75c275a1884,Jasmine Walter,jillgriffin@example.com,PROD-2073,Advanced multi-state circuit,sports,5,263.65,2025-08-23 16:37:25,cancelled,paypal,Bosnia and Herzegovina,Gonzalezland,1318.25,2025,8,23,high,2026-06-04T17:00:44.940418
de96b648-890d-4295-a428-518469308276,bea97fa1-3edc-46ea-8a00-d77a8b67abb1,Jason Spencer,rmcdaniel@example.net,PROD-2176,Operative didactic collaboration,books,3,250.2,2025-05-26 12:23:37,pending,bank_transfer,Greece,Callahanside,750.6,2025,5,26,high,2026-06-04T17:00:44.940418
4c59b02a-77b4-469c-a6c9-569a97f5c8a2,039c3f1c-2060-4125-9501-2a03611ccf36,Sandra Miranda,kaitlin71@example.net,PROD-6522,Phased content-based ability,books,8,133.31,2025-12-23 21:36:43,cancelled,credit_card,South Africa,Annfort,1066.48,2025,12,23,high,2026-06-04T17:00:44.940418
e5121412-3f8e-4e82-b20d-7f561d95f7b5,0fe162b1-7e41-4e15-9409-7f338e9e11f6,Christine Austin,crystalbanks@example.com,PROD-8057,Total global focus group,food,2,469.61,2025-08-13 00:23:43,completed,credit_card,Yemen,Michaelside,939.22,2025,8,13,high,2026-06-04T17:00:44.940418
b43bfb38-7f2b-4407-88f2-53daca61b49e,33a1c3bf-bd0f-4c51-8999-80d8fd5b7003,Sheryl Edwards,tbaker@example.com,PROD-8845,Organic next generation collaboration,electronics,5,610.86,2025-10-02 15:37:40,pending,paypal,Libyan Arab Jamahiriya,Alexanderville,3054.3,2025,10,2,high,2026-06-04T17:00:44.940418
636b93e0-c000-40ee-a08b-d4c6fd6822a5,89a5c706-7c4e-4949-bccd-639554c17a5a,Vincent Cummings,brian67@example.org,PROD-8204,Enterprise-wide real-time hub,electronics,2,835.67,2025-07-03 19:01:37,completed,paypal,Hungary,Port Tannerstad,1671.34,2025,7,3,high,2026-06-04T17:00:44.940418
31bc2101-58d1-44f5-baef-1e582b962297,0b959ff6-9bd7-427d-9c5e-e0a1e520ea66,Robert Chapman,juan23@example.com,PROD-3883,Versatile demand-driven installation,food,6,643.42,2026-02-08 14:46:04,pending,credit_card,Andorra,Markville,3860.52,2026,2,8,high,2026-06-04T17:00:44.940418
25a54d91-d4b4-46dd-8832-d05c01bef5bc,39ee9041-e7f8-4f4f-8429-87aa5a9ab10a,Tracy Fleming,paige04@example.com,PROD-9704,De-engineered demand-driven encryption,electronics,8,676.78,2025-11-22 22:38:36,completed,paypal,United States Virgin Islands,Port Joshua,5414.24,2025,11,22,high,2026-06-04T17:00:44.940418
dc389456-d78f-4a1a-9e62-50a07a5520ab,eff25867-e7b5-4f82-81da-45d8d75912b6,Leslie King,wilsonjasmine@example.org,PROD-2703,Secured contextually-based frame,clothing,1,817.85,2025-07-28 04:19:12,pending,bank_transfer,Libyan Arab Jamahiriya,East Mackenzie,817.85,2025,7,28,high,2026-06-04T17:00:44.940418
8a0a408e-cc32-4184-b54b-3297915ed52b,4bae72a9-3135-47ea-a2e1-355348affd03,Stephanie Carroll,pyork@example.net,PROD-1484,Polarized logistical standardization,books,10,439.19,2025-11-07 22:46:16,pending,bank_transfer,Japan,Brownland,4391.9,2025,11,7,high,2026-06-04T17:00:44.940418
f8581842-1583-4880-b7d3-9910f2f2ff50,fa26a3e9-497b-4b93-91f6-6d56a55b4cc0,Jason Travis,jmoreno@example.net,PROD-3717,Profound client-server database,food,10,359.38,2026-04-29 04:19:58,completed,paypal,Saint Helena,Lake Kristinetown,3593.8,2026,4,29,high,2026-06-04T17:00:44.940418
0a5dcb19-3e43-436c-a4d4-39443edf29aa,c0671a91-4cf9-4ff4-8535-760e1fe8cfc5,Rachel Gutierrez,mullinswilliam@example.com,PROD-9591,Decentralized fault-tolerant firmware,books,7,889.34,2025-07-05 01:37:05,pending,credit_card,Tanzania,New Markhaven,6225.38,2025,7,5,high,2026-06-04T17:00:44.940418
83582213-137f-405d-9b65-6d34cc1997ed,0c5a21fe-fbd5-46ad-9526-b773fe0d1dbf,Thomas Sandoval Jr.,aglass@example.com,PROD-8852,User-centric reciprocal pricing structure,food,4,757.52,2025-08-10 14:13:46,completed,paypal,Antarctica (the territory South of 60 deg S),Madisonberg,3030.08,2025,8,10,high,2026-06-04T17:00:44.940418
0249eb39-67a1-4c0e-9ef8-8b1e1f1d7aec,2ea85ec3-8f80-4e7b-beef-898303a45420,William Russell,vschwartz@example.com,PROD-6025,Multi-tiered upward-trending synergy,electronics,5,999.9,2026-03-12 19:00:05,pending,credit_card,Turkmenistan,Reyesport,4999.5,2026,3,12,high,2026-06-04T17:00:44.940418
aaf8a30d-5d39-4e97-baf4-e1168cc12b8e,4e0c74d3-6240-4350-bd32-e880c84cef5f,Benjamin Spencer,rbuchanan@example.net,PROD-5763,Configurable 5thgeneration artificial intelligence,clothing,5,126.25,2025-08-31 16:55:04,cancelled,bank_transfer,Uzbekistan,East Lawrence,631.25,2025,8,31,high,2026-06-04T17:00:44.940418
7e35ecf9-4009-4bbe-8ac0-9ae20e735548,05d61094-5281-44bf-8400-88412d15b217,Jason Morales,gibbsrebecca@example.net,PROD-4220,Team-oriented foreground service-desk,books,9,469.46,2025-08-01 06:40:58,completed,paypal,Anguilla,Russomouth,4225.14,2025,8,1,high,2026-06-04T17:00:44.940418
51c0308e-af1d-4553-a819-88c47ed74d81,630bf88f-c3b3-4008-be98-4106cb9e6f34,Matthew Castaneda,joseph79@example.org,PROD-5735,Progressive even-keeled capability,books,8,318.2,2025-08-28 00:20:03,cancelled,paypal,Denmark,Jacksontown,2545.6,2025,8,28,high,2026-06-04T17:00:44.940418
bb90ae54-0dca-4112-a3a5-376f8fcacf8b,ad4de585-7ac0-4b95-871a-638e9ee27819,Charles Cannon,robersonmicheal@example.com,PROD-2024,Fully-configurable disintermediate capability,food,8,101.67,2026-05-01 12:12:08,pending,paypal,Honduras,South Debra,813.36,2026,5,1,high,2026-06-04T17:00:44.940418
779acff1-f692-49dd-992b-3896ac5dcba9,3afc27a3-ab63-49c9-a43e-71c35dec7b26,Hayley Haney,tcortez@example.com,PROD-3970,Diverse hybrid circuit,electronics,7,789.75,2026-01-17 01:18:35,cancelled,paypal,Pitcairn Islands,North Davidhaven,5528.25,2026,1,17,high,2026-06-04T17:00:44.940418
7daa5872-84da-4c19-bdbd-3c45b7e14a03,5093ddb0-2e9d-4326-8b3b-aca7aa3a5b84,Amber Grant,samuel30@example.org,PROD-1202,Digitized methodical neural-net,food,4,588.66,2026-01-21 02:15:10,pending,bank_transfer,Norfolk Island,Lake Cody,2354.64,2026,1,21,high,2026-06-04T17:00:44.940418
85b3da9c-3373-4cc9-981a-15c43dc01d84,a1ff5936-7c85-41a9-8b82-f4b1b7d68197,Dorothy Sanchez,antonio11@example.com,PROD-9027,Seamless tangible standardization,books,9,828.38,2025-12-19 02:27:59,cancelled,paypal,Zimbabwe,South Bryan,7455.42,2025,12,19,high,2026-06-04T17:00:44.940418
a6a0ac7a-a76d-4d1b-bca8-2314410a7745,48a407b1-3b62-4324-b039-972c0388b0c0,Jessica Vaughn,jessehatfield@example.net,PROD-1738,Persistent radical core,sports,10,412.13,2026-03-25 08:34:27,pending,credit_card,Liberia,East Heatherview,4121.3,2026,3,25,high,2026-06-04T17:00:44.940418
6ae7c608-fac1-49d6-b227-5521faca2cb8,f394c991-1258-489c-9540-4afb7025fb13,Jessica Lopez,martinezbruce@example.com,PROD-4685,Organic 24hour open architecture,books,1,968.73,2025-08-18 04:07:17,cancelled,bank_transfer,Nicaragua,Port William,968.73,2025,8,18,high,2026-06-04T17:00:44.940418
627fc836-df3a-4633-9f8a-88af90c9f09c,f9469d96-36bc-4a1d-8337-8c8fd4d620cd,Amber Burnett,barbara85@example.org,PROD-9995,Front-line zero-defect portal,electronics,5,190.19,2025-10-09 22:33:37,pending,credit_card,Falkland Islands (Malvinas),Port Arielport,950.95,2025,10,9,high,2026-06-04T17:00:44.940418
74fd19b5-75b5-4f7a-add2-aaa5e041a2c9,5a0555dc-56d7-40fc-81d4-3e6da9ef964d,Alexis Medina,salazarangela@example.org,PROD-2623,Persevering client-driven hardware,food,2,321.55,2025-11-16 02:20:07,completed,paypal,South Africa,Huntland,643.1,2025,11,16,high,2026-06-04T17:00:44.940418
3b843e83-48c4-4556-8065-76ee1d04df8e,561c0b45-426a-44da-abf4-ce19bd7097cd,William Smith,hlawson@example.com,PROD-3007,Multi-layered 4thgeneration alliance,electronics,9,133.57,2025-10-18 20:46:07,cancelled,paypal,Bahamas,Evansview,1202.13,2025,10,18,high,2026-06-04T17:00:44.940418
4b88cd47-2e6a-4dc4-964e-a8be22a32402,279a698a-db6b-449e-a2ca-abb77d9c273b,Barbara Mcclain,zwhite@example.com,PROD-8910,Centralized static throughput,sports,3,701.29,2025-09-27 08:30:26,completed,paypal,Korea,Ericland,2103.87,2025,9,27,high,2026-06-04T17:00:44.940418
445fb93e-d853-4241-81ba-601113fd9341,a34a217f-41c5-460e-a986-2408d75d443e,Mary Allen,annamckay@example.org,PROD-2255,Multi-layered secondary attitude,food,10,908.95,2026-05-04 18:24:29,pending,credit_card,Benin,Potterland,9089.5,2026,5,4,high,2026-06-04T17:00:44.940418
40782fbe-efcd-4db3-918e-6eaa6bb680b0,ed195865-d58d-49d4-bec1-93c8870288c6,Kim Erickson,whitelauren@example.net,PROD-4604,Pre-emptive value-added customer loyalty,books,3,709.6,2026-04-28 23:04:11,completed,bank_transfer,Jamaica,Port Amandatown,2128.8,2026,4,28,high,2026-06-04T17:00:44.940418
e2371154-93e1-43cf-a034-4358fad3bc95,e181c5ed-8f6d-4659-8503-7664635f12b8,Andrea Edwards,martinamy@example.net,PROD-9615,Pre-emptive exuding collaboration,food,10,892.77,2026-04-17 10:57:04,cancelled,paypal,Gibraltar,Morrowside,8927.7,2026,4,17,high,2026-06-04T17:00:44.940418
b4219f38-e136-4dd9-928a-28c86ee18af5,6623d642-f8fc-4d0a-9333-462c29d41257,Kelly Ortega,robert55@example.com,PROD-5912,Cross-group explicit installation,food,9,350.72,2026-03-18 08:06:07,completed,credit_card,Iraq,North Jacobberg,3156.48,2026,3,18,high,2026-06-04T17:00:44.940418
9cc0438a-783e-4e17-ba77-d676774367dd,064926fe-0f23-4fd2-968a-6cb504be5f26,Eric Brady,stephanierusso@example.org,PROD-6884,Seamless transitional data-warehouse,books,3,680.05,2025-09-16 13:11:28,cancelled,credit_card,Djibouti,Gardnertown,2040.15,2025,9,16,high,2026-06-04T17:00:44.940418
40367f20-293c-4183-a4fb-6637fbb84579,f65f51af-674a-4cc7-a790-f1497ef9b93d,Dean Bell,gary57@example.net,PROD-6395,Innovative national product,books,8,560.08,2026-04-21 11:28:46,pending,paypal,Qatar,Lake Angela,4480.64,2026,4,21,high,2026-06-04T17:00:44.940418
7366ab78-eeea-4faa-811c-448d4b2f0298,6501d152-faee-4361-8dd7-18f191a84c1f,Stephanie Carlson,pearsonandrew@example.net,PROD-1403,Compatible directional matrix,electronics,3,527.54,2025-09-12 22:13:08,cancelled,paypal,Micronesia,New Curtisstad,1582.62,2025,9,12,high,2026-06-04T17:00:44.940418
ecf80e7e-b640-4195-9955-7742213ac105,35b670ef-8efd-48a8-b56f-41303776cc05,Andrew Martinez,markmiles@example.com,PROD-2232,Cloned hybrid open architecture,sports,7,865.12,2025-07-16 00:05:14,pending,credit_card,Rwanda,Chaseborough,6055.84,2025,7,16,high,2026-06-04T17:00:44.940418
8ed2198c-e5bb-4e48-b288-7d9bd0704bd4,7aa74032-48bf-44fc-9ffe-afff239bad83,Richard Travis,nicoleayers@example.net,PROD-1761,Function-based full-range emulation,electronics,3,715.42,2026-03-05 01:03:22,completed,credit_card,Cape Verde,Warrenville,2146.26,2026,3,5,high,2026-06-04T17:00:44.940418
8c95e2c1-1a35-4f90-b09f-d39f0d2d5863,6b000488-5f5e-4c70-87d8-b792678dccaf,Stephanie Turner,bushdiana@example.com,PROD-9826,Diverse foreground model,electronics,8,771.95,2025-10-30 19:39:09,pending,paypal,Myanmar,East Jessetown,6175.6,2025,10,30,high,2026-06-04T17:00:44.940418
48f34d13-875c-43b6-bb89-bf176936d3de,22331699-16cc-45e4-8803-3c00f5cf8e36,David Nelson,christophercoffey@example.net,PROD-7504,Enhanced clear-thinking concept,food,5,147.37,2025-06-12 08:33:13,completed,credit_card,Eritrea,South Tamichester,736.85,2025,6,12,high,2026-06-04T17:00:44.940418
d8230943-1934-4842-b9c1-29111fb009b5,30476436-9a1c-45a2-aca0-43994de7a6f6,Mary Knight,vadkins@example.net,PROD-1029,Multi-layered 24hour contingency,electronics,8,527.31,2026-04-02 12:27:55,cancelled,credit_card,Jersey,Emmahaven,4218.48,2026,4,2,high,2026-06-04T17:00:44.940418
e9d27ade-ef81-4d1a-8867-8e91fc6d7b31,3460ed61-e7c9-4b83-9f1f-c4f256c64eab,Jesse Bradley,bsmith@example.com,PROD-6679,Compatible heuristic archive,sports,3,80.29,2026-03-27 10:45:18,completed,credit_card,Paraguay,Woodtown,240.87,2026,3,27,high,2026-06-04T17:00:44.940418
63cc4524-b3d1-4c52-b756-fb9053e88e9d,6e58198d-e478-49b4-be63-c8762cc3e518,Kevin Spence,jamesmarquez@example.net,PROD-9001,Cross-platform next generation artificial intelligence,electronics,2,729.05,2026-02-02 16:30:41,pending,bank_transfer,Namibia,West Sophiatown,1458.1,2026,2,2,high,2026-06-04T17:00:44.940418
0dc5bd8b-c9fe-486b-88e0-06819d419bb5,21472d49-55c8-4f37-b061-0f5c0b655d1f,Jay Mcdaniel,rachel05@example.net,PROD-1363,Digitized clear-thinking forecast,books,10,207.02,2026-02-26 15:56:41,cancelled,bank_transfer,Heard Island and McDonald Islands,New Veronicatown,2070.2,2026,2,26,high,2026-06-04T17:00:44.940418
f83dd2b3-70f9-42b8-9db7-13dcd418b3f1,b41ea64d-4177-44e2-a1ea-0759b2e255a5,Marissa Richardson,mitchellanthony@example.net,PROD-4909,Ergonomic well-modulated emulation,sports,3,519.05,2026-02-11 15:40:52,cancelled,credit_card,Panama,Davidberg,1557.15,2026,2,11,high,2026-06-04T17:00:44.940418
6d96b892-63f0-43e4-a7ec-c86565fad6d7,49e5c3a7-3605-4e2f-82b7-4be5bd2ca8a5,Derek Jimenez,mbrown@example.org,PROD-7639,Balanced multimedia forecast,electronics,10,340.91,2025-09-23 02:31:06,cancelled,paypal,Guadeloupe,Kimchester,3409.1,2025,9,23,high,2026-06-04T17:00:44.940418
6f12314b-c753-4801-8f72-60058fe34e1f,16573601-4cd2-4856-84ba-17d8303749cf,Kristi Scott,heidiking@example.com,PROD-5958,Networked bi-directional paradigm,sports,7,284.28,2025-11-07 06:59:21,cancelled,bank_transfer,Peru,North Nicoleton,1989.96,2025,11,7,high,2026-06-04T17:00:44.940418
7f3b7a14-ee33-4ec1-9f7d-d4f325741489,de6692a6-0c58-4c6a-bc7d-98e01840ac03,Douglas Petersen,kjohnson@example.net,PROD-2355,Versatile system-worthy encryption,sports,1,916.45,2025-07-12 08:37:07,cancelled,paypal,Vietnam,Josestad,916.45,2025,7,12,high,2026-06-04T17:00:44.940418
16001114-3f05-4751-a413-7c210f0fe090,54a08ec8-d1b8-40b3-af7d-2a13fdfccff1,Michael Lowe,jennifer50@example.org,PROD-4228,Cross-group upward-trending algorithm,sports,3,777.71,2025-10-28 22:55:42,pending,credit_card,Afghanistan,Riosfurt,2333.13,2025,10,28,high,2026-06-04T17:00:44.940418
055b07ae-00d0-4a1d-a3ae-2cc55d22c479,bd97584d-7f6d-4bf7-aa07-e16c0235469b,Miguel Smith,vincentlisa@example.net,PROD-6209,Enhanced asynchronous function,books,2,391.52,2025-10-01 12:37:55,completed,bank_transfer,United Kingdom,Lake Williamside,783.04,2025,10,1,high,2026-06-04T17:00:44.940418
dc2c2852-9775-4b43-8c8b-efc2b4aedb8d,c77d18cd-e6bb-4b96-a746-29017a4e522c,Ricky Martinez,morganbarbara@example.com,PROD-5303,Self-enabling systematic alliance,books,7,745.52,2025-07-08 04:55:01,pending,paypal,Malta,Davisview,5218.64,2025,7,8,high,2026-06-04T17:00:44.940418
fa5591ef-ae76-4f2d-8ee8-bc1d3c998dd3,482d7729-fd8b-4ba6-9286-327d03f341f8,David Jenkins,xcook@example.org,PROD-4903,Public-key transitional solution,sports,3,844.32,2025-06-15 10:05:30,cancelled,credit_card,Nauru,Jacquelineville,2532.96,2025,6,15,high,2026-06-04T17:00:44.940418
25ee4d38-3a8f-418e-9001-1c42d20fb703,af05d7e1-1651-45bd-9e4b-e95d959cb325,Gina Hartman,gallowaymary@example.net,PROD-5840,Profit-focused zero administration approach,food,4,519.71,2025-12-08 14:25:12,cancelled,paypal,Somalia,Dianaside,2078.84,2025,12,8,high,2026-06-04T17:00:44.940418
c881b4ec-2e77-4ad6-a0cb-fc626f234028,91f65cf1-4281-40ad-a6e5-ebc8e5b2fda9,Julie Ross,zsparks@example.com,PROD-3324,Cloned zero-defect instruction set,electronics,8,321.65,2025-11-08 04:45:54,completed,paypal,Equatorial Guinea,New Jessicaview,2573.2,2025,11,8,high,2026-06-04T17:00:44.940418
ffc23c07-9226-4ad3-a0be-52616fc0fcf2,6e60e356-e12a-421d-a7f8-82ee76d37098,April Cunningham,aaronchavez@example.net,PROD-1878,Enhanced executive product,books,10,963.46,2026-02-05 14:57:33,cancelled,credit_card,Cyprus,New Tina,9634.6,2026,2,5,high,2026-06-04T17:00:44.940418
cf4cda30-4527-4773-b8c4-c2726b8a388c,c7c04712-73f2-4606-9f89-7a705eed5fff,Angela Rios,darrellbrandt@example.com,PROD-4237,Horizontal empowering budgetary management,clothing,10,662.31,2026-02-09 04:05:02,completed,bank_transfer,Jordan,Rodriguezburgh,6623.1,2026,2,9,high,2026-06-04T17:00:44.940418
db2fbd81-ccbd-44e7-8775-73f265294482,0bd783e9-34cf-4523-80e5-35fcf578a682,Jesus Brown,ihowell@example.org,PROD-2899,Re-engineered 6thgeneration policy,clothing,5,900.25,2025-08-28 19:37:04,cancelled,bank_transfer,Iraq,Dannyton,4501.25,2025,8,28,high,2026-06-04T17:00:44.940418
f5c0e325-a529-4cf9-a0bf-eef6d42dcbb2,ae5069f0-d721-4ef1-924b-0eb92676229f,Jonathan Smith DDS,turnertommy@example.org,PROD-4035,Multi-lateral client-driven software,clothing,9,783.71,2025-07-19 01:16:39,pending,paypal,Brazil,Robertville,7053.39,2025,7,19,high,2026-06-04T17:00:44.940418
9cb3f0a8-95a7-4d70-93d0-4c0db8863c66,b272c60c-4b76-45f2-a73b-f1a99606810c,Juan Doyle,stacyjohnson@example.net,PROD-3239,Seamless local matrix,books,5,113.47,2025-10-08 04:15:45,cancelled,credit_card,Georgia,Mcmahonfort,567.35,2025,10,8,high,2026-06-04T17:00:44.940418
49d9f632-55d1-42a2-9227-331d435709de,9ffe5133-2d34-4030-9a08-95f5a999ce67,Daniel Allen,mirandakathleen@example.net,PROD-4047,Adaptive value-added software,food,5,572.87,2026-03-19 08:34:34,completed,bank_transfer,Egypt,North Erikborough,2864.35,2026,3,19,high,2026-06-04T17:00:44.940418
1d4b2066-e6a1-405e-9e4f-f4afd66e7025,172aae26-86f8-4aac-85d2-1ce2f3815dc7,Hayley Meyers,bradylee@example.com,PROD-1850,Organized incremental definition,food,1,800.6,2025-10-07 20:45:56,pending,credit_card,Congo,Port Angela,800.6,2025,10,7,high,2026-06-04T17:00:44.940418
198e32e9-9193-4536-abdb-2478bee871b1,d27768cf-deb7-4351-85bb-2aa2956a3a92,Jacqueline Brandt,hugheschris@example.com,PROD-6116,Fundamental value-added budgetary management,food,2,252.41,2025-05-28 00:13:17,pending,credit_card,Faroe Islands,Richardton,504.82,2025,5,28,high,2026-06-04T17:00:44.940418
81009547-ce30-4960-bb96-90ac9b721e6f,e3960201-796b-4e16-aadb-159155307a25,Steven Marshall,rwade@example.net,PROD-1899,Persistent actuating adapter,books,2,824.17,2026-01-21 07:34:13,cancelled,paypal,Belize,East Victor,1648.34,2026,1,21,high,2026-06-04T17:00:44.940418
8826c8c4-fba3-4688-92b7-f13260d7ed14,8be1558e-65f2-4e8b-bc28-33e4f4bcdee3,Tammy Owens,dmartinez@example.org,PROD-6374,Self-enabling fresh-thinking encoding,food,4,49.05,2026-05-11 05:08:25,completed,paypal,Guernsey,South Courtney,196.2,2026,5,11,medium,2026-06-04T17:00:44.940418
50674f58-a0e5-411b-9e4d-f2290ad67415,3f1c1ee8-f580-4141-b470-8b7008961a7c,Bridget Simpson,bellison@example.net,PROD-1032,Automated zero-defect application,food,10,959.57,2025-10-05 20:56:28,completed,bank_transfer,Georgia,New Nancyville,9595.7,2025,10,5,high,2026-06-04T17:00:44.940418
f0be1834-b127-4782-b0fe-97504108f7c6,a45d5324-5b62-49d2-b672-a9d5ecaf2095,Sarah Barnett,jgarcia@example.net,PROD-6000,Monitored didactic matrix,food,9,262.27,2026-01-02 18:10:47,completed,credit_card,Japan,North Randymouth,2360.43,2026,1,2,high,2026-06-04T17:00:44.940418
774dc98c-a6ea-4eab-97a0-3091d01daa5f,77a2a4d0-8768-49a5-b588-bf2a0f9a5dad,Jennifer Nguyen,douglasrussell@example.com,PROD-9447,Reduced 24hour hub,books,6,874.13,2025-11-01 09:16:14,completed,credit_card,Dominica,South Patricia,5244.78,2025,11,1,high,2026-06-04T17:00:44.940418
1c05243c-d1dd-44a6-9ba7-35405ed2e1cf,54fe916b-df91-4eaf-994a-035ee6f7ca23,Alicia Nichols,judith18@example.net,PROD-7261,Mandatory content-based open architecture,food,10,529.44,2025-10-06 09:05:10,pending,paypal,Denmark,West Laura,5294.4,2025,10,6,high,2026-06-04T17:00:44.940418
c685dc4e-6065-4192-b4d4-7756ba5ee9be,c5971654-361a-4295-82ae-83baf2bd99e7,Tyler Stevenson,nmoore@example.net,PROD-4445,Cloned neutral website,books,5,949.77,2025-12-02 04:58:14,cancelled,credit_card,Croatia,East Kevin,4748.85,2025,12,2,high,2026-06-04T17:00:44.940418
06015efc-c44a-41d7-9d14-5a48301865f3,4a1c867d-3697-4870-ae40-75a651ac4cdb,Jerome Mcdonald,beth38@example.org,PROD-4615,Centralized composite access,electronics,6,793.05,2026-03-31 18:42:33,pending,bank_transfer,Benin,Melissashire,4758.3,2026,3,31,high,2026-06-04T17:00:44.940418
788e44e8-e692-4ab2-a9c1-a6fbd5e90bee,5a3eb2e0-ad74-4518-bbeb-5c4c07548c8b,Mr. Mark Davis,uwagner@example.com,PROD-3349,Future-proofed zero tolerance interface,clothing,7,631.0,2025-09-10 08:27:34,cancelled,credit_card,Ecuador,Port Joseph,4417.0,2025,9,10,high,2026-06-04T17:00:44.940418
84fed7cb-c471-474b-a74f-2b8867b72e1c,c18f4261-79a4-41e2-ae3b-92e56b62ec3b,Jessica Mooney,pettydavid@example.net,PROD-7077,Function-based responsive info-mediaries,electronics,3,279.4,2026-01-11 17:44:01,cancelled,credit_card,Hungary,East Brittneyshire,838.2,2026,1,11,high,2026-06-04T17:00:44.940418
fb0c67d6-8eb1-4ef0-9ce0-14fcae1884e6,075f312b-6e3c-46fb-9a60-23dd50760cb7,Daniel Herrera,kevin80@example.com,PROD-8687,Total 24hour protocol,food,8,842.49,2025-12-13 22:40:33,pending,credit_card,Finland,Shawside,6739.92,2025,12,13,high,2026-06-04T17:00:44.940418
d1a970c6-d36a-43f9-9a31-26c6e71a675d,09d4f89f-e6c6-4533-92dc-0b81439dd3de,Brittney Stewart,williamsderek@example.org,PROD-5994,Devolved intangible info-mediaries,sports,6,551.19,2026-01-27 23:36:31,completed,credit_card,Tuvalu,Jameshaven,3307.14,2026,1,27,high,2026-06-04T17:00:44.940418
92ebd628-14fa-483b-9f42-996ec102e166,ad334dab-d02b-4621-95ca-38d956679409,Jared Moses,ble@example.org,PROD-9630,Visionary next generation framework,books,5,410.02,2025-09-14 11:03:04,pending,bank_transfer,Guinea-Bissau,West James,2050.1,2025,9,14,high,2026-06-04T17:00:44.940418
1941dd8e-c3a2-4754-91a1-762d6fd5a79b,1c58884d-5501-4afa-9b4d-ccd72db9ecae,Brandi Kelly,andre97@example.com,PROD-7973,Adaptive context-sensitive open architecture,books,9,239.35,2025-11-26 08:17:05,cancelled,paypal,Faroe Islands,Ibarraview,2154.15,2025,11,26,high,2026-06-04T17:00:44.940418
bebc4e32-04a2-458d-b398-3b97e09206ab,4c5a08e7-ebda-47cc-a3c7-f95143a199dd,Michele Lewis,travis36@example.net,PROD-5373,Persistent asymmetric installation,food,5,332.89,2025-07-13 20:10:42,cancelled,bank_transfer,Bermuda,Laurietown,1664.45,2025,7,13,high,2026-06-04T17:00:44.940418
ead6f328-39b1-4f61-8f0d-5d0a95d6bdec,9c07f436-d797-4f28-a639-dc832b299b0f,David Smith,ricemargaret@example.net,PROD-9273,Profound asymmetric matrices,food,5,318.75,2026-04-20 11:15:36,cancelled,paypal,United States Minor Outlying Islands,Port David,1593.75,2026,4,20,high,2026-06-04T17:00:44.940418
fa482d50-1a77-49a5-b65d-f556f0379d80,aa576842-54d0-4de0-a5dd-5838e4f65070,Leslie Johnson,stewartvincent@example.org,PROD-3025,Re-engineered holistic capacity,books,3,363.31,2026-03-05 17:25:25,completed,credit_card,Comoros,Jenningsmouth,1089.93,2026,3,5,high,2026-06-04T17:00:44.940418
aa391c22-6a84-4d15-9d2e-1f16503d0773,37f1f91c-0be9-4eb7-a1d8-4e926362bfeb,Christopher Lewis,joseph17@example.net,PROD-4893,Business-focused scalable task-force,electronics,1,899.91,2026-02-06 02:50:52,pending,paypal,Namibia,Johnsonborough,899.91,2026,2,6,high,2026-06-04T17:00:44.940418
acd433f5-699b-4a37-abec-9997b70143e5,8cc24d8c-c765-44b1-b3c0-5302a24073f9,Daniel Terrell,tcastro@example.net,PROD-6758,Vision-oriented bottom-line instruction set,electronics,7,530.13,2026-05-22 21:09:10,cancelled,bank_transfer,United Kingdom,Stephanieport,3710.91,2026,5,22,high,2026-06-04T17:00:44.940418
f367601b-b702-4f5f-a6ae-4334444e7db8,da84c559-82a0-4853-9822-ef077e707081,Michael Brandt,joannehill@example.net,PROD-2610,Cross-group didactic complexity,electronics,8,224.49,2026-02-24 17:35:33,cancelled,credit_card,Australia,Jonesside,1795.92,2026,2,24,high,2026-06-04T17:00:44.940418
137cc4af-6608-4a68-8e33-9c617777de72,af29560e-865a-4e23-a8a0-ddd9d130b413,Michelle Morgan,james12@example.net,PROD-7658,Polarized responsive emulation,sports,8,234.85,2026-04-18 12:13:15,cancelled,paypal,Ecuador,Aprilbury,1878.8,2026,4,18,high,2026-06-04T17:00:44.940418
1e4f1858-6fec-4cca-ba22-2204722dd474,a9c29ff5-e780-4b64-ad37-74a18eeb14d9,Joshua Boyd,timothylittle@example.net,PROD-1186,Ergonomic tertiary moderator,clothing,9,983.81,2025-09-20 05:43:12,completed,paypal,Guinea,Jamesberg,8854.29,2025,9,20,high,2026-06-04T17:00:44.940418
61b71728-2d3c-4502-b4c6-ec95272b6a4d,1d757c91-a0a5-4400-9cfd-3edeae8e1ebe,Erica Williams,whitecourtney@example.net,PROD-1753,Cross-group actuating functionalities,clothing,6,701.38,2026-04-04 00:20:59,pending,credit_card,Vanuatu,New Lisaside,4208.28,2026,4,4,high,2026-06-04T17:00:44.940418
e16edaa8-993b-4b26-a89a-4762039f6c74,8d7bec42-6593-4c93-9249-8d9a4107c016,Bonnie Perez,smckenzie@example.org,PROD-6490,Pre-emptive hybrid open system,electronics,10,371.26,2026-04-27 00:56:23,cancelled,credit_card,Sri Lanka,Port Sandraburgh,3712.6,2026,4,27,high,2026-06-04T17:00:44.940418
1bee9494-477a-45c9-be70-f98b2355b0a2,f3043116-12dc-4a44-a5c0-ec6995f6504c,Alejandro Walker,sandra75@example.net,PROD-8040,Quality-focused static support,electronics,10,948.12,2025-08-27 07:52:07,cancelled,bank_transfer,Aruba,Adamville,9481.2,2025,8,27,high,2026-06-04T17:00:44.940418
ea0c1e8c-02f6-4f47-b4f2-fb64446fd550,107c4c6f-123b-446b-b40e-fe4690b2734d,Melanie Williams,yolandalloyd@example.net,PROD-2105,Organized radical throughput,clothing,1,988.83,2025-10-24 17:59:16,pending,credit_card,Costa Rica,North Frankfurt,988.83,2025,10,24,high,2026-06-04T17:00:44.940418
79582e9f-8558-4755-b332-3dc0987cb994,336f89e0-24c9-4ab9-9a31-2f41d52586d7,Adam Hunter,jamierhodes@example.com,PROD-1903,Triple-buffered impactful emulation,electronics,1,360.7,2025-05-27 12:16:43,completed,bank_transfer,Nauru,West Cassidy,360.7,2025,5,27,high,2026-06-04T17:00:44.940418
02322079-5f89-4363-b6ca-f9d3b6bbc3c7,1f4436fb-4d78-4773-9421-d315029733b0,Jonathon Wright,thomassantana@example.org,PROD-2636,Virtual asynchronous data-warehouse,food,6,109.26,2026-05-17 03:49:43,cancelled,paypal,Bahamas,Lake Nicholas,655.56,2026,5,17,high,2026-06-04T17:00:44.940418
0c8f199e-287c-44c9-8950-c8e772a96167,1f202dc7-8766-48cd-a621-38b02c780f2f,Jenny Perry,ernest93@example.org,PROD-6887,Reduced non-volatile matrix,sports,4,810.53,2025-06-20 16:34:28,pending,bank_transfer,United States Minor Outlying Islands,Lake Sarah,3242.12,2025,6,20,high,2026-06-04T17:00:44.940418
b58bbe7f-ceb6-4ace-8bcb-859b4e2d5f44,bee6ef2a-9ae0-444e-8c10-d45e1aba9880,Amy Kline,fmcguire@example.com,PROD-1245,Function-based bifurcated middleware,electronics,4,264.39,2025-10-11 17:39:12,cancelled,paypal,Sao Tome and Principe,New Kevin,1057.56,2025,10,11,high,2026-06-04T17:00:44.940418
113e203c-f82c-408c-adf1-e21184d9dee1,c1cdea94-6ec6-4348-86f3-2d3097a514fe,Logan Burke II,johnconway@example.org,PROD-5551,Realigned demand-driven utilization,sports,10,632.37,2025-09-15 12:43:54,pending,credit_card,United States Virgin Islands,North Josephside,6323.7,2025,9,15,high,2026-06-04T17:00:44.940418
a95fd25f-85ae-4a6c-99b8-dc2a0d8cee9a,543f5a06-0f67-4aba-b9dd-dd4fc1e5c8a6,Amber Parker,grogers@example.org,PROD-2195,Team-oriented maximized data-warehouse,food,5,651.32,2025-07-25 22:41:46,pending,credit_card,Rwanda,West Deborahhaven,3256.6,2025,7,25,high,2026-06-04T17:00:44.940418
91813343-ae96-4822-aeba-2fa7bf05fed7,e81dfb3f-33dd-43b1-8499-6f4d038ae857,Ian Jackson,christinapowell@example.org,PROD-9443,Decentralized fresh-thinking access,sports,8,671.3,2026-02-27 12:50:11,completed,credit_card,Martinique,Andrefort,5370.4,2026,2,27,high,2026-06-04T17:00:44.940418
b94f6663-6619-4d25-95b2-4d194216c906,982f98f7-b745-48bd-a4c3-f9b758414762,Stacey Norton,pnguyen@example.org,PROD-5906,Distributed real-time definition,electronics,3,346.74,2026-04-05 19:40:56,cancelled,bank_transfer,Bouvet Island (Bouvetoya),Amyburgh,1040.22,2026,4,5,high,2026-06-04T17:00:44.940418
01ba6d51-672d-459d-82a9-ce188c59dedd,9afff31a-68e7-4432-8173-af566b878d29,Catherine Boyd,guerraamanda@example.com,PROD-5806,Visionary 4thgeneration hierarchy,clothing,10,969.23,2025-06-25 14:32:22,cancelled,credit_card,British Indian Ocean Territory (Chagos Archipelago),South Robert,9692.3,2025,6,25,high,2026-06-04T17:00:44.940418
a98fc90b-6e09-4239-b77d-758696e5a214,46f04976-cbaa-45d6-ae30-e16ef0adf16e,Nicholas Perkins,carterwilliam@example.com,PROD-1383,Fundamental client-driven infrastructure,food,6,960.64,2025-07-25 03:51:34,completed,credit_card,Peru,Kathleenhaven,5763.84,2025,7,25,high,2026-06-04T17:00:44.940418
69687b6c-f6f9-4a74-bafd-1a92db335871,3e1b3903-a9ce-4bf4-8edf-08e63a89b3f2,Teresa Joseph,johnrichardson@example.net,PROD-3977,Automated background standardization,clothing,1,984.21,2026-04-19 01:15:40,completed,bank_transfer,Kuwait,Kaitlinhaven,984.21,2026,4,19,high,2026-06-04T17:00:44.940418
d7ddcd4a-b6c7-4348-9e05-cc8e8f753cc4,173444ef-1e87-491c-ae46-9b0a496d60d3,Tiffany Gutierrez,martinjeffrey@example.org,PROD-1360,Persevering composite collaboration,food,3,342.97,2025-11-25 03:29:04,cancelled,bank_transfer,Finland,Batesland,1028.91,2025,11,25,high,2026-06-04T17:00:44.940418
245d5033-f5cb-4a01-b196-8698199d0243,f86ec565-cfc2-4510-802a-dfc1b201cf74,Bryan Young,cannonaaron@example.org,PROD-1864,Re-engineered grid-enabled Graphical User Interface,food,1,557.66,2025-12-04 18:30:38,pending,credit_card,Libyan Arab Jamahiriya,East Aaronville,557.66,2025,12,4,high,2026-06-04T17:00:44.940418
b84f56f5-1ea2-4972-8547-dc8d90dd75e4,d6470de2-f876-4293-b1d3-c496b7eb466d,Ruben Levy,brianfox@example.com,PROD-2946,Vision-oriented dynamic moratorium,clothing,6,406.35,2025-08-26 20:07:20,cancelled,paypal,Iran,South Jessica,2438.1,2025,8,26,high,2026-06-04T17:00:44.940418
a2c1d728-6f37-4706-bfb1-4a3e2d8a56ef,50757ea8-2040-4458-b04b-88347ec07b5f,Bobby Kramer,dawnfarmer@example.com,PROD-4938,Devolved local Internet solution,clothing,6,333.12,2025-07-16 19:17:24,pending,bank_transfer,Guatemala,Whitneychester,1998.72,2025,7,16,high,2026-06-04T17:00:44.940418
087328da-9532-43df-abe1-8d5c0e0b42dc,70f41dde-109a-466b-b1f8-e306dae5421b,Robert Oneal,jack36@example.org,PROD-6375,Extended exuding instruction set,food,10,315.66,2026-05-19 20:51:39,cancelled,bank_transfer,Bolivia,Mcdonaldside,3156.6,2026,5,19,high,2026-06-04T17:00:44.940418
96e57a14-0562-434a-a5d9-7a961cbdc4ba,023f1a43-7112-4c1d-b8c4-36965a526e22,Mikayla Sims,kmoore@example.org,PROD-6789,Upgradable intermediate functionalities,clothing,8,321.18,2026-03-08 21:42:29,completed,bank_transfer,French Polynesia,Melissafurt,2569.44,2026,3,8,high,2026-06-04T17:00:44.940418
4a0cffb4-3e94-4a86-bcae-1a566a55b390,1225e5f4-3633-4097-baa8-b853f79c042a,Sabrina Martin,jessicajoseph@example.org,PROD-5968,Operative methodical moderator,food,9,40.68,2026-03-17 16:03:43,cancelled,paypal,Equatorial Guinea,South Brenda,366.12,2026,3,17,high,2026-06-04T17:00:44.940418
2f3627fb-7e55-4498-889f-e97303df0c04,02fd53f1-3e49-4316-902e-aba1f211fa21,Nicholas Gray,robert11@example.com,PROD-5350,Networked systemic intranet,clothing,3,571.87,2026-01-29 02:36:51,completed,credit_card,South Africa,Jacksonburgh,1715.61,2026,1,29,high,2026-06-04T17:00:44.940418
cedb372b-891a-43d6-b867-a1e83bcf40bd,e7ab12b6-4eb7-4a3b-b6bf-e30230767a54,Benjamin Larson,anna36@example.com,PROD-5166,Quality-focused multi-tasking moderator,books,9,390.5,2025-11-24 14:30:42,cancelled,credit_card,Western Sahara,West Paige,3514.5,2025,11,24,high,2026-06-04T17:00:44.940418
9cf48d31-2270-4b41-8173-1171b15ebda9,11abb7ab-7b21-46dd-bfd7-df2086672b45,James Mcclain DVM,ashleywaller@example.net,PROD-6361,Customizable systematic synergy,food,4,341.08,2025-12-06 09:30:20,completed,paypal,San Marino,Tracyfort,1364.32,2025,12,6,high,2026-06-04T17:00:44.940418
55b39a28-fced-4a4c-ad5a-e34bb8efd366,4f6aed5c-cbe3-4e2f-9d70-ce43dcb4c4f4,Christopher Robbins,jamesbenson@example.org,PROD-3200,Compatible methodical knowledge user,electronics,3,193.65,2026-03-06 22:57:37,completed,paypal,Argentina,Yolandachester,580.95,2026,3,6,high,2026-06-04T17:00:44.940418
26b14dec-8c89-463c-b539-6dc2e1712e23,7265c58e-a80c-4467-a4c0-87a241da1716,Linda Price,scott92@example.net,PROD-1205,Sharable logistical data-warehouse,food,7,382.25,2025-09-29 11:54:56,completed,bank_transfer,Botswana,South Robertland,2675.75,2025,9,29,high,2026-06-04T17:00:44.940418
fccd19a9-4c44-43d2-bff7-88202d1d3739,267633d2-b6f8-4a64-b770-dc9b374ca8e5,William Berger,pearsonmatthew@example.com,PROD-2943,Extended bi-directional projection,electronics,3,596.89,2025-11-16 08:41:35,cancelled,paypal,Trinidad and Tobago,Harrisonstad,1790.67,2025,11,16,high,2026-06-04T17:00:44.940418
460c0503-ef4f-4e10-a0c1-68c88e6d20b3,74df05b5-1772-48b0-897a-548a18e7201a,Robert White,blairkristina@example.com,PROD-6843,Multi-tiered reciprocal moderator,food,9,314.91,2026-01-14 11:41:18,cancelled,paypal,Reunion,Youngberg,2834.19,2026,1,14,high,2026-06-04T17:00:44.940418
104d458e-7c12-4148-bf30-2899fcc5f15c,92281b5a-faee-4729-94da-15c53310db28,Jamie Melendez,bryansean@example.net,PROD-4501,Digitized real-time Graphical User Interface,clothing,9,708.45,2026-02-23 19:47:48,pending,bank_transfer,Hungary,South Richard,6376.05,2026,2,23,high,2026-06-04T17:00:44.940418
0d9989dd-1626-48f1-b94b-14c2dc22f861,291ed7d6-bc2d-4a46-b3ef-6ff39b8d7f1a,Theresa Jones,simsbrittney@example.net,PROD-5238,Total fresh-thinking monitoring,books,9,177.24,2026-01-30 01:58:44,pending,bank_transfer,South Africa,Janiceview,1595.16,2026,1,30,high,2026-06-04T17:00:44.940418
8be5ac74-100a-4560-a6c8-0e9d46166d82,45aa6b36-329c-457b-a343-4b5fc3af79ef,Brandon Alexander,pollardedward@example.net,PROD-7913,Progressive systematic process improvement,sports,7,681.15,2025-07-27 16:09:02,pending,credit_card,Tonga,Jacksonfort,4768.05,2025,7,27,high,2026-06-04T17:00:44.940418
4b92d49a-5d28-4d9d-945a-dc0f873cdda3,4cfb1886-3f96-4922-9f96-29696328c0f1,Jesse Burnett,mwilliams@example.org,PROD-3923,Streamlined well-modulated methodology,sports,10,704.14,2026-04-09 05:42:15,cancelled,paypal,Benin,South Heather,7041.4,2026,4,9,high,2026-06-04T17:00:44.940418
a340fd52-a58f-4dd5-80b6-2e4a18c81c54,fc5c9e1f-6092-4a62-93fe-e9c275e21afc,Amanda Anderson,michelerobinson@example.com,PROD-1539,Multi-layered full-range Local Area Network,electronics,4,360.23,2026-01-26 09:44:46,pending,paypal,Nepal,Linland,1440.92,2026,1,26,high,2026-06-04T17:00:44.940418
1a3225ed-95df-4118-afc6-e54a3eff7a8a,790e0a9a-902e-446d-a85f-cd4bf67cb1e0,Robert Conway,johnsonmelanie@example.com,PROD-9784,Progressive intermediate project,sports,9,300.66,2025-12-02 21:49:55,cancelled,paypal,Uruguay,Josephborough,2705.94,2025,12,2,high,2026-06-04T17:00:44.940418
bf92df02-e4c5-45aa-ba12-0e08d8def670,647d7e4c-3a9d-4d31-a155-307f008a0581,Ryan Nicholson,aguilarelizabeth@example.net,PROD-5878,Synergistic dynamic infrastructure,sports,6,501.5,2026-02-06 06:51:03,cancelled,paypal,Germany,Rhodesbury,3009.0,2026,2,6,high,2026-06-04T17:00:44.940418
b3630b24-786f-4341-ac9d-d79fb569d306,8559295b-cc4e-4a9c-86e8-6e0367a21915,John Ramirez,denise44@example.com,PROD-6050,Configurable fresh-thinking archive,clothing,7,683.97,2025-07-26 00:02:29,completed,paypal,Palestinian Territory,Lake Philipchester,4787.79,2025,7,26,high,2026-06-04T17:00:44.940418
be28fd55-0062-49ac-a220-2e64fe94494d,a1d888b4-6bed-4835-b35f-f166acc6d426,Mary Livingston,luke41@example.com,PROD-8631,Inverse intermediate open architecture,food,1,452.32,2026-04-08 08:36:08,pending,paypal,Ethiopia,South Christopherport,452.32,2026,4,8,high,2026-06-04T17:00:44.940418
1bd59f23-3ac3-4a69-8af0-487b918cc779,b9cc3202-722e-409f-858f-579b6f93af07,Terry Brooks,uburton@example.com,PROD-8605,Operative discrete knowledgebase,food,7,590.45,2025-07-14 11:44:24,completed,paypal,Thailand,Robinside,4133.15,2025,7,14,high,2026-06-04T17:00:44.940418
9c29f605-c855-481a-93c6-0ffebac49aa9,b751b6a6-d4b2-41b5-b676-ca59a01d00fa,Charlene Mcgee,annaerickson@example.net,PROD-5199,Synergistic tertiary open system,clothing,10,386.45,2026-05-05 01:35:18,completed,credit_card,Benin,Marieport,3864.5,2026,5,5,high,2026-06-04T17:00:44.940418
b5b6e367-3a13-4f51-9aa7-860a4ccd540e,4f92624d-968f-4cd1-a614-2f36764ce08e,Jordan Young,garywaters@example.com,PROD-4076,Horizontal client-driven definition,food,9,208.98,2025-11-02 08:10:54,completed,paypal,Christmas Island,Bradymouth,1880.82,2025,11,2,high,2026-06-04T17:00:44.940418
0c01a3ca-90dc-495d-aabe-0318e4961348,cbfb7ad5-1e4c-4033-a195-0ea0b75c8e78,Nicholas Flores,kentmarsh@example.org,PROD-7561,Balanced 24/7 interface,sports,8,100.34,2025-08-28 00:16:48,completed,paypal,Turkmenistan,North Sarah,802.72,2025,8,28,high,2026-06-04T17:00:44.940418
39c1cdc9-fe76-4862-a645-6b5a96581450,c30ec825-9260-4d21-8890-3fe98f3eff27,Olivia Bennett,marcia76@example.org,PROD-6315,Inverse full-range methodology,sports,8,66.7,2026-04-04 09:26:21,completed,paypal,El Salvador,North Rebekahberg,533.6,2026,4,4,high,2026-06-04T17:00:44.940418
390c8fee-bcc9-4ff7-9809-59d811b161b6,40598105-48db-4a91-ae40-8be6c4f5522b,Bobby Walker,ukim@example.org,PROD-3186,Devolved secondary hierarchy,sports,2,281.59,2025-07-10 13:40:44,pending,credit_card,Ecuador,East Elizabethborough,563.18,2025,7,10,high,2026-06-04T17:00:44.940418
d12b88b6-b523-48ec-86ff-640c27676192,048e6bce-cbe6-4190-9ba5-f8217911ce59,Tina Gonzalez,jasonharris@example.org,PROD-8154,Extended content-based customer loyalty,food,5,927.92,2025-06-27 19:25:16,cancelled,bank_transfer,Korea,North Michelle,4639.6,2025,6,27,high,2026-06-04T17:00:44.940418
5126e66f-d14c-4fa1-8903-9df06f95fded,d0d476d8-0ec7-4769-82ba-3b4274f7c0e4,Sarah Frank,jeffreyramsey@example.net,PROD-2147,Monitored motivating throughput,sports,8,327.51,2025-05-31 23:19:21,completed,paypal,Moldova,East Debraburgh,2620.08,2025,5,31,high,2026-06-04T17:00:44.940418
520f8bb3-11cc-4094-83bc-a9077e90625d,f9195c5f-9f41-43cf-876b-14206822079e,Victoria Mitchell,sarahblair@example.org,PROD-7605,Customer-focused bi-directional capacity,electronics,6,459.16,2025-11-24 01:58:45,completed,paypal,Saint Barthelemy,Cardenasville,2754.96,2025,11,24,high,2026-06-04T17:00:44.940418
12eb9a07-53eb-4825-8564-4ab9030fe490,b5ad13af-bc04-47d8-a1ef-4eb779172f46,James Ross,sergiofields@example.net,PROD-2221,Decentralized cohesive flexibility,books,7,238.32,2026-04-25 16:13:08,completed,bank_transfer,Brazil,Fisherland,1668.24,2026,4,25,high,2026-06-04T17:00:44.940418
32f5c996-2a52-4cc4-af83-da9af5d0ae1c,78e4df7f-704b-468f-8c4f-47d56baf1851,Dr. Adrian Powell II,kiddrebecca@example.net,PROD-9352,Open-source systemic functionalities,sports,5,178.3,2026-01-21 05:37:40,cancelled,bank_transfer,Canada,West Amandatown,891.5,2026,1,21,high,2026-06-04T17:00:44.940418
1d777d84-edb8-4cfb-8865-2258e5c51e3f,a9fc53af-7b5b-4932-b1cc-84c72494ee5c,James Smith,edwardryan@example.com,PROD-5244,Right-sized cohesive customer loyalty,sports,8,92.32,2025-09-26 07:53:07,completed,paypal,Saint Vincent and the Grenadines,South Kylieburgh,738.56,2025,9,26,high,2026-06-04T17:00:44.940418
768da784-2127-422c-9091-f86f6b9f85d4,597efa3e-20ad-4e79-8e45-4da1ccb52074,Natalie Anderson,xjohnson@example.net,PROD-1061,Horizontal systematic flexibility,food,4,435.31,2026-01-04 00:37:41,completed,credit_card,Ecuador,Willismouth,1741.24,2026,1,4,high,2026-06-04T17:00:44.940418
ede1dfbf-7163-4c7b-a08f-37c39bf3db8f,6077c792-39a1-4776-ab86-f738860bc782,Ralph Romero,catherine85@example.net,PROD-3853,Assimilated background circuit,books,9,633.05,2026-01-05 00:58:09,pending,bank_transfer,Burkina Faso,Tyroneburgh,5697.45,2026,1,5,high,2026-06-04T17:00:44.940418
86ee57c3-8900-4137-bb03-30c73a96ebf7,08fd8c58-e754-4c23-9125-4278cbcd48ce,Pam Sims,michaelwalsh@example.org,PROD-7631,Customer-focused encompassing hub,food,2,467.13,2026-03-29 21:22:28,cancelled,bank_transfer,South Africa,Seanview,934.26,2026,3,29,high,2026-06-04T17:00:44.940418
37071757-68d4-49d5-8ed3-b31a6f2c66cf,9d3f3cab-3764-41ac-982f-f7af580cac27,Cynthia White,khawkins@example.net,PROD-9683,Customizable content-based function,electronics,5,772.33,2026-03-13 11:29:07,pending,credit_card,Thailand,Port Sonyaborough,3861.65,2026,3,13,high,2026-06-04T17:00:44.940418
9dbba13b-7792-4037-aebe-fe2fcf923155,f285a3c6-4a83-4199-acc6-7106333ad036,Timothy Rhodes MD,wsavage@example.org,PROD-1672,Synchronized uniform Graphic Interface,clothing,8,364.79,2025-12-05 04:06:41,pending,credit_card,Hong Kong,Hernandezstad,2918.32,2025,12,5,high,2026-06-04T17:00:44.940418
3785354c-03c3-4e9b-ba82-811b455d7deb,154c6ad6-e5c2-4654-b8fd-0cfd90ecf915,Emily Khan,steven31@example.net,PROD-7423,Automated eco-centric adapter,food,9,386.77,2025-05-26 06:39:52,completed,credit_card,Andorra,Gutierrezshire,3480.93,2025,5,26,high,2026-06-04T17:00:44.940418
6f3c8bcd-e7eb-41e3-ab32-6772e93262c3,48222642-b7d9-4e6b-833c-d73fccf8147c,Chris Pierce,fbutler@example.com,PROD-2568,Customer-focused mobile concept,electronics,10,777.18,2025-07-06 11:33:37,cancelled,credit_card,Portugal,Port Kristiville,7771.8,2025,7,6,high,2026-06-04T17:00:44.940418
400c293d-de06-4b0b-88b8-7311a3bdd301,bdcac9a9-dc32-4432-85cc-7adf85cfe9bc,Andrew Guerrero,montgomerytara@example.org,PROD-1259,Synchronized client-server ability,clothing,9,245.08,2025-06-08 23:21:42,completed,bank_transfer,Uzbekistan,South Bethany,2205.72,2025,6,8,high,2026-06-04T17:00:44.940418
8497bfda-c30b-4f56-9d6f-2f7c1c7bf4cb,5e7609ff-7699-41d3-b153-8a6c3f2c2030,Paul Barrett,andrewsgregory@example.com,PROD-2215,Total reciprocal model,sports,8,701.91,2025-10-01 15:32:48,pending,credit_card,Spain,Port Ambertown,5615.28,2025,10,1,high,2026-06-04T17:00:44.940418
9584c35b-0ebb-413c-96e2-4d2e5f5c2172,64a13e2c-1299-4dd9-a15c-c0745f5bce16,Stephen Spence,michael03@example.com,PROD-1001,Versatile global help-desk,electronics,8,705.0,2026-02-09 22:15:01,completed,paypal,Turks and Caicos Islands,Adamsside,5640.0,2026,2,9,high,2026-06-04T17:00:44.940418
3c17fa35-5d6c-44f8-a433-2b73b7ea484e,c2a0df5e-8f88-4c42-a411-6377f47df4ab,Lisa Browning,jessica31@example.com,PROD-1630,Phased explicit framework,electronics,5,745.86,2026-02-10 11:25:25,pending,paypal,Liberia,South Deniseshire,3729.3,2026,2,10,high,2026-06-04T17:00:44.940418
84278d89-b037-4b79-bade-412820c31b69,2c774ca6-00f4-41f5-9d7b-a3905ad8d455,Whitney Wells,smithdaniel@example.net,PROD-7748,Multi-lateral optimal moratorium,sports,3,866.1,2025-06-09 19:03:41,pending,paypal,Somalia,Reynoldsmouth,2598.3,2025,6,9,high,2026-06-04T17:00:44.940418
c077d5b6-df6b-40fe-a1a0-346361341235,5bb9fb89-4f48-4f38-84e8-ae4ee4b61abe,Richard Foster,willissusan@example.com,PROD-8354,Monitored cohesive framework,food,8,255.67,2026-03-07 12:20:48,completed,credit_card,Guam,New Shawnside,2045.36,2026,3,7,high,2026-06-04T17:00:44.940418
ee474c08-dfee-4f4f-8faa-aaa9f6a4065e,c6d7ab61-53fb-4356-8712-d70aa4bf7ff6,Robin Johnson,mark00@example.com,PROD-1928,Monitored demand-driven superstructure,electronics,9,636.56,2025-12-13 17:30:45,completed,credit_card,Spain,Cookhaven,5729.04,2025,12,13,high,2026-06-04T17:00:44.940418
a93c0228-5770-4cc8-b1d1-dd72795745b5,b2ec1240-6b94-46fe-baa3-1f0f782f7301,Hannah French,ldouglas@example.net,PROD-6552,Switchable transitional structure,sports,9,471.63,2025-09-30 06:53:37,pending,credit_card,Kiribati,Port Chasechester,4244.67,2025,9,30,high,2026-06-04T17:00:44.940418
e1651b23-b46c-4d18-9133-0a4cf6e0b9f7,9184138c-e13b-4236-a352-2cc20c568a20,Sean Wells,thomasrebecca@example.net,PROD-4209,Automated scalable Graphic Interface,clothing,2,746.81,2025-11-16 11:58:09,cancelled,paypal,Maldives,Baileyhaven,1493.62,2025,11,16,high,2026-06-04T17:00:44.940418
2de6107c-4ca2-4b6c-ac8a-073eeaae8d09,b7e48cea-ffe4-44e3-9fce-e738ebdf856e,Barbara Lowe,afuller@example.net,PROD-1042,Reverse-engineered upward-trending monitoring,sports,8,333.56,2025-11-06 21:48:36,pending,bank_transfer,British Virgin Islands,Patrickberg,2668.48,2025,11,6,high,2026-06-04T17:00:44.940418
58708331-0baf-44fe-9378-f1647177ab9e,bc05b4ba-6510-41e6-afff-48421502e67b,Sherry Smith,hsmith@example.net,PROD-8635,Cross-group local open architecture,electronics,7,370.54,2026-02-02 10:42:31,cancelled,credit_card,China,Allenburgh,2593.78,2026,2,2,high,2026-06-04T17:00:44.940418
bee6be47-41f4-4782-98f7-220a3643e0b9,03f8e3c4-d715-4518-8621-19de5b221364,Adriana Foley,david71@example.com,PROD-3756,Universal disintermediate knowledge user,food,1,207.29,2025-07-19 17:11:05,cancelled,paypal,Malawi,West Mary,207.29,2025,7,19,high,2026-06-04T17:00:44.940418
f54a2c2a-c943-4906-9d8a-cd8cb00d8522,8d3b5510-d072-475f-8fd4-1799146f0e2d,Terry Hernandez,bgonzalez@example.com,PROD-4773,Quality-focused uniform solution,electronics,8,334.8,2026-05-14 03:52:32,cancelled,bank_transfer,Palau,Margarethaven,2678.4,2026,5,14,high,2026-06-04T17:00:44.940418
2819a33a-8d77-407e-80f2-58f5a0972aba,1f045497-8e24-4a59-8fc5-9ed3aa7fb42e,Carol Greene,zchristian@example.com,PROD-9483,Face-to-face impactful complexity,books,10,900.48,2025-08-09 07:31:37,pending,bank_transfer,Benin,South Jesse,9004.8,2025,8,9,high,2026-06-04T17:00:44.940418
8d0eb4e2-bc44-41cd-9b2e-31d07f4272a0,b1427dba-7bee-4b36-8034-c161bab090ef,Bailey Martin,fergusonjason@example.com,PROD-5175,Reduced zero-defect protocol,food,10,859.47,2025-07-07 17:56:54,cancelled,credit_card,Cyprus,Johntown,8594.7,2025,7,7,high,2026-06-04T17:00:44.940418
0e82f3e4-257b-4f48-8eba-98a99117cacf,4d7897a1-966d-4f2c-8812-d05b77fb4900,Dale Alvarez,dmiller@example.net,PROD-2579,Ergonomic analyzing knowledgebase,clothing,6,557.3,2025-06-12 19:05:41,pending,bank_transfer,Northern Mariana Islands,West Danielleberg,3343.8,2025,6,12,high,2026-06-04T17:00:44.940418
934efb71-8f55-4d4c-9f8f-dbda285e6beb,4ed8a78d-f791-4d00-b0e3-09b185227ce1,Lisa Brown,nicolewalker@example.com,PROD-4870,Pre-emptive holistic portal,books,5,78.33,2026-04-22 00:24:44,completed,bank_transfer,Dominica,West Aaronville,391.65,2026,4,22,high,2026-06-04T17:00:44.940418
e7c298e8-bd91-4d91-a24f-0ce92dbb18ff,5bd08c67-6dfe-412c-88bf-645ce66491c7,George Nguyen,fernandezluis@example.org,PROD-7528,Customizable bandwidth-monitored strategy,food,6,757.7,2025-08-27 06:41:32,pending,paypal,Greece,Port Thomaston,4546.2,2025,8,27,high,2026-06-04T17:00:44.940418
c263665e-55bd-4fdd-9748-186cf5a31d4e,cdb71c94-9001-4965-a9f1-200a59d928c0,Jessica Valentine,billy70@example.com,PROD-4017,Phased national Graphic Interface,sports,1,977.59,2026-02-14 19:05:56,pending,credit_card,Kuwait,Deannaport,977.59,2026,2,14,high,2026-06-04T17:00:44.940418
0284a6c4-d6e5-416a-acff-208a3f7fc1e8,cd14726f-92c5-4f8d-9129-7f437c99149a,Karla Henderson,dalejones@example.org,PROD-4583,Inverse even-keeled database,books,2,130.46,2026-05-20 08:01:34,cancelled,bank_transfer,Cambodia,East Alisonbury,260.92,2026,5,20,high,2026-06-04T17:00:44.940418
ab1c826f-4c16-438a-bddd-c116799e103f,447d461e-88ef-41f9-9305-c3281ebde9c4,Walter Dawson,iwilson@example.org,PROD-7514,Operative leadingedge structure,clothing,4,521.51,2025-12-02 21:40:23,pending,bank_transfer,Mauritania,Christinechester,2086.04,2025,12,2,high,2026-06-04T17:00:44.940418
8d70f262-c449-4187-9db5-3b38e88cb2e6,faa47725-c39d-4abd-b627-1a8882a768e3,Cheryl Ferguson,parkerjulie@example.org,PROD-2237,Enhanced background moderator,food,7,559.31,2025-05-29 00:34:26,pending,bank_transfer,Suriname,Joyport,3915.17,2025,5,29,high,2026-06-04T17:00:44.940418
44cc61bd-a3e3-4fa7-9a44-99ad2520b4b7,5272f450-20fc-4db0-b8b5-d32a3824a2de,David Moore,thomasbeard@example.net,PROD-4003,Versatile well-modulated data-warehouse,sports,3,637.69,2025-11-22 23:08:29,completed,paypal,Papua New Guinea,West Shawnland,1913.07,2025,11,22,high,2026-06-04T17:00:44.940418
32d79b09-9741-4805-8983-f05606a3e3ef,1d7260a1-f504-4a07-a839-2f70902474c8,Cory Johnson,amyharrison@example.com,PROD-1628,Programmable homogeneous function,food,8,35.66,2026-02-25 21:46:29,cancelled,credit_card,Korea,South Emily,285.28,2026,2,25,high,2026-06-04T17:00:44.940418
0f4ffe67-c378-474f-826a-1d95f128a47c,e2c2a8ff-2bf8-4b8d-89c7-5ebce6ffed11,Christopher Crawford,allison73@example.org,PROD-1817,Pre-emptive bifurcated help-desk,books,8,212.23,2025-08-12 15:37:08,pending,bank_transfer,Poland,West Jessica,1697.84,2025,8,12,high,2026-06-04T17:00:44.940418
95842126-f8a8-4ccc-a000-8afbf67fbc58,af069ad9-9a88-4f48-a4b5-a95a5aa78f04,Travis Roy,nicholas83@example.org,PROD-5532,Down-sized intangible project,electronics,6,283.75,2025-08-06 18:33:49,pending,credit_card,Luxembourg,Lake Joseph,1702.5,2025,8,6,high,2026-06-04T17:00:44.940418
d1ad3c92-abb2-4928-9637-74815e6bfc1e,fa1bed25-2489-4123-be30-c324195d8b97,Christine Owens,gallegosdouglas@example.net,PROD-5765,Seamless fresh-thinking middleware,sports,1,483.04,2025-11-03 15:37:49,completed,paypal,Greece,East Danielburgh,483.04,2025,11,3,high,2026-06-04T17:00:44.940418
c3bce6fa-74d0-43ad-8c69-fdb7187f42b0,ebe69fa6-5c31-4d12-b8e7-7c53801d3c1b,Nicole Briggs,zacharyroberson@example.com,PROD-8569,Progressive zero-defect attitude,sports,9,646.94,2026-02-27 16:55:23,completed,credit_card,Israel,New Christopher,5822.46,2026,2,27,high,2026-06-04T17:00:44.940418
26d07d66-1e20-4c91-8742-b40e6ff13b52,de43b54a-a6c8-4c5f-92a1-17e04c33524b,Elizabeth Tate,everettjill@example.net,PROD-3823,Seamless impactful utilization,books,8,85.87,2025-09-01 08:43:56,cancelled,paypal,Tanzania,Port Michael,686.96,2025,9,1,high,2026-06-04T17:00:44.940418
4d36abd7-faea-4a33-b6a9-a99519d8bdd4,3d618027-f72f-4c10-9747-fc0767f98cfe,Charlene Kim,garciawilliam@example.org,PROD-7225,Multi-lateral next generation help-desk,clothing,9,561.25,2026-01-25 19:22:21,cancelled,paypal,Liechtenstein,Stricklandfurt,5051.25,2026,1,25,high,2026-06-04T17:00:44.940418
539ebcb7-60ec-4418-9660-0cbb66e74113,a4658caa-7b00-4464-a98f-e15aa5137656,Robin Whitney,jenkinseric@example.net,PROD-9501,Adaptive content-based complexity,sports,1,765.57,2025-12-18 10:51:02,completed,credit_card,Gabon,Lake Hunter,765.57,2025,12,18,high,2026-06-04T17:00:44.940418
fdb17be9-0149-4111-b34c-9792c646c1f1,b05a7fd3-a9be-445f-9300-ada8f479c026,Kendra Adams,thomas10@example.com,PROD-9415,Cross-platform value-added pricing structure,electronics,8,973.42,2026-01-26 06:59:31,completed,bank_transfer,Ethiopia,Ricetown,7787.36,2026,1,26,high,2026-06-04T17:00:44.940418
b1a5729c-f08b-419a-9faf-fe092e2b104a,98264b6c-2dde-463e-86a6-a59735dfdbed,Peter Graham,anthony93@example.org,PROD-7103,Enhanced systemic functionalities,food,1,754.94,2025-11-22 22:26:28,cancelled,paypal,Australia,Port Johnnyberg,754.94,2025,11,22,high,2026-06-04T17:00:44.940418
7585941d-b317-4839-b8aa-a9fd2fddc5b4,3aab694a-0b3f-4df7-b2df-46508c7981e3,Chad Johnson,robert18@example.net,PROD-3047,Object-based intangible algorithm,electronics,9,443.98,2025-06-19 13:31:08,pending,bank_transfer,Jamaica,Port Tiffanyfurt,3995.82,2025,6,19,high,2026-06-04T17:00:44.940418
2f488ace-1978-4b85-b0fa-1606a977b516,ba976e7b-d900-4282-916c-279acdb2e940,Monica Martinez,bfernandez@example.net,PROD-5658,Synchronized eco-centric function,electronics,7,393.49,2026-02-18 23:01:10,completed,bank_transfer,Cape Verde,Port Mark,2754.43,2026,2,18,high,2026-06-04T17:00:44.940418
0c2a538c-844a-4901-a537-aa722300b9db,a6b6a44f-91f4-4a4a-a20d-0e10b69a8e0e,Jeffrey Michael,kenneth21@example.com,PROD-7486,Up-sized zero-defect leverage,books,5,653.67,2025-11-15 23:35:20,pending,bank_transfer,Lesotho,Harrisport,3268.35,2025,11,15,high,2026-06-04T17:00:44.940418
9374f56f-d908-43fc-a137-616030f1bdaf,7f1944a2-6ac5-4a6e-84c9-cb6996c6569b,Marvin Alvarado,molson@example.com,PROD-9622,Managed asymmetric orchestration,food,8,957.93,2026-03-27 00:11:31,cancelled,bank_transfer,Western Sahara,Hobbsmouth,7663.44,2026,3,27,high,2026-06-04T17:00:44.940418
cc79ee1a-7c17-41b3-8655-e5e2e71dc0de,caf0de15-c133-4996-9743-caecc5782fda,Jacqueline Moyer,ilee@example.net,PROD-9786,Automated high-level model,books,10,240.08,2025-08-22 11:03:19,completed,paypal,Tanzania,Howardshire,2400.8,2025,8,22,high,2026-06-04T17:00:44.940418
6e25ba85-a371-42ce-8513-59ba1e842151,9160e088-dd18-48ce-a573-ee65f7edbcd0,Daniel Kim,garciaannette@example.com,PROD-9594,Self-enabling motivating middleware,sports,4,302.25,2026-02-28 13:24:52,completed,bank_transfer,Namibia,Patriciaside,1209.0,2026,2,28,high,2026-06-04T17:00:44.940418
7f0947d0-6833-42c5-84cb-c7b1622f05d3,90a4d6e9-8b62-45b1-8bc7-b7193c9a994f,Jennifer Leonard,katherinegardner@example.net,PROD-7287,Fully-configurable client-driven process improvement,sports,10,875.7,2025-06-19 09:02:47,cancelled,paypal,Guinea-Bissau,Port Nancy,8757.0,2025,6,19,high,2026-06-04T17:00:44.940418
e232dc85-ddf4-4783-b605-446c0b0d6892,981a7ebb-b6ff-4aad-bb73-aa2cf4e47064,Dennis Wilson,randy43@example.org,PROD-2810,Operative scalable framework,clothing,7,800.59,2025-11-16 06:03:05,cancelled,bank_transfer,Hong Kong,Allenburgh,5604.13,2025,11,16,high,2026-06-04T17:00:44.940418
135e0644-d1a7-4620-9a48-b33f72a4d7db,836222cb-8062-4df8-a131-711eb7d8716b,Janice Alvarado,bill35@example.net,PROD-5323,Organic reciprocal analyzer,food,7,835.07,2025-12-07 13:41:08,completed,bank_transfer,Saint Martin,East Geraldmouth,5845.49,2025,12,7,high,2026-06-04T17:00:44.940418
5f22f34f-8438-4990-be6d-cc60b963a333,f2c3aebc-56d1-4a2a-8da4-a95984f36303,Megan Allen,iweber@example.com,PROD-8956,Enterprise-wide explicit Internet solution,books,1,813.46,2025-06-25 11:36:49,completed,credit_card,Antigua and Barbuda,Brewerland,813.46,2025,6,25,high,2026-06-04T17:00:44.940418
419410b3-dc27-49d3-8ca3-cb4fcac0538d,8b92500f-2f2a-4413-8580-5b94b88dbe5c,Mrs. Tasha Liu PhD,wramos@example.com,PROD-9483,Triple-buffered homogeneous infrastructure,sports,6,970.94,2026-01-28 22:40:28,cancelled,paypal,Dominican Republic,Mcclainton,5825.64,2026,1,28,high,2026-06-04T17:00:44.940418
d63a9b34-2210-4e6e-bf9d-f01f71b3df98,6bac3f6d-3491-4bfc-b0eb-caa9c0f8e6a0,Joshua Lee,amanda23@example.com,PROD-9045,Configurable directional matrix,electronics,2,454.12,2025-08-03 22:36:49,pending,credit_card,Togo,Clarkfurt,908.24,2025,8,3,high,2026-06-04T17:00:44.940418
66ac4482-d5ab-44d9-9d94-e565410b8c23,db49e0e0-5bb9-4884-804f-aa03c0c147f6,Teresa King,eduardojackson@example.net,PROD-5719,Reactive hybrid productivity,books,2,81.4,2026-01-08 22:57:14,pending,credit_card,Liechtenstein,Port Melissa,162.8,2026,1,8,medium,2026-06-04T17:00:44.940418
1f63ee66-a107-44e3-82bc-0193e01322f4,5368285e-17a4-43fe-9e82-e499ecd36eab,Eric Walker,kristine18@example.net,PROD-2901,Pre-emptive empowering data-warehouse,electronics,9,470.38,2025-07-24 21:10:41,cancelled,paypal,Ghana,Hernandezchester,4233.42,2025,7,24,high,2026-06-04T17:00:44.940418
d5d61bb6-f69a-430e-8e73-63decbd34e8d,85c364a3-f39b-40b0-b697-b5da77361798,Scott Taylor,gutierreztimothy@example.com,PROD-4150,Team-oriented optimal moderator,sports,9,352.65,2026-04-15 04:49:25,cancelled,credit_card,Switzerland,Lake Samanthafurt,3173.85,2026,4,15,high,2026-06-04T17:00:44.940418
6cab2aae-1886-455f-8f97-47c3d388a4d5,131be165-8a51-4842-b0d6-2f627ec768ee,Michelle Rogers,jennifer49@example.com,PROD-5872,Triple-buffered optimal methodology,electronics,3,545.02,2025-09-03 18:56:41,cancelled,credit_card,Vietnam,New Rickystad,1635.06,2025,9,3,high,2026-06-04T17:00:44.940418
fc06d509-9431-4f22-b449-fd48b1e88b7a,9674018a-49d7-44f2-8204-fa31c1551d69,Kevin Cuevas,robertaellis@example.com,PROD-2075,Synergistic tertiary groupware,sports,4,896.78,2026-02-20 02:36:53,cancelled,credit_card,Hong Kong,Howardside,3587.12,2026,2,20,high,2026-06-04T17:00:44.940418
86d98269-e4a4-41a1-962f-488e83f92a64,92ef20c4-69e2-496e-a069-01186a434d84,Kenneth Navarro MD,william21@example.com,PROD-9753,Integrated heuristic help-desk,clothing,1,844.52,2025-10-25 23:56:53,completed,bank_transfer,Marshall Islands,East Erin,844.52,2025,10,25,high,2026-06-04T17:00:44.940418
fa3557dd-2d61-4c97-bcda-1165116c7102,625256a5-dcec-4235-81c4-833fd128f705,Jerry Potter,sharonturner@example.com,PROD-7739,Ergonomic cohesive model,food,9,972.76,2025-11-07 23:58:11,pending,paypal,Tajikistan,East Hollyfort,8754.84,2025,11,7,high,2026-06-04T17:00:44.940418
652109e9-358b-43b2-af51-b7ce47e37afa,a0e98152-e2e0-4800-a37b-257e2fb1e990,Kathleen Mcguire,thomas34@example.org,PROD-9923,Automated value-added intranet,sports,7,306.36,2025-09-22 23:37:49,completed,credit_card,Nicaragua,Solomonberg,2144.52,2025,9,22,high,2026-06-04T17:00:44.940418
28d0b12b-0668-4181-a190-01b77f1115b0,b9e07234-3306-4df0-aa93-4a2e36ab3c84,Robert Gonzalez,michael30@example.net,PROD-1016,Polarized fault-tolerant capability,sports,4,233.55,2026-05-20 07:57:58,completed,credit_card,Tajikistan,North Shane,934.2,2026,5,20,high,2026-06-04T17:00:44.940418
0e4fcb0c-460d-4b4e-ad63-c1daaf63a5cf,321b3c47-feda-4cd7-bf77-233e6885b34a,Clarence Reyes,daniel35@example.com,PROD-7532,Open-architected systemic superstructure,clothing,1,182.9,2025-10-12 09:42:31,pending,credit_card,India,South Brent,182.9,2025,10,12,medium,2026-06-04T17:00:44.940418
5730bb33-5035-4931-b64a-a91dd276edcf,83260980-ec84-417f-acf5-bf12e102098a,Lauren Ruiz,ronaldmcdaniel@example.org,PROD-5010,Networked static complexity,electronics,8,899.59,2025-11-13 13:34:02,cancelled,paypal,Singapore,South Zachary,7196.72,2025,11,13,high,2026-06-04T17:00:44.940418
d7566f5b-6750-404b-9be5-ae1f034be9ba,7a0c605c-d903-44d1-83f9-aed0beb1d5eb,Miss Ashley Glass,pguerrero@example.com,PROD-3099,Robust bandwidth-monitored hardware,food,9,420.31,2025-10-10 05:54:14,completed,bank_transfer,Burundi,North Patriciaburgh,3782.79,2025,10,10,high,2026-06-04T17:00:44.940418
1e25bc91-138c-439a-8af3-70fafa65eb54,a45530f1-fa24-48e6-a097-c29a6c301124,Cassandra Rice,jbrowning@example.org,PROD-1006,Universal composite project,clothing,6,735.75,2025-11-13 19:51:37,pending,bank_transfer,Congo,Howardmouth,4414.5,2025,11,13,high,2026-06-04T17:00:44.940418
41cf09d2-da0f-49af-b92c-037fa586de73,b4527fc6-d13e-44b4-be95-074f5c7adf0c,James Perkins,nicholsjasmine@example.net,PROD-3805,Face-to-face local policy,clothing,9,389.27,2026-04-25 21:44:22,cancelled,paypal,Paraguay,West Calvinmouth,3503.43,2026,4,25,high,2026-06-04T17:00:44.940418
a7870c93-dd36-451a-928c-21c37f141783,852e03a4-9a72-42f1-b684-54f037989147,Linda Cannon,zmcclure@example.org,PROD-9840,Reverse-engineered secondary superstructure,books,7,944.74,2025-06-28 12:03:40,pending,paypal,Philippines,South Devinberg,6613.18,2025,6,28,high,2026-06-04T17:00:44.940418
2914f156-963a-46d3-ac10-19bee0785547,0dbb9940-ed17-429d-9f14-4e12d26ae5e0,Deanna Johns,dustinhuang@example.org,PROD-6626,Multi-layered global projection,food,3,423.4,2025-11-28 15:37:55,pending,bank_transfer,Malawi,Whitneyshire,1270.2,2025,11,28,high,2026-06-04T17:00:44.940418
caa72c1f-345d-413c-9a35-116166d6b84c,1544107c-bd76-48f8-9508-2eb1f74fada5,Rhonda Smith,cherring@example.net,PROD-6278,User-friendly disintermediate circuit,clothing,8,627.42,2026-03-22 04:48:40,completed,paypal,Tonga,Kimberlyville,5019.36,2026,3,22,high,2026-06-04T17:00:44.940418
3f1060ac-067e-4e32-904e-92389863f999,7b5f9aad-bafb-414c-93c7-236a624a43f0,Ellen Roach,uwilliams@example.org,PROD-5270,Multi-layered heuristic project,food,4,466.6,2026-02-11 16:10:24,cancelled,paypal,Guadeloupe,West Robertstad,1866.4,2026,2,11,high,2026-06-04T17:00:44.940418
205f91e6-92b3-4af0-b495-1db8ad2f234b,d399678c-3715-4573-8b24-c2bf560cbcff,Kristie David,thomas08@example.com,PROD-5963,Re-engineered intermediate orchestration,electronics,3,937.36,2025-09-06 13:16:20,pending,paypal,Germany,Richardsmouth,2812.08,2025,9,6,high,2026-06-04T17:00:44.940418
b971ad56-c14c-4814-8c69-e81a38e8a821,50141301-c40f-4edd-9d14-81e569b008e1,David Moss,vstanley@example.com,PROD-8343,Quality-focused zero administration encoding,food,2,689.25,2025-10-17 11:36:30,pending,paypal,Zambia,Amberfurt,1378.5,2025,10,17,high,2026-06-04T17:00:44.940418
d274940a-c1ee-4266-8cf0-1e80a978b35b,1b111bf7-5b18-4556-92bd-c260af2aab6e,Candace Lewis,lisawright@example.com,PROD-5243,Balanced homogeneous installation,books,1,114.35,2025-10-12 07:41:20,completed,bank_transfer,Norway,New Tinachester,114.35,2025,10,12,medium,2026-06-04T17:00:44.940418
6390c231-b51c-4897-b3a0-f29e998afaab,600e27db-f3c5-4e09-8507-abebc03d84dd,Tammy Bush,tvazquez@example.net,PROD-4593,Re-contextualized even-keeled portal,sports,8,639.61,2026-02-08 03:01:05,pending,bank_transfer,Puerto Rico,Rosemouth,5116.88,2026,2,8,high,2026-06-04T17:00:44.940418
6c193dd2-84da-431b-bc7f-6c41d9dc454a,b1aad668-a047-4e18-925c-8ca2fc701758,Cameron Osborne,rodney18@example.org,PROD-3252,Robust zero-defect project,books,8,677.27,2025-07-21 16:10:12,pending,paypal,Suriname,Gibsonmouth,5418.16,2025,7,21,high,2026-06-04T17:00:44.940418
1f3ad479-7648-4d3b-a1c9-13151aca0cc4,5581f6f2-1773-4162-ac15-8671cd01d382,Jason Parrish,lhudson@example.org,PROD-4574,Persistent bi-directional conglomeration,sports,7,179.19,2025-06-30 03:18:17,cancelled,credit_card,Antigua and Barbuda,Lake Debra,1254.33,2025,6,30,high,2026-06-04T17:00:44.940418
1fc878c5-b68e-42ca-bb00-57bde28dffc7,e2935a72-8320-4d78-adb8-c0a289454597,Jeremy Barnett,pittsstacy@example.org,PROD-5943,Upgradable client-server circuit,food,3,251.28,2025-05-28 04:38:19,cancelled,bank_transfer,Montserrat,Johnsontown,753.84,2025,5,28,high,2026-06-04T17:00:44.940418
d949f028-1e14-4608-a317-88c1beae5a3c,5e61bc5c-d8de-4804-b6ae-e46549d8b798,John Jackson,johnboyd@example.net,PROD-1210,Business-focused directional structure,books,7,940.37,2026-05-09 09:34:48,cancelled,bank_transfer,Portugal,Port Lancemouth,6582.59,2026,5,9,high,2026-06-04T17:00:44.940418
0feaa1ca-0531-4c5e-b490-4af46fe66872,5aa8c1be-7921-4cbe-a569-5032c7815434,Cory Rodriguez,gabriella09@example.com,PROD-5105,Cross-platform encompassing ability,clothing,2,714.44,2025-10-28 15:16:36,completed,paypal,Tanzania,Sonyastad,1428.88,2025,10,28,high,2026-06-04T17:00:44.940418
128d783e-c09f-4f96-8546-e2ddccc66301,f0df2d5f-76f6-4f07-8f13-51730311aa44,Wesley Baker,kbutler@example.net,PROD-5558,Streamlined radical complexity,books,10,447.68,2025-05-27 19:03:24,cancelled,bank_transfer,Slovakia (Slovak Republic),New Austinmouth,4476.8,2025,5,27,high,2026-06-04T17:00:44.940418
21720b5a-0c9d-42a5-9189-6427af50c92b,dee3b59a-7aec-4deb-9ddc-3c8143b68d43,Kevin Ashley,gonzalesjennifer@example.com,PROD-3073,Streamlined human-resource synergy,books,4,505.37,2025-06-03 01:41:38,pending,bank_transfer,Hong Kong,Troybury,2021.48,2025,6,3,high,2026-06-04T17:00:44.940418
0f70007f-0821-4e14-acf5-e277b30ab5a7,44a13dcb-fdb2-441b-94e2-185733b6add1,Charlotte Ashley,amy13@example.org,PROD-6795,Reduced multi-tasking leverage,electronics,2,385.03,2025-10-09 17:57:43,completed,credit_card,Malaysia,Huangmouth,770.06,2025,10,9,high,2026-06-04T17:00:44.940418
0ce1e003-e664-4ef4-bb92-b1c649907026,641e636f-eff4-4931-b28e-88c4531bef40,David Jones,cynthiaevans@example.org,PROD-6882,Pre-emptive bifurcated methodology,books,3,488.29,2025-10-27 06:56:30,pending,credit_card,Timor-Leste,New Jose,1464.87,2025,10,27,high,2026-06-04T17:00:44.940418
8241a28f-d97c-42b0-8087-3b8ac5704066,ae2425f6-322f-4029-930a-3b92b906ae20,Haley Roberts,joseph27@example.org,PROD-8399,Automated scalable moratorium,food,7,459.63,2026-03-21 23:24:29,completed,bank_transfer,Papua New Guinea,West Caleb,3217.41,2026,3,21,high,2026-06-04T17:00:44.940418
352b03ce-4a64-469f-89f2-4c68628aec8e,3715737f-b0eb-4164-bbe3-c0c93f4f5f7a,Susan Owens,dianasanders@example.org,PROD-9864,Operative bi-directional help-desk,sports,5,255.94,2025-11-23 06:01:02,completed,credit_card,Benin,East Deannatown,1279.7,2025,11,23,high,2026-06-04T17:00:44.940418
a1033a8e-fcee-41d4-93e7-aaa531e0a9f6,7586b68c-8c2b-4098-877f-6e7df9c6a94b,Elizabeth Franco,daviddavis@example.net,PROD-9648,Triple-buffered uniform portal,electronics,2,915.01,2025-10-21 15:47:49,completed,paypal,Korea,Brownhaven,1830.02,2025,10,21,high,2026-06-04T17:00:44.940418
18a6af5b-fc3e-44b5-a144-ab39f0a3fa9d,3e696a4e-96a8-43bc-94ad-2e33a66bee0f,Yvonne Murillo,singhjacob@example.com,PROD-9719,Triple-buffered asynchronous Internet solution,books,6,923.89,2026-02-20 11:41:17,completed,credit_card,Chad,Schneiderfurt,5543.34,2026,2,20,high,2026-06-04T17:00:44.940418
94e2b8b4-ef16-4f8c-8b7a-0f2436271db7,947cae50-9894-4984-ab45-6d775160df70,Michelle Becker,solomonmichael@example.net,PROD-3369,Stand-alone clear-thinking budgetary management,clothing,5,244.02,2026-03-23 14:20:10,pending,paypal,Svalbard & Jan Mayen Islands,Stevensonfort,1220.1,2026,3,23,high,2026-06-04T17:00:44.940418
2c23f873-e9b9-45fe-93c5-4249a2e40697,81b4e149-975c-4601-bb02-8da38dc935d3,Susan Hill,cooperdanielle@example.com,PROD-6621,Horizontal eco-centric moderator,clothing,7,444.05,2025-09-27 05:05:52,pending,credit_card,North Macedonia,Lawrenceton,3108.35,2025,9,27,high,2026-06-04T17:00:44.940418
4b62badc-6167-4571-804b-5d92e648c611,8f13c7a6-e8cd-42c3-9591-2e7307b3939f,Richard Bryant,richardcoleman@example.net,PROD-6080,Mandatory transitional moratorium,electronics,5,276.79,2025-05-26 07:28:25,cancelled,credit_card,Aruba,Lake Brandon,1383.95,2025,5,26,high,2026-06-04T17:00:44.940418
c71b6b58-e9d3-48e5-9f89-e9e135d64dcf,ffdd0e2e-c5af-4169-a5ca-e10be9362cdc,Darren Flores,mooresabrina@example.com,PROD-1023,Universal asynchronous support,books,1,74.3,2025-11-20 10:29:27,pending,credit_card,Svalbard & Jan Mayen Islands,Calhounshire,74.3,2025,11,20,medium,2026-06-04T17:00:44.940418
dc8274e0-1669-4cce-a686-dadaf0dc3eda,83de48f2-bae9-4419-85ce-77d86f3a71f9,Alyssa Davenport,solisvanessa@example.org,PROD-9395,User-centric human-resource info-mediaries,food,10,638.51,2025-12-07 16:13:58,cancelled,credit_card,Mongolia,Lisachester,6385.1,2025,12,7,high,2026-06-04T17:00:44.940418
0dca4677-675a-4586-b2b5-d56014953e92,811b7dc1-91fb-43e4-961b-0c94e03298bd,Robin Sims,donnaboyer@example.org,PROD-6860,Pre-emptive 5thgeneration software,clothing,7,500.96,2025-06-11 13:31:44,completed,paypal,Turkey,Amystad,3506.72,2025,6,11,high,2026-06-04T17:00:44.940418
1e34112d-7b94-4114-9f45-98ca20011923,96c4b00e-5005-4327-86c3-61fb9cd6c8e6,Amanda Rogers,sabrinawillis@example.org,PROD-2770,Distributed optimizing toolset,books,3,73.4,2026-01-28 00:49:54,completed,paypal,Netherlands,Jocelynborough,220.2,2026,1,28,high,2026-06-04T17:00:44.940418
b3ac7345-ac1f-47ee-84c9-6b82c0e7d435,339a3916-5053-478a-98da-b71ed1322926,Mary Robbins,thomasjoshua@example.net,PROD-2648,Multi-layered mobile leverage,electronics,6,973.07,2026-03-16 09:20:36,pending,bank_transfer,United Arab Emirates,South Ricardo,5838.42,2026,3,16,high,2026-06-04T17:00:44.940418
94375347-a35c-421c-96a3-12bdf419cc24,32531869-0048-47d9-bf27-6a2beb627fc6,Erica Moore,vickithompson@example.com,PROD-6791,Robust 4thgeneration monitoring,clothing,5,624.34,2025-10-06 16:54:24,pending,credit_card,Antigua and Barbuda,West Damon,3121.7,2025,10,6,high,2026-06-04T17:00:44.940418
8cbddb19-e65f-40ac-b83d-d78b3784ec15,5eef416c-297f-47ee-9971-ba37bb9637fe,Margaret Nguyen,boyleangela@example.org,PROD-1680,Enhanced leadingedge orchestration,books,3,308.79,2026-04-29 01:20:53,cancelled,paypal,Gibraltar,Port Paul,926.37,2026,4,29,high,2026-06-04T17:00:44.940418
59d80916-3103-41bd-a348-c3e66cbc059a,6f042921-d10d-4955-b235-087fa303931d,Theresa Powell,nmartinez@example.com,PROD-1456,Object-based cohesive Graphic Interface,clothing,9,857.45,2026-02-17 13:58:42,completed,paypal,Burkina Faso,Williamsburgh,7717.05,2026,2,17,high,2026-06-04T17:00:44.940418
ec0c2064-4702-4165-9ca0-13fc4a2f4ae5,e0854da1-4619-4635-9d01-2063dd4e4c99,Jacqueline Kim,lbenson@example.org,PROD-8951,Integrated user-facing middleware,sports,3,562.38,2025-09-02 13:52:51,completed,credit_card,Belgium,Smithberg,1687.14,2025,9,2,high,2026-06-04T17:00:44.940418
0d349fec-d576-410c-9db1-6d251af9ae29,1b14ca84-0add-42f1-a0bb-f7e2acfe519c,Juan Martin,dmccarthy@example.net,PROD-2716,Business-focused coherent standardization,food,9,910.51,2026-01-12 14:33:14,completed,bank_transfer,Malta,Andrewbury,8194.59,2026,1,12,high,2026-06-04T17:00:44.940418
45378371-e174-42d7-8c59-243a8e1de900,04ae55af-06d0-4515-8901-e4ca508731de,George Smith,mooredaniel@example.org,PROD-3620,Networked analyzing emulation,clothing,5,638.18,2026-05-17 08:23:37,completed,bank_transfer,Gibraltar,East Scottstad,3190.9,2026,5,17,high,2026-06-04T17:00:44.940418
f863ed52-40ba-4521-aea9-da7cf714756f,dc808ca7-9477-4e19-9d2e-49c76524bc94,Jay Cooley,hernandezsara@example.com,PROD-3026,Virtual user-facing framework,food,1,687.83,2026-03-22 23:56:07,completed,paypal,Bahamas,West Lori,687.83,2026,3,22,high,2026-06-04T17:00:44.940418
16753cc7-3fa7-4a2f-ae03-d7d7acc9bce3,ad098508-362a-42fe-b059-ce5701cc9d0d,Richard Navarro,jennifer37@example.com,PROD-5264,Operative bifurcated help-desk,sports,10,992.65,2025-08-12 07:09:10,completed,paypal,Bahrain,Scottbury,9926.5,2025,8,12,high,2026-06-04T17:00:44.940418
e6f2b3f6-6200-472e-a40c-66817400df80,56775a84-4cca-43d7-b306-9e632e8172c4,Kayla Weaver,coledanielle@example.net,PROD-3158,Realigned leadingedge focus group,electronics,8,434.09,2026-05-23 09:23:55,completed,bank_transfer,Bahrain,North Spencertown,3472.72,2026,5,23,high,2026-06-04T17:00:44.940418
1fbf545f-68cf-442b-8e94-c72f718ac5a7,eb6c9f72-133e-4f6b-88e2-80b6a90c4842,Ann Mccarthy,abutler@example.net,PROD-6565,Enhanced regional array,clothing,5,359.12,2025-09-24 21:20:59,pending,paypal,Indonesia,Smithton,1795.6,2025,9,24,high,2026-06-04T17:00:44.940418
96abde73-c100-48ab-b0d7-4a560211f510,115c9f49-d5c2-4a32-9d33-47f5e704745a,Anthony Evans,regina40@example.org,PROD-1785,Universal hybrid paradigm,sports,6,457.07,2025-09-11 22:31:29,cancelled,bank_transfer,Mayotte,Port Heatherborough,2742.42,2025,9,11,high,2026-06-04T17:00:44.940418
f3fe867a-fd8c-4491-988b-f3620cbf4aa4,95969101-110e-40a7-987f-c783c3119fae,Charles Powell,xlewis@example.net,PROD-9662,Persistent upward-trending instruction set,sports,4,361.82,2026-05-23 13:08:31,completed,credit_card,Korea,West Crystal,1447.28,2026,5,23,high,2026-06-04T17:00:44.940418
6b8e5265-7ec1-4e79-900f-7713cd4f2542,60d070b6-11b8-410c-852b-1d48191257ca,Pamela Tucker,vweaver@example.net,PROD-8900,Operative client-driven monitoring,electronics,5,72.33,2025-12-09 04:57:22,cancelled,credit_card,Saint Martin,Douglasmouth,361.65,2025,12,9,high,2026-06-04T17:00:44.940418
d2e7727c-7e88-43b5-a73a-eef4e3f30cce,0380e438-ec30-497f-b309-84bd040f0d8b,Calvin Cook,ricecameron@example.net,PROD-3198,Future-proofed interactive protocol,books,6,126.57,2026-03-15 01:56:13,pending,credit_card,South Africa,North Jasonton,759.42,2026,3,15,high,2026-06-04T17:00:44.940418
fb166131-a59b-4046-856f-75a4066b7cce,6483b882-e1e3-478a-b98c-de153172ad16,Lisa Johnson,erobinson@example.com,PROD-8220,Reverse-engineered heuristic help-desk,electronics,1,269.05,2026-01-02 07:30:14,cancelled,credit_card,Burundi,Riceland,269.05,2026,1,2,high,2026-06-04T17:00:44.940418
b1d508a4-f901-4e91-8247-dd9b47ca1bd5,b7e5e0b8-719e-4012-9b7c-cbee00183170,Nathan Harris PhD,jessestafford@example.org,PROD-7744,Networked non-volatile matrix,sports,7,103.18,2026-02-01 05:27:37,cancelled,credit_card,Oman,North Jeffreytown,722.26,2026,2,1,high,2026-06-04T17:00:44.940418
1eb8de1e-08aa-46e2-a110-3cccb6d943e7,eea7bfca-f21b-4f99-9a03-e4ef9a008cb1,Courtney Lamb,labbott@example.com,PROD-3237,Stand-alone hybrid model,books,1,903.54,2026-01-08 00:02:03,cancelled,credit_card,Colombia,West Kathrynville,903.54,2026,1,8,high,2026-06-04T17:00:44.940418
0dad9c18-9283-45f1-b261-8c0263e5158e,406b7488-42c8-4ac2-afe3-86e665ad604a,Michele Lucas,vsanchez@example.net,PROD-8955,Robust leadingedge encryption,sports,8,161.41,2026-04-19 12:23:22,completed,paypal,Sierra Leone,East Steven,1291.28,2026,4,19,high,2026-06-04T17:00:44.940418
4776f1cc-c1ff-4163-9028-83b07a3c95e3,9c394ffc-7137-4cec-85d1-bc2bab177ac2,Bryan Soto,jason38@example.com,PROD-5956,Cloned intangible extranet,books,3,237.05,2026-05-12 11:37:40,cancelled,paypal,Slovakia (Slovak Republic),New Rachaelfurt,711.15,2026,5,12,high,2026-06-04T17:00:44.940418
808b17d9-26f8-41d0-aaf8-e056473ddbfc,fb8b75f3-bdd0-4bea-8e39-0c11a467f2f7,Tracy Rodriguez,dcox@example.com,PROD-3863,Managed discrete portal,sports,1,385.05,2026-05-20 06:29:45,completed,credit_card,Isle of Man,South Timothy,385.05,2026,5,20,high,2026-06-04T17:00:44.940418
87f14946-21c8-46fb-8da3-53d9cb18391e,a7166eca-acc2-4c98-bd3e-6e94503a523c,Caitlin Reyes,elopez@example.com,PROD-6479,Versatile needs-based moratorium,electronics,1,639.64,2025-08-11 07:49:50,cancelled,paypal,Costa Rica,West Amytown,639.64,2025,8,11,high,2026-06-04T17:00:44.940418
fc6549e8-64be-496b-9c03-ed2eebdcf6fc,b67ffb62-0eef-4716-bb6a-daa4f1cd4a12,Lauren Webb,lukewilliams@example.net,PROD-9135,Reverse-engineered encompassing task-force,sports,8,151.75,2026-04-10 13:07:19,pending,bank_transfer,Colombia,New Lisaborough,1214.0,2026,4,10,high,2026-06-04T17:00:44.940418
a6fbbaec-5afd-42ec-996c-000d1b27ab06,16260063-deb6-4e03-8ce8-b2ed6857eab9,Susan Landry,leemichele@example.net,PROD-1637,Exclusive local intranet,clothing,8,286.88,2026-03-18 02:41:34,completed,bank_transfer,Israel,Lake Kaylaton,2295.04,2026,3,18,high,2026-06-04T17:00:44.940418
e4fc8657-db80-44eb-a4c1-3f4b9e302468,deb9829a-4e8e-45b6-a35b-df4082cd78ee,Paul Jackson,alivingston@example.net,PROD-4947,Future-proofed directional frame,clothing,3,975.81,2025-10-10 21:45:56,pending,bank_transfer,Syrian Arab Republic,Brianview,2927.43,2025,10,10,high,2026-06-04T17:00:44.940418
e6f6c947-a984-49aa-9f97-8319b34d6ef2,ab162a82-41b6-4a80-a3e3-47b95eac34ca,Amanda Chandler,cory95@example.com,PROD-1122,User-friendly 5thgeneration installation,sports,4,82.77,2026-02-03 12:11:23,cancelled,paypal,Liberia,Cookview,331.08,2026,2,3,high,2026-06-04T17:00:44.940418
82411cfb-2275-4e82-8279-19a0ecc0a05f,736db2d4-f8b1-4a5c-bc03-f9e7c54ebba2,Melissa Ward,ayang@example.com,PROD-1836,Organized methodical task-force,electronics,3,295.34,2025-09-25 13:18:49,completed,paypal,Sao Tome and Principe,West Richard,886.02,2025,9,25,high,2026-06-04T17:00:44.940418
43ac7c58-0094-4190-8881-2a2586745c87,9621d6e3-331c-402c-b9a2-a160820278ae,Mrs. Megan Brooks,jmcdaniel@example.com,PROD-9627,Assimilated systematic collaboration,books,7,410.77,2026-01-13 17:47:56,pending,credit_card,Mali,Salazarport,2875.39,2026,1,13,high,2026-06-04T17:00:44.940418
8885308b-6f99-4219-8552-07ced4ade710,15df1df5-b178-4239-9c7e-3ac51a84c109,Susan Wilkinson,thompsonjamie@example.com,PROD-7526,Compatible responsive implementation,books,9,99.84,2026-05-03 19:49:17,completed,bank_transfer,Nigeria,Brianview,898.56,2026,5,3,high,2026-06-04T17:00:44.940418
eff9f06f-29ea-430b-a526-250fad5d5557,d4e4685a-3748-438a-a069-c6406a9ee2a1,Christopher Martin,scott83@example.org,PROD-9736,Stand-alone content-based help-desk,food,7,945.2,2025-10-07 02:37:29,completed,paypal,Georgia,Wuport,6616.4,2025,10,7,high,2026-06-04T17:00:44.940418
af15019a-df72-4c88-bf14-1bd2fde135b5,088ec9b5-a4ad-4021-895e-22888a43de86,Mr. Thomas Greer,dawn25@example.org,PROD-7405,Cloned local architecture,electronics,2,885.28,2025-06-13 22:49:00,pending,credit_card,Italy,Sarahburgh,1770.56,2025,6,13,high,2026-06-04T17:00:44.940418
85e4445e-d4ca-4c9f-947f-f08c1981e374,af151c07-dc10-409b-9913-519f25d06e36,Sarah Jackson,patriciagraham@example.net,PROD-3397,Decentralized holistic Local Area Network,electronics,2,570.37,2025-10-11 07:08:23,pending,paypal,Anguilla,Kingmouth,1140.74,2025,10,11,high,2026-06-04T17:00:44.940418
77097136-5ea0-41a0-a570-f04d00d6bf9c,83f924e1-d22b-4fef-956f-082ba36c5072,Christopher Grant,parkelizabeth@example.com,PROD-4389,User-friendly maximized support,books,8,610.82,2026-04-11 18:48:51,completed,paypal,Samoa,Lake Rachelport,4886.56,2026,4,11,high,2026-06-04T17:00:44.940418
8b3e1fe5-2452-45d4-a3f8-07e6d0f31889,7c9474fa-f294-4da1-be78-e111866f7f2e,Christina Moss,ariel86@example.net,PROD-5510,Synergized didactic collaboration,clothing,2,255.49,2025-10-20 18:29:59,completed,bank_transfer,New Zealand,West Alexisview,510.98,2025,10,20,high,2026-06-04T17:00:44.940418
92385989-4a59-4cd5-bf8f-d61142e90925,aa511e7c-3fd8-4085-88c1-ce6ada97ba61,Anthony Dixon,oprice@example.net,PROD-3738,Multi-layered leadingedge knowledgebase,electronics,6,987.96,2025-12-03 21:39:17,pending,paypal,Albania,Lake Bobby,5927.76,2025,12,3,high,2026-06-04T17:00:44.940418
2dbfdd74-7c3f-42c1-b816-50a58f8b3bdb,13690b06-4f84-422e-9db6-df0ce11fe43e,Amanda Brown,karenbuckley@example.org,PROD-1590,Extended systematic migration,sports,10,527.65,2025-09-21 13:51:21,pending,credit_card,Nauru,Doughertyfort,5276.5,2025,9,21,high,2026-06-04T17:00:44.940418
f4de01ab-8917-4d15-848b-c8c057bf6e85,de9b6f7b-b776-4add-8e3b-fd0c9df41056,Thomas Johnson Jr.,heatherwilliams@example.org,PROD-7428,Networked exuding standardization,food,6,145.53,2025-06-01 16:16:34,completed,bank_transfer,Niue,Lake Veronica,873.18,2025,6,1,high,2026-06-04T17:00:44.940418
f7778bcd-2b3b-47f0-b3e7-2d73a22e5064,c8a35e77-7e1e-471b-8941-0855e8dd2889,Marissa Boone,kbooth@example.com,PROD-7798,Reactive intangible contingency,books,9,218.24,2026-01-12 20:55:22,completed,bank_transfer,Turks and Caicos Islands,Snyderstad,1964.16,2026,1,12,high,2026-06-04T17:00:44.940418
b50c1ed0-db2d-414e-a23b-afbd7e68bfc8,c5e113ac-4311-4832-8d15-42a1e0c51324,Angela Ortiz,jennifer24@example.com,PROD-8229,Secured background project,sports,10,698.2,2026-01-05 05:08:13,cancelled,paypal,Reunion,Haydenview,6982.0,2026,1,5,high,2026-06-04T17:00:44.940418
7673245c-3da6-4567-b421-82e3e415325c,da57bf83-d505-4548-b42e-d1b72b1382a9,Edward Taylor,sanchezmolly@example.com,PROD-6340,Phased client-server budgetary management,electronics,8,639.93,2025-10-13 06:11:18,completed,paypal,Saint Pierre and Miquelon,Laurenhaven,5119.44,2025,10,13,high,2026-06-04T17:00:44.940418
63a55168-bb9e-4b86-b55d-54505e9374fd,d1e41a4a-f54d-4d6b-bc2d-54f5b7d09399,Jeffrey Strickland,pgaines@example.net,PROD-6032,Compatible leadingedge capacity,food,2,686.65,2025-11-17 06:53:29,completed,credit_card,Afghanistan,Sanchezhaven,1373.3,2025,11,17,high,2026-06-04T17:00:44.940418
d5504e50-f90f-44ac-968b-f6203bf49ee7,c82b9fdb-1fa6-4623-ab05-44b1ad208354,Vanessa Munoz,cdecker@example.org,PROD-2741,Public-key coherent algorithm,clothing,9,77.69,2026-01-20 07:20:18,completed,credit_card,Iran,Port Brett,699.21,2026,1,20,high,2026-06-04T17:00:44.940418
cb1812c5-8db5-4e42-beb9-a1d50635b2aa,d58e3fa4-bddd-4000-981d-a6e7d90c92db,Kenneth Jackson,adamjones@example.net,PROD-5502,Business-focused secondary process improvement,clothing,6,598.05,2025-07-25 03:47:32,cancelled,bank_transfer,Montserrat,South Brittanystad,3588.3,2025,7,25,high,2026-06-04T17:00:44.940418
4617cdfe-48cc-41ab-8934-652c959f3902,2b798284-c9fb-4317-b3e3-4957152df02d,Kara Adams,christopherrios@example.com,PROD-7072,Devolved exuding task-force,books,9,138.22,2025-06-12 05:47:53,cancelled,credit_card,Zimbabwe,West Juliestad,1243.98,2025,6,12,high,2026-06-04T17:00:44.940418
8a4f4c65-0ecf-4796-a8fe-54c7d2471f0a,bfd5b77e-6e26-4cbe-b837-8e907c575fbf,Brian Lee,matthew36@example.com,PROD-6863,Mandatory maximized implementation,books,9,931.77,2025-09-09 08:31:06,completed,credit_card,Bolivia,Brownfurt,8385.93,2025,9,9,high,2026-06-04T17:00:44.940418
b9a38858-21e5-4c6f-b328-44448ef79d71,80dfaa84-f93a-4169-bc39-7660e88c9279,David Graves,nwall@example.com,PROD-8745,Mandatory exuding workforce,clothing,10,78.5,2026-03-28 02:53:52,completed,paypal,Senegal,Lake Christopherstad,785.0,2026,3,28,high,2026-06-04T17:00:44.940418
dc685368-cefd-4442-8cdf-4c6655a1b687,d79516db-882b-4e33-b9a3-55190179472f,Daniel Brown,rosslauren@example.com,PROD-8829,Seamless regional help-desk,books,5,868.3,2025-06-06 16:05:05,pending,credit_card,Micronesia,South Brandon,4341.5,2025,6,6,high,2026-06-04T17:00:44.940418
7a498bcc-3f58-4eae-89e3-e2ebbc2bfaae,93c3d9c9-516d-4944-8046-cae9c0eac3a6,Gina Scott,spencermathews@example.net,PROD-8182,Ameliorated full-range toolset,clothing,7,600.74,2025-11-30 17:23:58,pending,bank_transfer,Malta,Sandrachester,4205.18,2025,11,30,high,2026-06-04T17:00:44.940418
9873c589-9f3a-4ba6-8536-12752665c59b,7be5dcfe-5bba-47ec-92b2-129dc3310741,Diane Bean,morrisonjames@example.com,PROD-4832,De-engineered heuristic toolset,electronics,6,841.25,2025-06-12 12:00:45,cancelled,bank_transfer,Oman,Port Cameronville,5047.5,2025,6,12,high,2026-06-04T17:00:44.940418
a21a3dea-be03-48c7-94e5-d2743b469649,bae18983-e628-485c-aab9-4c19b4f416ae,Thomas Brown,haleypeter@example.net,PROD-2575,Open-architected leadingedge policy,sports,5,696.48,2025-06-07 11:50:24,cancelled,paypal,Germany,Joneschester,3482.4,2025,6,7,high,2026-06-04T17:00:44.940418
14dc04ef-7ee7-4262-a884-ab551d8438b1,f28c133f-af91-4fc4-8f1e-faff9df88b7b,Alicia Wilson MD,christine83@example.net,PROD-3143,De-engineered dynamic success,sports,8,818.47,2026-02-12 21:54:57,completed,paypal,Belgium,Lake Christineshire,6547.76,2026,2,12,high,2026-06-04T17:00:44.940418
9c41fae1-be95-40db-b28d-923d16e8cafe,cd6b0cf9-c430-42a9-8c5f-20c16bd46570,Michelle Campbell,tharrell@example.net,PROD-7316,Function-based real-time portal,books,3,399.48,2025-07-19 07:54:10,cancelled,paypal,Sri Lanka,West Heidishire,1198.44,2025,7,19,high,2026-06-04T17:00:44.940418
ea59c5d3-7c38-47fc-bcec-b5e160079319,33af914c-ebc9-4aef-ab04-c9daf65aee91,Ashley Craig,fnguyen@example.net,PROD-6142,Configurable secondary leverage,sports,9,621.33,2026-05-12 06:23:45,pending,paypal,Brunei Darussalam,West Ana,5591.97,2026,5,12,high,2026-06-04T17:00:44.940418
30500ab1-cd2c-48a7-b344-73f175f4b742,3fac2c98-0309-415b-b0e5-46342f30d974,Cassidy Weber,ruizshelia@example.com,PROD-8951,Decentralized impactful infrastructure,books,8,642.83,2026-01-01 03:44:57,pending,bank_transfer,Switzerland,Jerrytown,5142.64,2026,1,1,high,2026-06-04T17:00:44.940418
296da153-614d-458f-a9bd-e29cf847d699,2e3df223-74ac-4546-bced-aa228dc5b25c,Melanie Powers,valeriegutierrez@example.com,PROD-1964,Secured asymmetric throughput,clothing,1,217.99,2025-09-19 05:48:00,cancelled,bank_transfer,Cayman Islands,West Jeffrey,217.99,2025,9,19,high,2026-06-04T17:00:44.940418
9aa0d207-0b4a-4be9-a6a8-ca3d6598f130,a2c19a81-4318-4f33-84c3-deb924a8b1fa,Alicia Harvey,michelle81@example.com,PROD-9871,Upgradable 24hour algorithm,sports,3,387.47,2025-09-17 18:19:54,pending,paypal,Jersey,New Melissachester,1162.41,2025,9,17,high,2026-06-04T17:00:44.940418
c5a5236b-c38b-4eca-827a-4776bbb30ef8,e6c954eb-61f6-414d-ac5b-2a1fe50c9ccc,David Donaldson,pshaffer@example.com,PROD-8001,Optional well-modulated toolset,food,8,370.34,2025-10-27 23:01:52,pending,paypal,Tunisia,Arroyoburgh,2962.72,2025,10,27,high,2026-06-04T17:00:44.940418
83e4cfe6-d93e-4b64-856b-70623cfc8c1b,ee0b0087-a087-4f08-bc34-12e46dd18877,Richard Martin,beverly91@example.net,PROD-3530,Fundamental eco-centric definition,food,6,915.27,2025-07-05 07:26:59,pending,credit_card,Guinea-Bissau,South Anthonychester,5491.62,2025,7,5,high,2026-06-04T17:00:44.940418
dcccb343-4050-480c-9305-0c186d7d8c4a,02ba5752-7fa1-46f9-9ed9-cea64d0d040d,Tiffany Fields,alexanderalexander@example.org,PROD-3798,Stand-alone regional Graphic Interface,electronics,10,986.11,2025-07-24 03:50:25,cancelled,bank_transfer,Belize,Arellanoview,9861.1,2025,7,24,high,2026-06-04T17:00:44.940418
826754ba-5d99-4c03-9f4f-6a3fed0a5be6,3d3a6306-25ca-4fc4-af4b-92f8b712f455,David Fritz,janicesloan@example.org,PROD-6377,Decentralized disintermediate projection,electronics,3,111.22,2025-12-22 18:09:00,cancelled,paypal,Luxembourg,Port Kimberly,333.66,2025,12,22,high,2026-06-04T17:00:44.940418
feaa7e09-2477-43a6-8fbd-87743449a8ca,e5a8f5ef-200f-4051-8667-b0af069231da,Anthony Mccoy,piercejoseph@example.org,PROD-7264,Enhanced secondary conglomeration,sports,3,998.43,2026-03-22 08:22:47,cancelled,paypal,Gabon,Dianatown,2995.29,2026,3,22,high,2026-06-04T17:00:44.940418
ce0ed6b6-b4b7-46ee-813b-2af3d0c6db63,32f27cd4-363b-414b-8b68-0a33d2eb6db7,Dawn Smith,dana65@example.com,PROD-6822,Versatile explicit middleware,clothing,5,944.08,2025-11-17 13:19:58,cancelled,credit_card,Venezuela,New Justin,4720.4,2025,11,17,high,2026-06-04T17:00:44.940418
b1b1f3fd-1111-47b7-9226-111b36a832ea,6b290fc4-dcd5-4627-a28b-bf2fdd2ab845,Scott Carpenter,kcameron@example.com,PROD-2970,Reduced systematic throughput,sports,6,263.43,2025-12-31 01:19:16,pending,paypal,Eritrea,North Crystalmouth,1580.58,2025,12,31,high,2026-06-04T17:00:44.940418
3ca214b5-7e13-491d-86f1-29633f5902eb,0ceca3a4-0a04-4e7d-b933-6e8ab178dbcc,Natalie Young,hyork@example.com,PROD-1113,Optimized national structure,sports,8,221.11,2026-03-30 12:47:45,cancelled,paypal,Namibia,Port Dylan,1768.88,2026,3,30,high,2026-06-04T17:00:44.940418
60e0acff-a081-4508-997d-8d7534d54a48,e9055376-87ca-4953-b9a2-f31f7bbce098,Samantha Kemp,trevormccall@example.com,PROD-5081,Sharable attitude-oriented intranet,sports,8,464.2,2025-08-20 18:00:54,cancelled,bank_transfer,Burundi,Frazierland,3713.6,2025,8,20,high,2026-06-04T17:00:44.940418
d4f8633c-86db-47f6-b3fc-45197c8d6079,59934bec-eee8-4c5a-81f2-e3555ab18a4e,Christopher Johnson,robertking@example.com,PROD-1970,Cross-group radical alliance,books,6,349.42,2025-10-11 03:39:44,completed,bank_transfer,Monaco,Carneyburgh,2096.52,2025,10,11,high,2026-06-04T17:00:44.940418
208be38a-45b8-4a96-829f-3ade085c1cb5,1cfe489f-1811-46fc-aecf-6a1e14990b54,Dennis Oconnell DDS,morrisalexander@example.org,PROD-1004,Optimized grid-enabled orchestration,books,8,213.54,2025-07-24 15:17:40,pending,paypal,Comoros,New Melody,1708.32,2025,7,24,high,2026-06-04T17:00:44.940418
a69dd017-84d4-4378-826a-19cde889a957,0bb0cbbb-774d-4e16-a24b-b161909b1282,Jon Taylor,andreawyatt@example.org,PROD-1955,Future-proofed global open architecture,sports,4,746.91,2026-02-13 02:55:05,completed,bank_transfer,Cuba,Jamesport,2987.64,2026,2,13,high,2026-06-04T17:00:44.940418
3271c46e-2389-40a8-9419-f8ff50be3dd0,116f0616-b540-4376-848c-b75c9675c4c3,Kayla Herrera,reyesmichael@example.com,PROD-6222,Adaptive mission-critical system engine,electronics,10,833.98,2025-11-29 09:20:56,cancelled,credit_card,British Indian Ocean Territory (Chagos Archipelago),Caseyhaven,8339.8,2025,11,29,high,2026-06-04T17:00:44.940418
7e23e6fb-e614-492b-bef5-a8cdd1bb8004,5a7b8da8-27a2-4e15-b5c6-ac66a9c0946b,Randy Perez,tbrock@example.net,PROD-7544,Multi-channeled content-based infrastructure,books,6,707.41,2026-02-27 12:08:09,completed,paypal,Thailand,South Heidimouth,4244.46,2026,2,27,high,2026-06-04T17:00:44.940418
b7191390-e50d-4270-b2d8-1f37a10dead9,42f419f0-d0a2-4984-ab6e-7e8d7855c3a8,Gloria Ellis,michelle25@example.net,PROD-5784,Secured 3rdgeneration migration,electronics,1,325.7,2025-06-20 13:34:57,cancelled,bank_transfer,Kazakhstan,South Amanda,325.7,2025,6,20,high,2026-06-04T17:00:44.940418
79046a47-9947-4c0f-8c23-eb4d3cfa2b0e,90ecee29-efba-4d81-9790-24e6f05616aa,Kevin Valencia,cgentry@example.com,PROD-5129,Quality-focused asynchronous attitude,books,10,601.16,2026-04-04 05:57:38,completed,credit_card,Czech Republic,Manuelbury,6011.6,2026,4,4,high,2026-06-04T17:00:44.940418
3fbccd22-632d-4b27-b5bc-d1922751925d,c3f7e0e6-29e0-449a-b8ee-786f03c4fced,Jasmine Sutton,john21@example.org,PROD-4608,Multi-layered optimal access,food,5,153.12,2025-11-27 04:34:32,completed,credit_card,San Marino,New Cindyview,765.6,2025,11,27,high,2026-06-04T17:00:44.940418
9b6a0a9c-917e-4b21-8565-7e5384ebaba8,d26d73e5-e501-4ae7-b1d2-0304561f0856,Gabrielle Warren,andersonjeffrey@example.org,PROD-2891,Optimized reciprocal paradigm,food,3,915.82,2025-09-19 04:32:12,pending,paypal,North Macedonia,Coleshire,2747.46,2025,9,19,high,2026-06-04T17:00:44.940418
a8c7f22c-68a8-4eb3-b8da-c1b235f8eb00,8c9e17c3-1e29-4e66-8d2c-0476da00b74d,Sophia Hamilton,jonathan52@example.net,PROD-4370,Implemented composite Local Area Network,clothing,7,708.28,2025-11-18 14:18:20,pending,bank_transfer,Palestinian Territory,Moralesland,4957.96,2025,11,18,high,2026-06-04T17:00:44.940418
9c139c03-4990-493a-93d9-ac4dece9c359,fa560f48-838f-4a19-a677-9a053a8dd50f,Ashley Garcia,jillrobinson@example.com,PROD-4766,Grass-roots bottom-line access,electronics,2,74.82,2026-04-21 08:28:08,pending,bank_transfer,Australia,Mollyton,149.64,2026,4,21,medium,2026-06-04T17:00:44.940418
d8f59b85-5b20-43cb-8685-6cac85c9306e,ed32944c-ef70-4128-9e5f-ca786ea4aced,Kristina Haynes,nicolewilliamson@example.net,PROD-3627,Grass-roots impactful array,food,5,91.28,2025-10-24 09:43:20,completed,paypal,Ghana,Mckenzieport,456.4,2025,10,24,high,2026-06-04T17:00:44.940418
665ec0e0-b2fd-4a78-99bb-528fd7495cdd,53c5cc5c-3531-4373-9ead-003638a4b658,Brandi Lewis,haleautumn@example.org,PROD-6345,Streamlined 24/7 alliance,clothing,7,441.48,2026-01-12 09:37:14,pending,bank_transfer,Malta,Annton,3090.36,2026,1,12,high,2026-06-04T17:00:44.940418
b3ceb728-3bf4-47f4-953b-2c95118e94fb,86bd9530-b366-4f0e-bd73-d6ac1e74df81,Carrie Perry,edunlap@example.org,PROD-5960,Grass-roots 3rdgeneration functionalities,sports,4,510.33,2025-07-22 23:42:20,cancelled,credit_card,Kuwait,North Danielland,2041.32,2025,7,22,high,2026-06-04T17:00:44.940418
f810600a-bf10-4d9c-abe9-66780ed31020,2a8ee5cb-5565-4aa6-bfe8-1a0ebce426f3,John Jacobson,jacobsolomon@example.com,PROD-1791,Self-enabling multi-state knowledge user,electronics,7,232.7,2025-06-21 10:21:02,completed,paypal,Solomon Islands,North Dustinmouth,1628.9,2025,6,21,high,2026-06-04T17:00:44.940418
a3ca251f-c7af-46e7-b1a4-979114d8b2d1,189a10c4-14c5-4915-a334-722e6113d345,Morgan Lawson,martinbrandi@example.net,PROD-5959,Ameliorated modular service-desk,clothing,6,194.05,2025-08-29 08:41:18,completed,bank_transfer,Estonia,West Monique,1164.3,2025,8,29,high,2026-06-04T17:00:44.940418
0e39f3ce-5e6d-4ba5-b19c-a7657660f7ea,9451df15-05c6-4cc8-ab91-d155544666a7,Andrew Reyes,amanning@example.net,PROD-5780,Profound optimizing groupware,books,5,541.1,2026-02-07 22:51:09,completed,bank_transfer,Bahrain,Melissahaven,2705.5,2026,2,7,high,2026-06-04T17:00:44.940418
e146b4e8-7e59-4893-b8c9-434145fb1613,0cfd87b6-decd-47d3-87d3-97176f6238ab,David Mcbride,heidimartinez@example.org,PROD-3420,Reverse-engineered real-time approach,electronics,1,939.91,2026-03-01 14:31:59,cancelled,credit_card,Wallis and Futuna,Ballfurt,939.91,2026,3,1,high,2026-06-04T17:00:44.940418
650c205f-8419-43db-87bf-fd882cba4b88,046f4e99-c759-4a6c-bc9c-caadba811565,Lisa Mitchell,joshua41@example.org,PROD-1117,Proactive intangible process improvement,clothing,1,599.07,2026-01-03 14:09:29,pending,bank_transfer,Sudan,New Robert,599.07,2026,1,3,high,2026-06-04T17:00:44.940418
f2a12473-0361-4ed1-810a-65a60bdd0798,805f1b1d-fba0-4c98-a0a4-63aa57555bdb,David Walton,ryanroberts@example.org,PROD-1644,Diverse coherent success,electronics,9,123.46,2025-10-29 13:46:47,completed,paypal,Puerto Rico,Frankside,1111.14,2025,10,29,high,2026-06-04T17:00:44.940418
91cdb828-c790-45d3-9c6c-54a9151ce360,d6ff4f1c-d46e-4dfb-b85d-76e71407e7ab,David Valdez,kpierce@example.com,PROD-5537,Optional high-level access,books,1,803.07,2025-12-10 00:34:41,pending,credit_card,Pakistan,North Jessicahaven,803.07,2025,12,10,high,2026-06-04T17:00:44.940418
70c21d61-8bdd-4b3d-bfb3-026656a65478,27a520e2-3531-4421-9a57-07b882771976,John Baker,tbrown@example.com,PROD-7138,Face-to-face dedicated website,books,7,513.2,2026-02-17 16:58:53,cancelled,bank_transfer,Turkey,South Rodneyberg,3592.4,2026,2,17,high,2026-06-04T17:00:44.940418
35449d73-2646-4f86-8da2-6c233f94e252,27bea9a1-3de2-43ad-b431-ebc29d9caa53,Paul Lopez,cunninghamandrew@example.com,PROD-9957,Operative radical circuit,sports,9,201.22,2025-08-17 03:08:53,cancelled,bank_transfer,Saint Vincent and the Grenadines,West Lindashire,1810.98,2025,8,17,high,2026-06-04T17:00:44.940418
829bc3a1-206b-467a-a8f6-b94ad6f78212,beda4024-4e0d-4a81-bcf9-a22f17cea9cf,Stephanie Higgins,masonamanda@example.com,PROD-5102,Mandatory background conglomeration,clothing,6,193.9,2025-11-09 12:42:18,pending,bank_transfer,Uzbekistan,East Katrinaview,1163.4,2025,11,9,high,2026-06-04T17:00:44.940418
b6c62fe5-5416-474d-a3dd-c0772d7631b3,2e974e01-9430-4197-9a36-544322a54a36,Amy Morse,meganbrooks@example.net,PROD-7664,Seamless multi-tasking project,food,9,139.05,2025-09-15 21:24:32,pending,credit_card,Sri Lanka,South Karenchester,1251.45,2025,9,15,high,2026-06-04T17:00:44.940418
a55fecee-c4de-44b0-aa36-23dc358b7851,491c3fa7-32a3-49e1-9193-d68ced4da58c,Natasha Rogers,rowekaren@example.net,PROD-8040,Multi-tiered client-driven encoding,sports,3,165.72,2025-10-04 18:49:15,completed,paypal,Norway,Port Kevinberg,497.16,2025,10,4,high,2026-06-04T17:00:44.940418
dd0b17e5-26e2-41dd-9297-0bb6f95ca39b,7be56a03-a28a-4104-8751-39924cc13f56,Michael Miller,gonzalezkevin@example.org,PROD-5856,Vision-oriented mobile monitoring,electronics,1,652.56,2026-03-08 00:15:42,completed,bank_transfer,Georgia,Robertview,652.56,2026,3,8,high,2026-06-04T17:00:44.940418
f925ba32-ce95-467a-b6c5-e4f0fe5a68c9,ac54cb1c-2f21-4d20-a876-cb089d64e47f,Jerry Ramirez,randyhernandez@example.org,PROD-8795,Optimized 24/7 encryption,food,4,120.31,2026-04-28 06:12:03,pending,paypal,Uzbekistan,Jocelynbury,481.24,2026,4,28,high,2026-06-04T17:00:44.940418
c03d69ac-1fa5-4603-a1b7-b764fa7a2c9f,6f53bb0c-7e12-4788-a1a4-458444a04135,Jason Martinez,jroach@example.net,PROD-9178,Polarized systemic definition,clothing,5,288.72,2026-04-06 13:18:02,cancelled,credit_card,Holy See (Vatican City State),Brownborough,1443.6,2026,4,6,high,2026-06-04T17:00:44.940418
28a8aeba-be8d-4a70-b565-0c8619e91da1,8ac5fae0-c647-41b1-b72c-da7afc4d9c01,Matthew Johnson,brooke17@example.net,PROD-6783,Public-key content-based groupware,clothing,6,870.91,2025-12-25 02:55:37,cancelled,paypal,Mayotte,Frankhaven,5225.46,2025,12,25,high,2026-06-04T17:00:44.940418
7e539ff4-9c9e-4c1e-aaa1-6f9835f67bea,f26ed369-247e-4a29-ab51-2a8b04909d80,Billy Little,wcollins@example.org,PROD-7580,Intuitive actuating frame,clothing,3,64.47,2026-04-20 10:22:56,pending,bank_transfer,Bouvet Island (Bouvetoya),Port Colleen,193.41,2026,4,20,medium,2026-06-04T17:00:44.940418
f70373f9-2157-4ade-ba6c-ff69c02b770b,ceb7da44-5725-4b9c-aae5-d4083b38fb64,Tom Nguyen,ojohnson@example.net,PROD-3520,Multi-channeled real-time portal,electronics,4,173.19,2025-06-14 03:43:49,pending,credit_card,Oman,Port Michael,692.76,2025,6,14,high,2026-06-04T17:00:44.940418
9d2ea3a4-75cf-4a5d-b78c-0fce59fe92bb,f494c479-8c74-4730-8b65-ba2ffc601bb9,Edward Ramos,gabriel15@example.com,PROD-9679,Up-sized 4thgeneration contingency,books,6,611.38,2025-08-09 04:38:26,completed,paypal,Argentina,Elliottburgh,3668.28,2025,8,9,high,2026-06-04T17:00:44.940418
2521ed3d-a736-4efc-bf91-b01940ec266b,bc94ae19-132f-4a5a-8c05-a310f7a334cf,Jacob Henderson,christinehansen@example.org,PROD-3576,Self-enabling upward-trending customer loyalty,food,9,702.27,2025-08-30 16:42:57,completed,credit_card,Seychelles,West Joseph,6320.43,2025,8,30,high,2026-06-04T17:00:44.940418
1aef3942-a23b-40c3-8c93-2be6cdc9a23d,e4830e61-0ace-4c08-b773-69559f150e66,Jaime Hernandez,aprilellis@example.org,PROD-1789,User-friendly global help-desk,sports,8,803.64,2026-05-21 05:57:27,cancelled,credit_card,Andorra,Knightberg,6429.12,2026,5,21,high,2026-06-04T17:00:44.940418
c5fa5ba3-8f1d-4a9c-831d-f985ad2b6ca1,95f32884-cc89-4ae8-83de-3c615041ce59,Raymond Gutierrez,dominguezjeffrey@example.com,PROD-2764,Vision-oriented national matrices,books,1,750.01,2025-06-29 13:24:28,cancelled,paypal,Iran,East Lisa,750.01,2025,6,29,high,2026-06-04T17:00:44.940418
a88b3b49-3c82-48cf-88d1-9275d1fe157e,6bc5d318-cba8-4d25-ac40-f80d7a5c127c,Valerie Cruz,chambersadam@example.net,PROD-5856,Total motivating collaboration,food,10,358.77,2025-09-28 13:22:08,pending,credit_card,Botswana,Port Christopherhaven,3587.7,2025,9,28,high,2026-06-04T17:00:44.940418
b7cba570-f672-4a8c-b9be-e28322a74967,d14d3642-66ab-485f-b807-e3785d8e4995,Jonathan Baker,teresacosta@example.org,PROD-6562,Universal real-time array,food,6,486.27,2025-08-10 11:32:57,cancelled,bank_transfer,Jordan,West Derekland,2917.62,2025,8,10,high,2026-06-04T17:00:44.940418
6c26ca85-8398-482d-97ef-3cf88b3bf58e,43d32a71-a649-462a-89df-b5a02b6be6bc,James Silva,wlove@example.com,PROD-8391,Ameliorated composite algorithm,clothing,10,882.12,2025-08-24 12:59:39,completed,bank_transfer,Barbados,Beckershire,8821.2,2025,8,24,high,2026-06-04T17:00:44.940418
a2a6b016-0cac-4ab6-9fce-55978712791b,c347211e-24f7-40ad-a772-b1af18c84eb8,Kathryn Brown,kelly26@example.com,PROD-3049,Object-based 6thgeneration definition,sports,8,611.53,2025-11-04 04:56:54,cancelled,credit_card,Kiribati,Jacquelinemouth,4892.24,2025,11,4,high,2026-06-04T17:00:44.940418
2daa9603-b53c-42b7-9853-8e81b373dcc9,01f0203c-65c3-4aa9-b982-b8b1e3c7f8e4,Michael Stein,eturner@example.net,PROD-9653,Cloned regional infrastructure,sports,3,871.4,2025-06-10 15:06:33,completed,bank_transfer,France,Lake Rhondafurt,2614.2,2025,6,10,high,2026-06-04T17:00:44.940418
ff1c9b53-8b63-4206-893c-64690b0851bd,13e5d552-42dc-494c-aaf3-58e2f407bce5,Morgan Park,qcoleman@example.com,PROD-8522,Stand-alone uniform portal,electronics,7,762.86,2025-07-15 21:23:27,cancelled,paypal,Nepal,Woodsview,5340.02,2025,7,15,high,2026-06-04T17:00:44.940418
0e6e72c9-87a7-4329-a5ce-ccbb5440b5e7,9f0e5939-ac58-43fb-ad6c-a64cfe5a1de5,Joanna Murphy,ryan93@example.com,PROD-3926,Expanded grid-enabled matrices,electronics,1,189.74,2025-12-19 12:51:08,cancelled,paypal,Cyprus,Nicholasville,189.74,2025,12,19,medium,2026-06-04T17:00:44.940418
2201ac97-c767-4ab1-93ca-8ea361b8c051,7f93d6f4-5e48-4837-849e-851425cafd62,Mary Ramirez,medinadonna@example.org,PROD-7149,Ergonomic asynchronous framework,electronics,1,738.95,2026-03-08 17:26:15,pending,credit_card,Seychelles,New Lydiamouth,738.95,2026,3,8,high,2026-06-04T17:00:44.940418
2c9c419c-a7df-46e4-8995-2e787f992539,ec82b166-b50f-4134-92d3-237f8000a251,Lauren Nolan,adamsaunders@example.com,PROD-9913,Synergized directional utilization,food,1,739.36,2025-06-11 18:24:04,pending,bank_transfer,New Caledonia,Codyberg,739.36,2025,6,11,high,2026-06-04T17:00:44.940418
49c84600-a84f-43dc-83c1-7ac04d1c1323,7a186b57-b439-4484-811b-669977dfb209,Javier Padilla,david33@example.net,PROD-6213,Diverse leadingedge info-mediaries,electronics,2,527.69,2025-08-26 05:22:39,cancelled,bank_transfer,Ukraine,New Andrea,1055.38,2025,8,26,high,2026-06-04T17:00:44.940418
b92d0e9e-4896-43a0-b6eb-510dfe6e5586,6f335d9e-7019-4fc4-beb8-50c068ffc879,Jean Hoover,david05@example.org,PROD-3563,Vision-oriented system-worthy leverage,sports,8,754.15,2025-11-28 23:38:44,completed,credit_card,Hong Kong,Jenniferborough,6033.2,2025,11,28,high,2026-06-04T17:00:44.940418
fca36747-b542-4c87-af4f-5b8a8797c71a,1fb26cfa-9b80-4f10-8f2f-3ee598d260e6,John Torres,samanthajames@example.org,PROD-5918,Organic discrete time-frame,books,5,365.06,2025-09-05 06:38:21,cancelled,credit_card,Guam,Lake Travisfort,1825.3,2025,9,5,high,2026-06-04T17:00:44.940418
d1562e5f-dfc9-4851-8585-622e7e4c5410,a173ac0d-f8cf-4404-914a-98d7a1aa88b0,Ryan Fischer,yjohnson@example.net,PROD-2099,Persistent 4thgeneration circuit,clothing,6,812.43,2026-01-08 04:25:18,cancelled,credit_card,Barbados,Travisburgh,4874.58,2026,1,8,high,2026-06-04T17:00:44.940418
06890e49-d635-456d-b275-7a176bb8be39,19624b05-d6c1-44de-b25e-07b52f5121cc,Ian Walker,fmontgomery@example.org,PROD-6622,Enhanced full-range solution,electronics,8,180.95,2026-01-04 22:13:00,cancelled,bank_transfer,Bhutan,Port Matthew,1447.6,2026,1,4,high,2026-06-04T17:00:44.940418
26b49fa4-32a7-4903-98f6-8dab48f9770c,f475d30d-18e6-4d87-9eae-9df16ff6d57f,Robin Caldwell,ocruz@example.net,PROD-9767,Multi-tiered clear-thinking matrix,books,3,783.65,2025-10-13 15:21:44,pending,bank_transfer,Puerto Rico,Lake Kathleen,2350.95,2025,10,13,high,2026-06-04T17:00:44.940418
e5afdec0-5315-479a-91a1-9bfa193195d8,ec8ca37d-e6e7-4efb-8980-9c3abe1c4458,David Cochran,omills@example.net,PROD-1554,Adaptive 3rdgeneration task-force,food,3,405.51,2025-12-20 08:37:53,completed,paypal,Argentina,Louisland,1216.53,2025,12,20,high,2026-06-04T17:00:44.940418
ed9a5fe9-83c4-44c5-8160-9323ec80e80b,241aaacc-0446-4872-b526-ca806cb828ec,Manuel Kramer,jensensarah@example.org,PROD-4155,Intuitive exuding knowledge user,electronics,4,107.61,2026-02-18 14:27:43,pending,credit_card,Suriname,New Steven,430.44,2026,2,18,high,2026-06-04T17:00:44.940418
25668d04-c49b-4fa3-9659-98f7c7150150,ee904517-dc51-4027-9575-67541475132c,Mr. Michael Ford,melissa76@example.net,PROD-8715,Switchable client-server Graphic Interface,electronics,1,982.59,2026-05-04 03:09:44,completed,paypal,Western Sahara,Johnburgh,982.59,2026,5,4,high,2026-06-04T17:00:44.940418
5ec9b258-42ed-4baf-9469-2e5888aee862,7bd6f53d-189f-4d9e-b637-40f6eac4a0da,Karen Johnson,brandonmayer@example.com,PROD-9122,De-engineered composite hub,books,7,994.57,2025-09-12 13:48:47,pending,paypal,Zimbabwe,Port Jessicamouth,6961.99,2025,9,12,high,2026-06-04T17:00:44.940418
0c60f86c-0ed3-45d2-8897-f872c22ddcce,0bc82e5f-65ef-45ae-a4d6-96feed7bde84,Jacqueline Hubbard,hubbardjessica@example.com,PROD-1942,Integrated hybrid approach,sports,10,888.9,2026-04-13 19:20:57,completed,bank_transfer,Yemen,Donaldfort,8889.0,2026,4,13,high,2026-06-04T17:00:44.940418
de0f1650-7278-4302-a195-ce7df57b1252,04fbe2d8-1825-493c-b265-7e9045316c51,Richard Phillips,knoxlaurie@example.net,PROD-5684,Universal disintermediate analyzer,clothing,7,300.49,2026-01-28 18:28:44,pending,paypal,Guinea-Bissau,Lake Lisaborough,2103.43,2026,1,28,high,2026-06-04T17:00:44.940418
6db1e54d-80fc-49f9-99ae-bce2f99282c6,6ab778b5-34b0-434e-bd52-7e0624e309f5,Andrew Torres,hooversara@example.com,PROD-1460,Sharable local model,electronics,2,607.06,2026-05-20 23:25:13,cancelled,credit_card,Gambia,Lake Jeffreyview,1214.12,2026,5,20,high,2026-06-04T17:00:44.940418
d5163ab7-5241-4a9f-a17a-2e23e2c7cd3c,4321349b-6e0b-4443-8288-5f052d817af0,Kelly Hunter,yolandabender@example.com,PROD-6125,Enterprise-wide bi-directional conglomeration,books,5,238.52,2025-12-16 06:00:07,pending,bank_transfer,Seychelles,West Michael,1192.6,2025,12,16,high,2026-06-04T17:00:44.940418
e14e1452-03bf-4e50-b808-41efdf329f9d,d0fc0e9d-8141-4653-a477-e59c10bb9ddf,Jason Ellis,melissa71@example.net,PROD-7721,Universal zero tolerance productivity,sports,7,222.46,2026-05-03 05:52:55,pending,credit_card,Cook Islands,South Ruth,1557.22,2026,5,3,high,2026-06-04T17:00:44.940418
4872e5a8-d385-4a99-9c21-a1be22613e22,7a4c180a-f28c-45b9-b726-696474c0509a,Gary Gregory,owagner@example.com,PROD-9881,Proactive leadingedge access,electronics,5,152.11,2025-08-05 04:35:13,completed,credit_card,Barbados,Whiteburgh,760.55,2025,8,5,high,2026-06-04T17:00:44.940418
ee059a42-2e82-4250-8493-b294bab68bb2,afd9c508-a2c9-4d09-9fc6-777370b83f25,Todd Miller,jnorris@example.net,PROD-1735,Total 5thgeneration secured line,food,3,835.15,2025-10-25 00:43:15,cancelled,credit_card,Guyana,New Kevin,2505.45,2025,10,25,high,2026-06-04T17:00:44.940418
28e1425c-971a-4a71-8193-da61c3696384,125f5add-eaae-4a9e-af31-ff28ce9e5c44,Heather Morrow,jaime28@example.org,PROD-6608,Vision-oriented empowering collaboration,clothing,10,103.48,2025-10-12 22:53:33,cancelled,credit_card,Nauru,North Michaelport,1034.8,2025,10,12,high,2026-06-04T17:00:44.940418
b26cd219-3f79-437b-9643-89962e5a5c7e,02ecdee8-0933-4e79-ab15-fe6afaf8b464,Michael Drake,patricktucker@example.org,PROD-9040,Universal 3rdgeneration framework,clothing,5,394.65,2025-06-02 05:32:25,cancelled,bank_transfer,Haiti,Lake Stephaniechester,1973.25,2025,6,2,high,2026-06-04T17:00:44.940418
460ae95c-b629-4e31-bec3-1266401b7be6,b9c016bd-5ff5-4999-b6cc-fe8e1a5d7d91,James Meadows,jeffreyrose@example.com,PROD-7324,Inverse maximized help-desk,sports,5,535.1,2025-11-22 08:54:31,pending,bank_transfer,Cote d'Ivoire,New Thomaston,2675.5,2025,11,22,high,2026-06-04T17:00:44.940418
560f379b-9ffa-4cdb-a480-4edfa44d6f05,79df5431-8346-48b9-b263-57175c19dde8,Jesse Anderson,ukemp@example.com,PROD-2946,Devolved radical alliance,electronics,2,521.14,2025-09-22 13:47:41,cancelled,credit_card,Saint Barthelemy,East Krystal,1042.28,2025,9,22,high,2026-06-04T17:00:44.940418
83dc9901-cd6c-4d86-ad23-d8c9dc2c71e5,9a6db97b-6fa7-4d12-bab4-c072023e8e97,Stephanie Bailey,jesseford@example.net,PROD-3277,Proactive full-range infrastructure,food,10,657.36,2026-02-23 07:50:27,completed,credit_card,Cyprus,Simmonsburgh,6573.6,2026,2,23,high,2026-06-04T17:00:44.940418
5ad94dcf-7e4a-43a9-bda1-69b4c29b870a,891a9af8-0c4f-4a3b-b66e-df202266e203,Nicole Maynard,tammy58@example.org,PROD-6299,Polarized stable forecast,sports,8,451.59,2026-05-11 07:54:56,pending,bank_transfer,Holy See (Vatican City State),Samanthachester,3612.72,2026,5,11,high,2026-06-04T17:00:44.940418
e4b8f5d4-4fd0-49c1-a50a-cd590b1f6332,474fbb53-c72c-4961-9668-d414f1091535,Carl Miller,hoffmanchristine@example.org,PROD-4514,Synergistic coherent help-desk,electronics,7,563.77,2026-05-23 20:47:08,completed,bank_transfer,Tuvalu,Tommytown,3946.39,2026,5,23,high,2026-06-04T17:00:44.940418
ebc1be21-083c-460d-acef-76860bf1ce3e,2541199d-781b-4397-93b7-cfcbe52f20cb,Savannah Carson,leslie64@example.net,PROD-9147,Enhanced zero tolerance workforce,books,7,768.4,2026-05-12 07:18:50,pending,credit_card,Lesotho,West Dan,5378.8,2026,5,12,high,2026-06-04T17:00:44.940418
91984c94-566c-4527-b943-87728d3c0299,0f5ce24b-437d-4e11-8dfd-8720632d7104,Paul Vargas,lindsayyoder@example.net,PROD-8461,Assimilated client-server paradigm,sports,3,621.06,2025-05-31 22:45:01,cancelled,credit_card,Swaziland,Lisaport,1863.18,2025,5,31,high,2026-06-04T17:00:44.940418
13cdee55-eff4-4d13-84bf-cb6776aa5faf,e62b104f-70b2-405c-bdfd-2ace377e948f,David Miller,randycosta@example.net,PROD-2738,Right-sized bi-directional knowledge user,food,7,409.15,2026-01-18 17:12:08,completed,credit_card,Malawi,Johnsonmouth,2864.05,2026,1,18,high,2026-06-04T17:00:44.940418
46ce628c-721b-465f-81d9-f41784fc9783,3e736d9b-7c95-4e8e-9b14-b44b911b2254,Margaret White,elizabethelliott@example.org,PROD-9302,Front-line bandwidth-monitored superstructure,clothing,7,286.37,2025-11-05 06:19:48,cancelled,credit_card,Central African Republic,Johnstad,2004.59,2025,11,5,high,2026-06-04T17:00:44.940418
8387475e-aec1-4122-9d57-97ad4bef9a73,f9cd6fec-5e22-4393-9ac4-18781b9179b0,Matthew Barnes,stephensstephanie@example.net,PROD-8356,Devolved systematic solution,sports,2,586.4,2025-06-24 05:39:02,completed,credit_card,Kenya,North Daniellechester,1172.8,2025,6,24,high,2026-06-04T17:00:44.940418
64c68f83-4217-4a9d-aec2-41101b635e9d,125d0b5d-3fb8-4d4f-af35-90a0a531b606,Vicki Barber,david36@example.net,PROD-1114,Phased bandwidth-monitored focus group,books,1,321.08,2026-04-26 17:33:45,pending,credit_card,Cuba,New Christopherbury,321.08,2026,4,26,high,2026-06-04T17:00:44.940418
1b896137-91c6-4856-b874-6ed340cd6f77,38d00f52-7a03-4a6f-b1dd-44ef6783fda6,Mary Gutierrez,xferguson@example.com,PROD-5463,Sharable holistic Graphical User Interface,books,6,796.51,2025-10-11 10:55:49,completed,paypal,Luxembourg,Port Carrie,4779.06,2025,10,11,high,2026-06-04T17:00:44.940418
f0b85603-bc69-4e1f-8305-40fbcabbf533,3181771a-ec57-4f5a-9de0-ce6c8aa85aa1,Jason Hudson,mjohnson@example.com,PROD-8728,Universal 4thgeneration implementation,electronics,7,105.4,2026-05-02 05:56:11,pending,credit_card,Switzerland,North Garyville,737.8,2026,5,2,high,2026-06-04T17:00:44.940418
57fc4739-c306-478e-9f88-e8c43ed12df5,e2c6b2af-499c-4719-9ca3-7fc42c7a5d0f,Ashley Sampson,mary76@example.com,PROD-4572,Team-oriented radical methodology,food,7,693.11,2025-06-17 01:09:45,cancelled,paypal,Malaysia,South Jodi,4851.77,2025,6,17,high,2026-06-04T17:00:44.940418
81b28142-7adb-44b2-9413-e77432b97cee,1d4b22db-271e-4cb9-ba18-b40e51217b39,Barbara Cross,kaylee60@example.org,PROD-7590,Organized static workforce,food,8,784.99,2025-08-03 07:03:25,pending,bank_transfer,China,South Amyville,6279.92,2025,8,3,high,2026-06-04T17:00:44.940418
e5d0411e-a7b0-40d3-98bc-39a4986182b7,2ae778fc-33a7-4892-8721-82739c9074e3,Heather Murphy,andrewrussell@example.net,PROD-3934,Managed non-volatile software,food,5,455.37,2026-01-28 22:15:49,cancelled,credit_card,Saint Kitts and Nevis,Lake Glenda,2276.85,2026,1,28,high,2026-06-04T17:00:44.940418
3d95cf73-5912-4c3e-8a2f-7c0908b04bc1,ca40dbfa-ae28-46e8-ac65-0d980d7870ef,Regina Cox,bryanmcdowell@example.net,PROD-1391,Pre-emptive web-enabled core,sports,2,712.3,2026-02-12 05:31:59,cancelled,paypal,Comoros,Tommyshire,1424.6,2026,2,12,high,2026-06-04T17:00:44.940418
2fa2fd1d-3ed0-4eb3-902f-25a497cb60d0,06407216-a195-4470-b2e6-0b40cd4d4dc6,Mary Newman,laurasmith@example.org,PROD-3913,Reactive 4thgeneration pricing structure,electronics,3,644.19,2025-09-27 01:35:23,completed,bank_transfer,North Macedonia,Brianville,1932.57,2025,9,27,high,2026-06-04T17:00:44.940418
06aba5ea-d6cd-4db4-a040-8aab26b3b5d6,cc3c80f2-8552-4023-8993-34cb53bc473c,Alexander Moore MD,harrisonemily@example.com,PROD-1417,Operative 4thgeneration Local Area Network,sports,7,139.62,2025-11-12 15:24:18,pending,bank_transfer,Russian Federation,Mathewsland,977.34,2025,11,12,high,2026-06-04T17:00:44.940418
03a33814-64d2-4d29-b1cd-2519797cb31a,e4c05118-04d4-4bb2-9e75-197ad8f2b050,John Ross Jr.,traceycopeland@example.net,PROD-2025,Exclusive bottom-line matrix,books,8,135.82,2025-09-18 09:58:45,pending,bank_transfer,Panama,Lindsayberg,1086.56,2025,9,18,high,2026-06-04T17:00:44.940418
97516ebe-296e-432f-8871-2fc65895b659,7db0f8b8-51e0-45d8-882d-97749dc9964e,Julie Burch,ijohnson@example.org,PROD-1383,Programmable zero-defect array,electronics,7,638.39,2025-06-06 06:55:03,completed,bank_transfer,Andorra,Lake Sandra,4468.73,2025,6,6,high,2026-06-04T17:00:44.940418
6b9fdf65-d663-4e79-b410-33abc56bfee4,4d264abd-c7d4-4665-8f01-637dbd6d1f33,Ashley Anderson,bullockryan@example.net,PROD-8057,Optional responsive matrix,clothing,1,745.9,2025-08-10 23:15:54,cancelled,credit_card,Burundi,Doyleport,745.9,2025,8,10,high,2026-06-04T17:00:44.940418
19e6cf56-63f5-422d-8d68-5752e391479b,77d42035-c6dc-4aca-8f77-3c61a7b8182c,Susan Higgins,raymond23@example.net,PROD-4491,Profound contextually-based ability,sports,9,622.28,2025-12-07 18:15:29,pending,paypal,Malaysia,Merrittburgh,5600.52,2025,12,7,high,2026-06-04T17:00:44.940418
6ec6ade2-f03a-4b2a-baae-85e21ccac0fa,452fcaa2-2425-4b4a-ad44-592eb2eb5957,Robert Young,stephanie67@example.com,PROD-1427,Compatible dynamic migration,electronics,1,948.51,2025-07-17 11:51:26,cancelled,paypal,Belgium,Zoeborough,948.51,2025,7,17,high,2026-06-04T17:00:44.940418
85db730c-dbc5-4405-ad92-2c87c4d5772d,4be1bef9-69c7-467b-91f9-341a74b36587,Wanda Nelson,holmesnancy@example.org,PROD-2036,Function-based systemic matrix,sports,2,692.1,2026-05-03 15:00:46,pending,bank_transfer,Yemen,West Dawnberg,1384.2,2026,5,3,high,2026-06-04T17:00:44.940418
280dfd6f-bbad-4255-9325-c3b1bee78750,b3f00a0f-550c-4954-ba5b-1ddc2e104057,John Lawrence,smitherika@example.com,PROD-1668,User-friendly exuding projection,clothing,3,20.48,2025-06-14 10:16:51,cancelled,credit_card,Zambia,Carterfort,61.44,2025,6,14,medium,2026-06-04T17:00:44.940418
1cf49ed1-dfdd-414e-bfe0-4bec6b7db32d,859573ec-10d1-411e-a695-5977ad3d6346,Isabella Long,sanchezsandra@example.org,PROD-5797,Persevering uniform emulation,clothing,10,758.28,2025-12-11 12:04:58,cancelled,paypal,Hungary,East Robert,7582.8,2025,12,11,high,2026-06-04T17:00:44.940418
1da358d4-322d-426a-89d7-4165f5e9a492,5c8931de-141c-44bb-b64c-b63d4f224947,Jason Downs,kimberly19@example.net,PROD-6206,Reverse-engineered zero administration knowledgebase,food,10,921.46,2026-01-26 03:14:57,completed,paypal,Ukraine,Mcintyreborough,9214.6,2026,1,26,high,2026-06-04T17:00:44.940418
e46a9c73-7c31-4449-ba89-1b0601c185ba,cc35937d-0d5a-4bd4-ab3e-9ba190d1e0a0,Richard Holt,glen83@example.org,PROD-1406,Configurable multi-state implementation,clothing,4,402.51,2025-07-08 17:51:55,completed,credit_card,New Zealand,Davilaland,1610.04,2025,7,8,high,2026-06-04T17:00:44.940418
2e9aed2e-831e-407b-a3be-53c04dca5388,09691ccc-7155-44a9-9740-191c2327f48b,Nicole Torres,elizabeth07@example.org,PROD-7965,Reduced even-keeled workforce,food,5,128.02,2026-02-07 00:01:59,pending,bank_transfer,French Guiana,West Alexis,640.1,2026,2,7,high,2026-06-04T17:00:44.940418
e08a381d-622e-43b4-8e34-d8344c8898bf,32771030-ed65-4c1e-a53e-950c7166bc9c,William Norris,desiree48@example.org,PROD-9034,Fully-configurable modular installation,sports,8,618.62,2025-11-23 22:58:26,completed,credit_card,Iraq,Carolinestad,4948.96,2025,11,23,high,2026-06-04T17:00:44.940418
5a43a1d3-e211-4713-92f1-a4ab15d5643b,b61950d4-b216-4279-aa52-c0bbe206e1bd,Nicole Mcgrath,brian08@example.com,PROD-1218,Versatile holistic policy,books,9,900.79,2025-06-14 11:19:15,pending,credit_card,Cuba,Johnsonstad,8107.11,2025,6,14,high,2026-06-04T17:00:44.940418
5eb816f8-13ee-4198-b59c-8ca7e19a572a,a3ff9282-a513-4e47-aa78-99c910b5c2a7,Samantha Powell,vsantana@example.net,PROD-8074,Operative full-range challenge,books,1,45.25,2025-09-06 13:15:29,completed,bank_transfer,United States of America,New Sheila,45.25,2025,9,6,low,2026-06-04T17:00:44.940418
276387fd-e182-4546-93c0-5b3058b24d2c,e386024e-9d8f-4f79-9d47-73630e3379b9,John Carter,huffbrandon@example.org,PROD-1378,Monitored leadingedge secured line,electronics,4,993.42,2026-01-06 12:06:37,completed,paypal,France,North Jenniferside,3973.68,2026,1,6,high,2026-06-04T17:00:44.940418
1fd8db8f-ee85-4e59-870b-4fbc390cc117,058f4992-5933-444b-831b-206bff9504f2,Charles Espinoza,logan79@example.com,PROD-2255,Devolved real-time success,clothing,8,872.2,2026-01-15 15:20:31,completed,paypal,Germany,Hannahhaven,6977.6,2026,1,15,high,2026-06-04T17:00:44.940418
bdd388dd-1857-476b-be26-2bb2641808fc,5bda1b6d-2854-464d-b996-d58e09ff0516,Tiffany Mckinney,christina80@example.com,PROD-6400,Open-architected transitional conglomeration,sports,6,46.7,2025-07-21 04:29:59,completed,paypal,Jersey,West Michaelberg,280.2,2025,7,21,high,2026-06-04T17:00:44.940418
eb738f27-848c-4f15-85ba-24a269416c4b,357ed172-7c16-4a0c-9597-2bcd818c086e,Rachel Gross,jthornton@example.net,PROD-6720,Progressive reciprocal intranet,food,5,782.13,2025-11-27 00:25:46,pending,credit_card,Lao People's Democratic Republic,Brownchester,3910.65,2025,11,27,high,2026-06-04T17:00:44.940418
7bee49df-6688-4816-b6eb-812966a5e075,689610a0-bcc3-40d3-bcf1-6ae4f7b80a9f,Christopher Reyes,reesebrianna@example.net,PROD-8776,Monitored radical instruction set,food,2,661.92,2025-10-20 16:17:06,pending,bank_transfer,Tajikistan,Mitchellborough,1323.84,2025,10,20,high,2026-06-04T17:00:44.940418
e4328619-f4db-4e98-a321-d57b744665de,31fd6756-af27-4b82-ae9d-88eaf6b4443c,Amy Peterson,syu@example.org,PROD-1846,Inverse mission-critical success,clothing,8,160.9,2026-02-18 06:03:28,pending,paypal,Haiti,Matthewhaven,1287.2,2026,2,18,high,2026-06-04T17:00:44.940418
331d99b9-8017-4faa-b26d-f0b844557460,f00c19fe-9053-4d29-9fb5-08478ae5f568,John Patterson,thomasjanet@example.net,PROD-3497,Customer-focused intangible function,sports,5,592.1,2026-05-13 02:31:07,cancelled,bank_transfer,Israel,Bryanton,2960.5,2026,5,13,high,2026-06-04T17:00:44.940418
e43a2ac2-08ea-41e3-8bd3-d9da297446b5,89a3104d-1a63-46d9-977c-541144475ba7,Tammy Mckinney,berryjonathan@example.org,PROD-8050,Customer-focused even-keeled architecture,electronics,6,954.41,2025-09-13 17:26:52,pending,bank_transfer,French Southern Territories,North Jennifer,5726.46,2025,9,13,high,2026-06-04T17:00:44.940418
0f9387cc-964f-4d17-9d2f-4df0b0f45dee,47e2b082-3f82-4e58-9e39-7e8915777986,Shannon Lewis,travismora@example.org,PROD-9252,Diverse 4thgeneration productivity,food,1,294.81,2025-11-07 10:54:26,cancelled,paypal,Netherlands,East Gregton,294.81,2025,11,7,high,2026-06-04T17:00:44.940418
4b24b289-5a46-440a-ba27-7d3744805ef4,598df16a-ebd7-450f-b3a9-39723ce60405,Matthew Brooks,lindsey34@example.org,PROD-8623,Persevering user-facing framework,books,5,632.53,2025-07-30 01:34:18,completed,credit_card,Guyana,Popeberg,3162.65,2025,7,30,high,2026-06-04T17:00:44.940418
6f99659b-2dfc-4648-86b0-2d68f0c37c68,1e3d7f5a-264e-4714-b57c-607d27379bf7,Dawn Holloway,murphyheather@example.net,PROD-5021,Re-engineered methodical service-desk,electronics,8,875.81,2026-05-22 18:05:04,completed,bank_transfer,Netherlands,Kanefurt,7006.48,2026,5,22,high,2026-06-04T17:00:44.940418
41fa1a21-5bff-4328-aec1-7bb03f10fba6,c35d2b3b-4f43-46ab-afd9-8e71bda73acf,Daniel Stevens,williamtaylor@example.org,PROD-3877,Upgradable even-keeled capability,books,6,61.08,2025-05-26 20:56:24,pending,credit_card,New Zealand,East Margaret,366.48,2025,5,26,high,2026-06-04T17:00:44.940418
02ce4bdb-e650-4ff7-aa56-a6ed39de3c5c,851d872e-600b-4385-9d68-38666f244203,Elizabeth Campbell,cortezdorothy@example.net,PROD-7917,Right-sized motivating Graphic Interface,food,4,552.34,2025-10-19 01:24:31,completed,paypal,Christmas Island,Erinton,2209.36,2025,10,19,high,2026-06-04T17:00:44.940418
2dfc6866-2e8c-4793-9bf0-451192b0f0bc,4ca05ffa-0b33-48b5-9cb6-cc22a5291c80,Andre Hart,justincosta@example.net,PROD-8189,Secured fault-tolerant structure,books,3,941.46,2025-12-12 11:26:42,completed,paypal,Colombia,West Glenn,2824.38,2025,12,12,high,2026-06-04T17:00:44.940418
28162a70-9d29-4d98-b697-58b70d76143e,139f7cc8-7f1b-40bd-9ca8-56196c8dbdaa,Angie Miller,mendezdavid@example.net,PROD-8179,Extended asynchronous standardization,clothing,8,831.27,2025-10-31 15:25:54,cancelled,bank_transfer,Montenegro,North Taylorville,6650.16,2025,10,31,high,2026-06-04T17:00:44.940418
afc65615-8d8a-429a-8e89-f1fd72575198,3d15e6de-51c2-4b8a-991b-cb90a0730d25,April Gibson,zgrant@example.org,PROD-2648,Multi-channeled directional framework,electronics,3,708.83,2026-01-10 20:23:19,cancelled,credit_card,Mali,East Andrew,2126.49,2026,1,10,high,2026-06-04T17:00:44.940418
f89ccfec-ae10-40db-9397-e232284fc92a,822e9f91-a5ac-4c42-be68-e15e7c0905e2,Hailey Arellano,diazmichael@example.org,PROD-1693,Advanced context-sensitive neural-net,food,4,966.04,2026-04-03 16:37:43,completed,paypal,Lao People's Democratic Republic,Lawrenceshire,3864.16,2026,4,3,high,2026-06-04T17:00:44.940418
3baeff7a-7ae6-4427-9837-1647938b65a6,42b0518e-e85a-4d79-8862-c24152144878,Andrew Elliott,whayden@example.com,PROD-5941,Managed logistical database,sports,1,634.76,2026-01-24 11:20:14,cancelled,bank_transfer,Pitcairn Islands,Pughton,634.76,2026,1,24,high,2026-06-04T17:00:44.940418
dd6f8200-f03a-4ce2-a4d2-6f6076d21d5a,c73dafbc-b052-4f82-97dd-8edf3b01497f,Kyle Harris,feliciagonzales@example.com,PROD-1124,Customizable background parallelism,sports,4,930.05,2026-05-09 01:03:21,cancelled,paypal,Palestinian Territory,Matthewstad,3720.2,2026,5,9,high,2026-06-04T17:00:44.940418
cae64dbb-586e-4ad9-8c1a-6f5f21353cc1,e58aa1b8-f146-4f5c-a221-a1bafce897d8,Taylor Sims,wendybeard@example.com,PROD-7843,Inverse explicit knowledge user,books,9,644.8,2025-09-23 00:12:03,pending,credit_card,Saint Helena,Randallland,5803.2,2025,9,23,high,2026-06-04T17:00:44.940418
18beb0d5-cb9c-469d-b3b4-5f7cb0336b0b,b42d7d54-44e9-40cb-b94b-8631b70c5425,Chelsea Lewis,aschroeder@example.net,PROD-4641,Switchable zero administration protocol,sports,6,213.45,2025-06-10 02:53:45,completed,paypal,Hungary,New Eric,1280.7,2025,6,10,high,2026-06-04T17:00:44.940418
e1945c30-487b-4147-ae01-747521885b8d,d2a08662-58e5-4e5b-a274-64c9a0e0e534,Christopher Glover,amyjenkins@example.net,PROD-9990,Re-engineered eco-centric architecture,clothing,10,597.53,2025-10-15 07:17:43,cancelled,bank_transfer,Indonesia,Hoffmanberg,5975.3,2025,10,15,high,2026-06-04T17:00:44.940418
d2913b8e-c6dd-4464-a8da-d0fafc39c04c,5291132b-b712-4d9b-91ed-d63c224ba726,Brent Wright,josephkramer@example.org,PROD-5411,Team-oriented bifurcated utilization,books,8,41.58,2025-09-24 04:39:23,completed,credit_card,Cambodia,North Johnchester,332.64,2025,9,24,high,2026-06-04T17:00:44.940418
8f1e1aa6-7655-4e18-82e6-ebd271e17c70,28996aa1-70b8-41e5-a558-c5b0eb479fe0,Sherri Aguirre,dsullivan@example.org,PROD-7778,Optimized real-time data-warehouse,sports,6,385.61,2026-05-16 09:04:01,completed,credit_card,Estonia,Lewisborough,2313.66,2026,5,16,high,2026-06-04T17:00:44.940418
c4e7609e-2bc6-4c23-906e-7a250e51c543,7f8984e3-4871-4f58-ab52-ca53b602c738,Eric Wall,nsanchez@example.net,PROD-6061,Organized encompassing paradigm,food,8,904.66,2025-08-24 05:23:01,cancelled,paypal,Nepal,South Jennifer,7237.28,2025,8,24,high,2026-06-04T17:00:44.940418
ba33b17c-5911-400b-87f1-412990e410c0,86033961-7abd-412b-ba82-34814f88251a,Shannon Raymond,annarodriguez@example.net,PROD-4477,Versatile actuating firmware,books,5,565.56,2026-05-12 07:44:01,cancelled,bank_transfer,Maldives,New Elizabethside,2827.8,2026,5,12,high,2026-06-04T17:00:44.940418
cd378052-86eb-4270-830b-ed804110bef8,c7072478-33e4-443e-9616-bc31eecfee9b,Monica Buckley,calebjordan@example.org,PROD-3457,Integrated grid-enabled throughput,electronics,10,268.42,2025-11-26 14:09:24,pending,bank_transfer,South Georgia and the South Sandwich Islands,Williamside,2684.2,2025,11,26,high,2026-06-04T17:00:44.940418
74c8140a-c880-436a-b2f1-e06fb0a14320,39a19da9-dbd5-407b-ad0d-51c1ac996aa2,Stephanie Hansen MD,michael04@example.org,PROD-7605,Reduced next generation protocol,electronics,4,495.68,2025-08-26 14:30:40,cancelled,bank_transfer,Serbia,Michaeltown,1982.72,2025,8,26,high,2026-06-04T17:00:44.940418
b0f9a789-be4d-44fb-a524-816d81c80696,44a6e40e-737f-495d-b974-71a8cbbcd390,Richard Wood,andrea04@example.com,PROD-5716,Fundamental systemic monitoring,food,10,595.72,2025-11-25 00:53:00,completed,bank_transfer,Azerbaijan,East Charles,5957.2,2025,11,25,high,2026-06-04T17:00:44.940418
fe0f64c6-8b97-4162-bd2e-da240b71e963,775f402f-ac7f-497d-98d7-93ab6a23bf5f,Karen Humphrey,kimsmith@example.net,PROD-7149,Persevering composite open system,electronics,5,494.94,2025-10-29 11:28:02,cancelled,credit_card,India,New Jasonton,2474.7,2025,10,29,high,2026-06-04T17:00:44.940418
bf4bfb74-72b9-4c6d-b166-e9b1f3909cc8,7a6d6ec7-8ff7-4b0f-b260-9a03ba7c00aa,Amy Gray,janiceanderson@example.org,PROD-5973,Front-line radical flexibility,sports,9,382.52,2025-12-14 20:46:31,pending,paypal,Anguilla,Port Alisha,3442.68,2025,12,14,high,2026-06-04T17:00:44.940418
1c772db5-c0f0-46d5-9f14-2cfb7f53436f,126f6b7c-17c4-4886-9c02-6342e7015a5c,Diana Barber,aprille@example.com,PROD-5088,Self-enabling client-server parallelism,electronics,3,556.3,2025-11-04 15:05:19,pending,bank_transfer,Malaysia,Johnsonborough,1668.9,2025,11,4,high,2026-06-04T17:00:44.940418
e4ab640e-5ef2-4062-bbe7-9caa66c4c2f0,8d41978f-b2f1-44ad-aaf1-6a061cec1d64,Christopher Gordon,jmarks@example.org,PROD-6821,Profit-focused homogeneous architecture,books,8,86.55,2026-03-20 11:02:46,pending,credit_card,Dominica,South Jenniferport,692.4,2026,3,20,high,2026-06-04T17:00:44.940418
1a8373e3-027a-4199-acca-cee3516e3a24,c4a9f634-ad23-40b4-8534-d1aa8b3335be,Adrian Oneill,vjackson@example.org,PROD-7752,Business-focused 24hour installation,clothing,1,276.25,2025-08-02 20:09:37,cancelled,paypal,Guadeloupe,East Nicoleborough,276.25,2025,8,2,high,2026-06-04T17:00:44.940418
ece8262a-31b2-4c2e-ba4a-b01979a8b173,8c68336f-41b2-44b7-a9a7-c77156215bce,Shawn Chandler,coxstephanie@example.net,PROD-9662,Synergized 6thgeneration groupware,food,7,341.72,2026-04-22 16:39:10,cancelled,paypal,Estonia,Rosebury,2392.04,2026,4,22,high,2026-06-04T17:00:44.940418
2f69667d-183b-4994-afaa-243e467217f7,9a2e6545-af9d-497b-b56d-dd8461985831,Natalie Richardson,nicholaslambert@example.org,PROD-8080,Team-oriented system-worthy moderator,books,2,474.84,2026-03-16 14:51:53,cancelled,bank_transfer,Malta,Toniside,949.68,2026,3,16,high,2026-06-04T17:00:44.940418
88af4020-2dba-475d-abfd-b170de3c2965,571b48b0-680f-4f87-a399-bdd0ee72f8ab,Amy Bond,floydsandra@example.org,PROD-2122,Open-architected 24hour monitoring,food,6,402.78,2025-09-19 11:59:04,pending,paypal,Martinique,South Robertside,2416.68,2025,9,19,high,2026-06-04T17:00:44.940418
16f0b3d6-9d88-4200-9a98-14d8498f5b51,d850ec58-77e0-4542-9b2a-241ad32b90b3,Robert Robbins,bhays@example.com,PROD-2977,Extended leadingedge support,books,1,319.89,2026-04-06 18:36:58,cancelled,bank_transfer,Guinea-Bissau,Joditown,319.89,2026,4,6,high,2026-06-04T17:00:44.940418
87e80736-99ce-4563-8f59-6a3ec16eb0cd,511bf729-24fd-47bc-bfd7-aa6f44007584,Kristin Shields,andreaknight@example.org,PROD-6352,Operative incremental structure,clothing,5,392.21,2025-10-25 00:28:30,cancelled,credit_card,Costa Rica,North Austin,1961.05,2025,10,25,high,2026-06-04T17:00:44.940418
fe81b2c7-8b14-4fa7-8ce5-e137736e1839,d170969c-936b-47ba-8603-3b41f53817e9,Paula Bowman,arnoldkatherine@example.net,PROD-2636,Re-engineered neutral system engine,electronics,6,638.65,2025-11-26 02:08:49,completed,bank_transfer,Lebanon,Port Alyssa,3831.9,2025,11,26,high,2026-06-04T17:00:44.940418
86eb3840-c43e-4abd-8b2b-3587bc19c4cb,4c0ecc41-4173-41a7-9370-c5c9eb785dbe,Matthew Sosa,ythomas@example.com,PROD-3175,Enhanced high-level paradigm,food,1,753.41,2025-11-13 15:00:29,completed,credit_card,French Guiana,South Laura,753.41,2025,11,13,high,2026-06-04T17:00:44.940418
266b4516-4b73-4d63-9e9a-531960531c9c,f018e333-450f-4b51-89c3-3d297a9b596f,Mr. Jonathan Farrell,karensteele@example.com,PROD-9366,Persevering 6thgeneration monitoring,sports,5,874.35,2025-10-09 07:54:11,cancelled,credit_card,Botswana,Mccarthybury,4371.75,2025,10,9,high,2026-06-04T17:00:44.940418
a5ab12f3-28ae-42bc-b15c-e0737eaadb5c,ccb87a8c-9372-432b-8627-cefc9a2413dc,Paul Williams,banksbenjamin@example.org,PROD-3866,Centralized responsive focus group,sports,10,249.28,2025-09-27 21:49:57,cancelled,bank_transfer,Mexico,Tylerbury,2492.8,2025,9,27,high,2026-06-04T17:00:44.940418
cbd380d4-9b53-4f90-abed-1bd38b548fdb,f09a09c5-d688-4a93-b744-dc2266d65598,Amanda Brown,mclaughlinrobin@example.net,PROD-1832,Implemented methodical alliance,electronics,10,254.7,2025-12-04 18:55:35,pending,credit_card,Syrian Arab Republic,East Valeriehaven,2547.0,2025,12,4,high,2026-06-04T17:00:44.940418
a9bb2225-4901-4a5e-9bfe-702aa6c49f97,c06629ac-0cc2-4f9c-adf5-ad3941c26324,John Wilson,kingcharlene@example.net,PROD-7678,Multi-channeled bandwidth-monitored functionalities,food,8,83.3,2026-03-06 03:34:41,cancelled,paypal,Timor-Leste,North William,666.4,2026,3,6,high,2026-06-04T17:00:44.940418
4fb1196c-bdf9-45b6-a42a-af45bd0de0b0,204bb452-6f48-488b-b719-420cf16b1e2f,Brian Harrington,mcfarlandmatthew@example.com,PROD-8709,Cross-platform system-worthy framework,clothing,9,968.85,2025-11-17 00:33:47,pending,bank_transfer,Liberia,Port Daniel,8719.65,2025,11,17,high,2026-06-04T17:00:44.940418
5b48f899-2c98-4147-ab56-39c5ac6a425f,c1dc9f11-f073-45f0-837e-a521dbfd9cd4,Mr. Bradley Kim,hramos@example.net,PROD-9775,Quality-focused grid-enabled benchmark,books,3,502.69,2025-10-16 23:17:55,cancelled,credit_card,Singapore,Davidton,1508.07,2025,10,16,high,2026-06-04T17:00:44.940418
4b3be983-fda3-4066-bf88-545a74d7eadc,eb4c0e72-af5e-4cec-8236-1305b9c3268d,Julie Romero,john67@example.org,PROD-8043,Compatible actuating extranet,sports,9,394.75,2025-10-21 04:46:00,pending,credit_card,Portugal,West Mitchellberg,3552.75,2025,10,21,high,2026-06-04T17:00:44.940418
19a0f446-b305-4763-a521-0315606a25e3,3de65b55-b024-4b4f-a29a-8b0c0c10c3a1,Ryan Alvarado,alopez@example.com,PROD-7510,Seamless static moratorium,food,5,47.29,2026-05-05 12:58:28,pending,bank_transfer,Haiti,Calderonfurt,236.45,2026,5,5,high,2026-06-04T17:00:44.940418
93f26ea3-367d-4eab-81d7-17836a58f242,a667e3a9-f7f1-49f6-a7b0-2c78ac1b1b4a,Michael Henry,jefferyarnold@example.com,PROD-8936,Synergized systemic productivity,food,7,911.26,2026-05-24 16:00:36,completed,paypal,Palestinian Territory,Amytown,6378.82,2026,5,24,high,2026-06-04T17:00:44.940418
68de4e43-cedc-4a11-88ff-2d8a45d5f5b2,b3d7741d-4f34-4cd9-9dcd-900d6ac85bac,Eric Herring,abigail67@example.com,PROD-8281,Visionary object-oriented collaboration,food,4,751.75,2025-06-23 14:09:04,cancelled,bank_transfer,Iran,Cynthiafurt,3007.0,2025,6,23,high,2026-06-04T17:00:44.940418
44e70863-bf3f-44a1-945e-7fd42dfa50d3,352869a6-cf3b-4e5e-8e1f-482a64aa4d12,Deborah Chase,caleb13@example.net,PROD-7415,Secured incremental complexity,electronics,10,392.26,2025-10-28 03:03:12,completed,bank_transfer,Portugal,New Larry,3922.6,2025,10,28,high,2026-06-04T17:00:44.940418
31c1cf1f-edd0-4b60-85ea-26e8207cd8c3,1ee5f6c3-d5f9-49b1-958b-36588df6195f,Kelsey Keller,oclay@example.org,PROD-1179,Programmable bandwidth-monitored software,clothing,1,543.54,2025-10-29 15:55:24,pending,bank_transfer,Svalbard & Jan Mayen Islands,Thorntonfurt,543.54,2025,10,29,high,2026-06-04T17:00:44.940418
945843a4-ae34-4271-a3a9-1abc6559b05a,23f6f1dd-063c-40d8-9427-9b3564b49cb1,Andrew Davis,amandafrazier@example.org,PROD-4686,De-engineered asymmetric infrastructure,books,8,650.2,2025-11-22 02:19:28,completed,credit_card,Cameroon,North Ericaport,5201.6,2025,11,22,high,2026-06-04T17:00:44.940418
23683e25-b219-4c2b-8ed3-7e4b9037066f,105aa679-441b-4b7b-9c46-fdbc6ef3a5e0,Beth Garcia,patrickwashington@example.com,PROD-3365,Configurable clear-thinking task-force,food,10,117.24,2026-03-09 16:16:41,cancelled,credit_card,Sri Lanka,South Nancy,1172.4,2026,3,9,high,2026-06-04T17:00:44.940418
89a75f42-3fb7-480b-9db2-0bf95fa3ebfa,320329e6-f42b-43c4-ae93-572f8074349c,Krystal Smith,freemanrobert@example.org,PROD-6516,Fundamental exuding database,food,2,407.19,2025-11-24 02:22:48,cancelled,bank_transfer,Western Sahara,North Maria,814.38,2025,11,24,high,2026-06-04T17:00:44.940418
2b27e725-453a-4f6a-b377-f015abc0df13,d9f20af3-1fc3-4577-8357-8ab46ee03259,Dwayne Davis,rodriguezsarah@example.net,PROD-3240,Grass-roots asynchronous structure,food,9,675.36,2025-05-30 00:05:55,pending,bank_transfer,Czech Republic,New Rachel,6078.24,2025,5,30,high,2026-06-04T17:00:44.940418
2a5e6048-3ac7-4a2d-b5d9-2480b933ae9f,9e3dce70-a35d-4955-b19b-b993bec66ee4,Kathy Miller,shawpaula@example.net,PROD-7357,Digitized client-server monitoring,electronics,8,530.77,2026-05-18 02:08:06,cancelled,bank_transfer,Kiribati,Andrewland,4246.16,2026,5,18,high,2026-06-04T17:00:44.940418
f0a01f83-17b5-469c-a9b2-388cdefd3e59,2840a726-1b00-4423-8970-9a895c3e76f9,Christopher Wolfe,nicholsmaria@example.org,PROD-8995,Streamlined human-resource definition,electronics,5,684.84,2025-08-31 01:52:53,cancelled,bank_transfer,Western Sahara,East Brittney,3424.2,2025,8,31,high,2026-06-04T17:00:44.940418
aa85ab24-daa2-4c23-8977-27f2ed980205,a20c6bd5-7c54-41b0-82e3-3e5594fe3799,Katherine Campbell,shunter@example.com,PROD-8209,Streamlined logistical protocol,sports,8,336.67,2025-09-07 23:32:05,pending,paypal,Canada,West Joshua,2693.36,2025,9,7,high,2026-06-04T17:00:44.940418
47bb2159-b727-44ef-9d29-f3c1baa183af,74b85d39-38c9-446a-9ca8-77737e1f4494,Thomas Mcdonald,wardpatricia@example.com,PROD-7042,Synchronized 3rdgeneration Internet solution,sports,2,335.78,2025-10-28 04:35:41,cancelled,credit_card,Mexico,Thomasview,671.56,2025,10,28,high,2026-06-04T17:00:44.940418
f1f5a861-6f84-4577-9cf5-ec262731a8cb,81d75d01-0fc2-4959-add5-a9f9a475468d,Scott West,watsonjill@example.com,PROD-1261,Extended cohesive knowledgebase,clothing,1,306.74,2026-02-17 10:29:16,pending,credit_card,Lao People's Democratic Republic,Tiffanyberg,306.74,2026,2,17,high,2026-06-04T17:00:44.940418
672a1ff1-513c-4abf-8ce7-3e64e37369ae,b1c0e189-1a64-4e55-a589-18d226ad1d7f,Sheri Pope,michelle95@example.com,PROD-6959,Versatile even-keeled leverage,books,9,507.4,2025-08-17 16:17:29,pending,credit_card,Macao,East Annstad,4566.6,2025,8,17,high,2026-06-04T17:00:44.940418
1d6a1db8-5baa-4141-9f54-45ec24e1adf0,6b8efa7b-7a13-438e-900b-b400b1207541,Miranda Ho,garciascott@example.net,PROD-7485,User-friendly grid-enabled database,sports,10,429.37,2025-06-30 18:13:16,cancelled,paypal,Spain,Saundersmouth,4293.7,2025,6,30,high,2026-06-04T17:00:44.940418
d6bb2349-5bbb-4f61-8c24-f71cde37457f,31a104d5-3bb2-4b94-9744-2d0f568581b2,Jeffrey Cisneros,kim19@example.net,PROD-2078,Proactive executive groupware,clothing,1,106.05,2025-09-18 09:43:17,pending,paypal,Indonesia,Katiebury,106.05,2025,9,18,medium,2026-06-04T17:00:44.940418
26c668c1-8a62-4a61-ae59-da08ce69cfd6,9a019786-cfa3-48c7-b438-16d34a7fe945,Jennifer Salinas,eweeks@example.com,PROD-7173,Digitized impactful model,clothing,3,42.68,2025-08-22 10:12:29,cancelled,credit_card,Trinidad and Tobago,East Brandon,128.04,2025,8,22,medium,2026-06-04T17:00:44.940418
d299ee49-b84d-47ef-bfa8-1e5a11caba59,7d9f9804-506a-4400-9648-a1c90ff59415,Linda Vaughn,deanna72@example.org,PROD-7214,Vision-oriented zero-defect emulation,electronics,3,141.43,2026-03-04 13:26:25,cancelled,credit_card,Mauritius,Lake Samantha,424.29,2026,3,4,high,2026-06-04T17:00:44.940418
d8dcccca-1abf-49ac-8fc3-49c488cb3c76,5e4c8821-8751-4d15-9468-d76f29b84dc8,Jill Mcgee,brianwong@example.net,PROD-8861,Enhanced zero-defect circuit,food,9,576.75,2026-03-16 03:10:57,cancelled,credit_card,Jordan,Schwartzfurt,5190.75,2026,3,16,high,2026-06-04T17:00:44.940418
f6e5fefe-f4a5-4ade-9c4e-e49c907c6335,794fc1a7-ede1-4341-8c8e-54403fb55855,Kelly Melendez,jane17@example.net,PROD-9491,Pre-emptive bifurcated matrices,food,6,78.32,2025-08-27 04:50:28,pending,credit_card,Lesotho,South Gregview,469.92,2025,8,27,high,2026-06-04T17:00:44.940418
45edac9e-282a-47c6-a088-df3dbea34980,c96a802e-c580-41fa-abbd-78a73545f649,Christy Kramer,mirandajohnson@example.net,PROD-9510,Managed user-facing open system,electronics,8,336.38,2026-03-15 21:27:35,cancelled,credit_card,Antigua and Barbuda,South Jonathonburgh,2691.04,2026,3,15,high,2026-06-04T17:00:44.940418
2220efb7-dfad-4380-b15b-f16f1e55ce09,22930eaa-234b-46da-b150-09979ae1eb09,Shane Rios,stonejennifer@example.net,PROD-3289,Function-based 6thgeneration groupware,sports,2,170.42,2026-05-02 07:53:47,cancelled,paypal,Iraq,Craigfurt,340.84,2026,5,2,high,2026-06-04T17:00:44.940418
3e1a7751-ecf0-470e-933c-e6282bcb07c5,4e3a6727-2551-4e80-b6a0-e29c4b5956f5,Jason Stone,qbell@example.net,PROD-8283,Intuitive 6thgeneration projection,sports,9,48.84,2026-02-12 11:59:39,completed,paypal,Tuvalu,Lambertville,439.56,2026,2,12,high,2026-06-04T17:00:44.940418
a3f5ce6c-e1cb-430f-80ea-30d691b43041,de3fd38c-48e3-4ab6-bbfb-72ac62d67cad,Anthony Lindsey,damonreeves@example.org,PROD-8813,Cross-platform national groupware,food,1,686.12,2025-10-08 17:45:37,completed,credit_card,Palestinian Territory,New Aliceview,686.12,2025,10,8,high,2026-06-04T17:00:44.940418
519213d7-50a4-4a86-8f0b-cf5f67aab934,7c4247cf-4761-4fe0-9da9-3e843d5b8cba,Teresa Sandoval,nguyenanthony@example.org,PROD-6063,Quality-focused object-oriented infrastructure,clothing,4,678.11,2025-08-30 17:59:10,cancelled,bank_transfer,Morocco,Jacksontown,2712.44,2025,8,30,high,2026-06-04T17:00:44.940418
6bdcf0a5-24f7-4278-a4b2-a1b6c209e175,db9a8457-0b53-45a5-bfb1-c4431c40a27d,Karen Johnson,foleyjulie@example.net,PROD-4667,Exclusive asymmetric collaboration,food,4,677.39,2026-01-29 06:49:09,cancelled,credit_card,Norway,Erikaland,2709.56,2026,1,29,high,2026-06-04T17:00:44.940418
6598b315-9d05-4499-96ac-1081d747e0ec,69a7e40b-28d6-472a-82ef-af5697130973,Tanya Garrett,christopher02@example.net,PROD-1840,Cross-group discrete moderator,sports,8,236.96,2025-11-14 22:42:25,pending,credit_card,Liberia,Allisontown,1895.68,2025,11,14,high,2026-06-04T17:00:44.940418
27e888b2-0033-4935-855f-c31b320113b8,6b84f1cc-3cf6-4dbc-8a57-1652831f23bc,Peter Taylor,natalie04@example.org,PROD-1394,Down-sized encompassing neural-net,clothing,2,907.09,2026-05-18 14:42:05,completed,credit_card,Costa Rica,Lake Darren,1814.18,2026,5,18,high,2026-06-04T17:00:44.940418
65d6ea29-acf2-4ccc-99bc-3ed3fa806eec,97e44923-edad-4a6b-a3cf-d9556eef84d3,Fred Brown,michaelwatts@example.org,PROD-3841,Customer-focused system-worthy capacity,food,8,756.77,2025-07-20 23:44:57,pending,credit_card,United States Virgin Islands,Jasonview,6054.16,2025,7,20,high,2026-06-04T17:00:44.940418
8a2827ff-8289-474e-87db-668d7e46a3e6,e08048ab-2aeb-45a7-bcb2-2ce39099a614,Brittany Andrews,qbrown@example.com,PROD-6972,Front-line directional help-desk,electronics,5,836.73,2026-01-11 08:57:24,cancelled,credit_card,Albania,Wattsmouth,4183.65,2026,1,11,high,2026-06-04T17:00:44.940418
c3790b1d-19a4-424d-b268-e2abf1ba0486,3c159725-766d-452e-b7da-7f967388e4c6,Eric Davis,davisgina@example.net,PROD-8947,Enhanced motivating flexibility,clothing,1,609.04,2025-10-18 22:21:04,cancelled,credit_card,Cameroon,South Lisastad,609.04,2025,10,18,high,2026-06-04T17:00:44.940418
b421d9d2-c7af-49e6-af0b-d9abffcca40a,aba04942-4319-41f4-82e4-145138aef87d,Jillian Rodriguez,vargasbenjamin@example.org,PROD-5043,Switchable non-volatile process improvement,books,6,173.18,2025-12-17 03:28:59,completed,bank_transfer,Slovakia (Slovak Republic),East Kylehaven,1039.08,2025,12,17,high,2026-06-04T17:00:44.940418
11339f86-8e2e-48a9-b994-1cff3d3946ad,5b8eb473-a966-42cb-858d-bc869f21af1f,Heather Taylor,amberbaldwin@example.org,PROD-7996,Multi-lateral didactic matrix,electronics,2,396.63,2025-07-02 03:36:01,cancelled,bank_transfer,Bosnia and Herzegovina,Elliottstad,793.26,2025,7,2,high,2026-06-04T17:00:44.940418
bec733b7-62f8-42be-9103-a720975a8850,99e87f55-d204-4496-8cce-452d47c62c21,Kenneth Tran,rthomas@example.net,PROD-6992,Right-sized motivating workforce,books,4,901.92,2025-08-11 19:55:13,completed,bank_transfer,Korea,Shannonfort,3607.68,2025,8,11,high,2026-06-04T17:00:44.940418
15855214-4ee5-42bd-9584-0663c6d2acbe,175dc82d-304a-4389-a73d-45e82b7e2f2a,Frank Wright,dromero@example.com,PROD-1350,Sharable systemic Graphical User Interface,books,4,258.11,2025-09-01 12:47:47,cancelled,bank_transfer,French Polynesia,Jordanfort,1032.44,2025,9,1,high,2026-06-04T17:00:44.940418
e9913d0d-0284-4672-9f96-7bb5c8893b2b,a88f87f4-7c20-4c9f-8630-523007577d2a,Alexis Cooper,psimmons@example.net,PROD-9376,Upgradable bottom-line adapter,food,1,289.75,2025-12-25 08:26:52,cancelled,bank_transfer,Iraq,East Ethan,289.75,2025,12,25,high,2026-06-04T17:00:44.940418
9fc990a6-72a1-4415-bb4e-239de25e9a3a,37ac8d51-be7e-44c5-a1cb-4ec89a6d4d08,Janet Miller,lisabennett@example.com,PROD-1808,Right-sized regional artificial intelligence,sports,2,984.66,2026-02-13 15:04:57,completed,bank_transfer,United States Virgin Islands,South Scottborough,1969.32,2026,2,13,high,2026-06-04T17:00:44.940418
5db01e5c-a965-4093-979d-5c1cc5aef58a,0ccf9fa8-cf57-4c55-9c3e-7e1da07bf18d,Devin Barnes,vevans@example.org,PROD-2237,Triple-buffered zero tolerance concept,sports,5,511.16,2025-12-08 22:57:54,cancelled,paypal,Palestinian Territory,Floresview,2555.8,2025,12,8,high,2026-06-04T17:00:44.940418
07cd6ca1-1dba-4c6b-ba0a-4a2b1608ba80,f01ae7bf-0a93-4310-b959-e3a056a87e30,Micheal Russell,olivia25@example.com,PROD-7052,Robust bi-directional structure,sports,4,783.76,2025-11-17 22:49:10,cancelled,bank_transfer,Slovakia (Slovak Republic),Jodyfort,3135.04,2025,11,17,high,2026-06-04T17:00:44.940418
5af9f244-d7d8-4317-8278-ad978da9754f,def1603b-234a-486f-8285-1c9de3904d59,Samantha Brown DDS,lorimedina@example.org,PROD-9359,Enhanced high-level database,clothing,10,687.42,2025-09-13 17:33:50,completed,credit_card,Uganda,Lake Kenneth,6874.2,2025,9,13,high,2026-06-04T17:00:44.940418
48c1f502-501d-41c5-a5e6-465566b9daf0,348e9a2b-8872-4904-978d-af4e416a0208,Daniel Arias,collinsnicole@example.net,PROD-5571,Upgradable reciprocal archive,clothing,9,669.62,2025-10-20 09:28:43,cancelled,paypal,Martinique,Jonesshire,6026.58,2025,10,20,high,2026-06-04T17:00:44.940418
eaf3634a-2d0b-41da-8b6f-edd30095194f,a9d49284-cc9b-4629-9aa6-344ad7491b2b,Stephanie Ruiz,gutierrezpeter@example.org,PROD-2654,Fully-configurable responsive pricing structure,books,10,248.63,2025-07-30 23:34:39,pending,paypal,Monaco,South Marc,2486.3,2025,7,30,high,2026-06-04T17:00:44.940418
30746643-f83f-4d8f-afa2-a23e5e2e749e,ef98f965-c955-46c6-bce4-18a4bfc95455,Eileen Morgan,ashley10@example.org,PROD-2521,Re-contextualized dynamic interface,food,1,173.48,2025-11-20 13:04:11,pending,paypal,Albania,Chavezton,173.48,2025,11,20,medium,2026-06-04T17:00:44.940418
177cef09-6f3b-4bd2-bcd2-5ee48e582b60,a00d2e6c-465f-4d2a-b9c5-719d9b978555,Becky Sims,jimmy52@example.net,PROD-6553,Programmable contextually-based hierarchy,electronics,4,673.12,2025-08-02 00:22:56,cancelled,bank_transfer,Ukraine,Port Leslie,2692.48,2025,8,2,high,2026-06-04T17:00:44.940418
7fec8d5f-ae75-4caf-b23c-d66425e6253a,9d388ed8-e5d6-40c6-b219-2df8bea2ec09,Nicole Estrada,bestmichael@example.net,PROD-4114,Networked bifurcated solution,books,2,287.05,2025-06-05 00:30:05,pending,credit_card,British Virgin Islands,Lauraborough,574.1,2025,6,5,high,2026-06-04T17:00:44.940418
07738c6c-47da-4e97-9277-43caffe48b0c,7687602e-e178-44d7-8b07-88e90d31ad31,Marisa Liu,linda44@example.com,PROD-1491,Team-oriented tertiary system engine,food,1,515.8,2025-08-14 14:15:42,completed,paypal,Guam,New Matthew,515.8,2025,8,14,high,2026-06-04T17:00:44.940418
bab5a112-5498-4c3a-a68e-9d48a54399e1,e25a15fe-4dc0-4427-8fdd-301e851bcd8e,Thomas Brewer,kellydeleon@example.com,PROD-7068,Multi-channeled 3rdgeneration concept,electronics,1,832.33,2026-04-02 13:35:09,pending,paypal,Thailand,Maryton,832.33,2026,4,2,high,2026-06-04T17:00:44.940418
4f47464c-0f16-4c11-b473-2c9c69d6dd6d,de37c0d8-4d98-41bc-b91a-e61472f4781b,Tracey Wright,julielarsen@example.net,PROD-5400,Managed cohesive benchmark,books,6,200.15,2025-12-10 22:46:31,pending,bank_transfer,Djibouti,New Joel,1200.9,2025,12,10,high,2026-06-04T17:00:44.940418
ee630ef6-4d8c-4e42-a3c6-70d959c140dd,5a0c2b60-0840-4171-a263-582e74654ecc,Jason Sherman,icrawford@example.net,PROD-7607,Monitored client-driven productivity,clothing,8,655.14,2025-10-23 04:34:33,cancelled,credit_card,Seychelles,East Benjaminbury,5241.12,2025,10,23,high,2026-06-04T17:00:44.940418
ccc10a15-f59d-4f80-847b-f29be34adff4,15a740ca-e714-4aeb-9478-f31bb9a961c6,William Kramer,edward97@example.com,PROD-8836,Centralized reciprocal algorithm,food,9,547.25,2026-03-17 07:06:51,completed,bank_transfer,China,New Melanieborough,4925.25,2026,3,17,high,2026-06-04T17:00:44.940418
7327bca4-83fe-41e9-8ee8-e7e3cf3f4643,80c4a1ee-a8aa-40d1-b751-dcedd384e1f8,Deborah Williams,bjohnson@example.org,PROD-9770,Cloned neutral database,food,7,566.91,2026-01-03 16:50:14,completed,bank_transfer,Bhutan,West Jamiechester,3968.37,2026,1,3,high,2026-06-04T17:00:44.940418
b12b078e-df4b-4424-9a57-e4c045e91f2c,3ec92318-c82a-4f16-9881-815775ddb712,James Nelson,nicole02@example.net,PROD-3591,Programmable reciprocal Graphic Interface,books,10,335.24,2025-10-12 18:57:37,completed,credit_card,Belize,East Danielborough,3352.4,2025,10,12,high,2026-06-04T17:00:44.940418
fe0931e3-0c79-412c-928e-efede603f33e,6d179190-4624-476e-ac45-96389f9c93c4,Troy Massey,wallacejohn@example.com,PROD-8771,Polarized explicit budgetary management,sports,7,882.49,2026-02-26 06:30:01,completed,credit_card,Turks and Caicos Islands,East John,6177.43,2026,2,26,high,2026-06-04T17:00:44.940418
cb44928c-15c4-4408-948f-fe933704c075,7fce6879-e4df-44ce-8b6e-e1e344b06e54,Haley Hutchinson,ifisher@example.com,PROD-3304,Cross-group 24hour firmware,clothing,2,803.45,2025-10-24 06:54:54,pending,bank_transfer,New Zealand,Michaelmouth,1606.9,2025,10,24,high,2026-06-04T17:00:44.940418
fcaa5c09-8698-4e4a-86d7-eebff8e12d91,b4aacb0d-ce7b-4329-a19e-ed0da83c5387,David Eaton,samuelnorris@example.org,PROD-5764,Synergized neutral hierarchy,food,6,348.56,2026-05-12 16:57:27,pending,bank_transfer,Luxembourg,South Joshua,2091.36,2026,5,12,high,2026-06-04T17:00:44.940418
2b29cbd9-b72b-4999-8712-680473f839d8,eac6de8a-f9bc-4094-8900-37dac92eb262,Kevin Romero,shannon86@example.org,PROD-9502,Pre-emptive analyzing budgetary management,food,5,391.14,2025-05-30 23:41:10,cancelled,paypal,Haiti,South Morganbury,1955.7,2025,5,30,high,2026-06-04T17:00:44.940418
4d743b68-5a94-4627-a577-a31b87a69a7e,379fe249-5af7-4ff2-b8c9-bf74ccf52d5d,George Howell,michael29@example.net,PROD-7541,User-centric mobile approach,sports,9,373.96,2026-03-27 07:12:40,pending,credit_card,Norway,East John,3365.64,2026,3,27,high,2026-06-04T17:00:44.940418
7a488313-8354-4d57-8047-03b2a133bdf5,7d59616f-3ea4-4f72-9df6-d328e8d59758,Angela Robinson,brandimiller@example.org,PROD-8838,Reduced motivating methodology,clothing,2,927.16,2026-05-15 14:54:48,completed,bank_transfer,Bahamas,East Ryanfort,1854.32,2026,5,15,high,2026-06-04T17:00:44.940418
5d882c39-ee92-4a10-96e9-33bf991dbab0,03d0c0de-4204-4ea5-a9d2-36e6207f1458,Shawn Harris,swilson@example.org,PROD-1204,Realigned motivating infrastructure,electronics,7,545.76,2026-01-22 04:15:26,pending,paypal,Austria,East Shannonton,3820.32,2026,1,22,high,2026-06-04T17:00:44.940418
1fd7b881-5b7d-4ad5-9b39-266446b02865,a1c12271-157a-4069-9a7e-28552d250cda,David Hart,pattersonjennifer@example.net,PROD-2262,Triple-buffered coherent alliance,clothing,4,885.68,2026-03-26 21:55:04,pending,credit_card,Wallis and Futuna,East Robert,3542.72,2026,3,26,high,2026-06-04T17:00:44.940418
158db979-e471-4414-a980-bc98fbd53614,e9dd1091-a701-4714-96f6-a3698fdad526,Tammy Valdez,richard21@example.net,PROD-1925,Object-based incremental installation,food,5,873.15,2025-09-23 03:55:53,completed,credit_card,Andorra,Robertberg,4365.75,2025,9,23,high,2026-06-04T17:00:44.940418
1f953c2e-f073-4e58-aabb-7071e12f4454,5c5b5254-bcb6-4299-9f8a-d50d7c91250a,Amanda Turner,brittany58@example.net,PROD-6133,Polarized attitude-oriented process improvement,books,10,269.74,2025-12-16 07:35:15,completed,credit_card,Canada,Brandiland,2697.4,2025,12,16,high,2026-06-04T17:00:44.940418
524d8280-416b-4805-a924-6c61bc576e5b,d013fdd4-2583-49ad-b6f4-c6ec002d9152,Jordan Taylor,nolanderek@example.com,PROD-5529,Seamless impactful interface,clothing,5,629.01,2025-09-15 07:13:15,pending,bank_transfer,Latvia,West Victoriashire,3145.05,2025,9,15,high,2026-06-04T17:00:44.940418
663e7d97-6347-49d7-a3bb-9c23bab737d3,1c9356ee-b1c8-43cf-b543-c7dd1547d627,James Li,wellssarah@example.org,PROD-1190,Front-line encompassing info-mediaries,clothing,6,370.83,2025-09-12 11:19:49,cancelled,bank_transfer,Bulgaria,Lake Brittany,2224.98,2025,9,12,high,2026-06-04T17:00:44.940418
b33e3a23-ce23-488e-b828-01f8da8a8502,cd8b18c4-1822-4d0c-bbf6-8aba661cd6cd,Amanda Garcia,ccampbell@example.net,PROD-4382,De-engineered empowering complexity,books,10,319.41,2026-01-13 17:58:10,completed,credit_card,Mali,Meganmouth,3194.1,2026,1,13,high,2026-06-04T17:00:44.940418
e05b2891-5a5a-4331-860c-716c325bda06,8a5fb008-60be-475a-9496-91bfd0d85ef2,Mark Crawford,lisamanning@example.net,PROD-2153,Automated executive protocol,food,5,111.19,2026-03-09 04:39:22,completed,paypal,Russian Federation,South Virginia,555.95,2026,3,9,high,2026-06-04T17:00:44.940418
b69e77fc-303d-4b9d-bb54-b62bec1fa2bc,7495dd07-7ff1-4b33-9f05-161c3416d55f,William Perez,acarter@example.org,PROD-9810,Balanced bandwidth-monitored definition,food,9,482.27,2026-04-27 12:58:53,completed,paypal,Peru,Brookeberg,4340.43,2026,4,27,high,2026-06-04T17:00:44.940418
c87d1b3e-37b6-49a6-8437-c8d7a0d39c00,22882085-dba4-401b-a047-619acf308814,Lauren Reed DVM,dana79@example.org,PROD-9390,Upgradable intermediate collaboration,books,4,192.8,2025-10-26 23:50:47,pending,bank_transfer,Switzerland,Kennedyview,771.2,2025,10,26,high,2026-06-04T17:00:44.940418
b5d4a884-5e8d-4fdc-bc41-12a54ad1d67c,0d2dbb7e-6f6b-4239-b143-0105db4fdfa8,Michael Johnson,carrie26@example.net,PROD-7886,Innovative uniform focus group,food,7,88.69,2025-09-20 11:35:28,cancelled,credit_card,Mayotte,Staceychester,620.83,2025,9,20,high,2026-06-04T17:00:44.940418
49e8d747-882e-4a86-a9ed-5b300d6b338d,243ea5fd-aa69-4989-827d-c7aaa3ecb067,Richard Ramos,aduncan@example.org,PROD-9115,Integrated 5thgeneration artificial intelligence,electronics,9,847.25,2025-06-04 11:47:26,pending,paypal,Sri Lanka,Jesusland,7625.25,2025,6,4,high,2026-06-04T17:00:44.940418
aa1fe7fa-2d3d-4be8-8104-bb941bd6ee0b,9bfdff85-2fe9-4a45-8505-eb0c0d1083be,Hayley Hernandez,janicenguyen@example.net,PROD-1073,Right-sized 6thgeneration info-mediaries,clothing,6,371.74,2026-04-15 05:03:33,cancelled,paypal,Brunei Darussalam,Taylorberg,2230.44,2026,4,15,high,2026-06-04T17:00:44.940418
7baebdc0-0a83-42ac-901f-c8c14a42caa6,f6b84fbb-4e25-4ac7-bd95-803ec7320171,Felicia Watts,gmcbride@example.com,PROD-3241,Pre-emptive 24hour open architecture,clothing,1,107.34,2026-05-24 09:00:02,completed,credit_card,Cote d'Ivoire,Cristianview,107.34,2026,5,24,medium,2026-06-04T17:00:44.940418
9b70871b-7007-430e-9dab-4b861609cbb7,7a042fa3-cc3a-4c1d-a4b6-c5f2eb9da564,Tracy Combs,pmays@example.org,PROD-2401,Business-focused intermediate synergy,food,3,868.15,2026-01-07 00:39:46,completed,paypal,Germany,New Andrewmouth,2604.45,2026,1,7,high,2026-06-04T17:00:44.940418
8daa8cd1-27de-4ad1-9d28-038836b9ed4d,a83dbcf6-4b1b-474b-90b6-b2e78b183e8f,Brent Edwards,johnsonmary@example.net,PROD-4604,Function-based multi-tasking capability,books,1,572.05,2025-09-02 04:19:37,pending,bank_transfer,Algeria,Markport,572.05,2025,9,2,high,2026-06-04T17:00:44.940418
b3456637-198e-4503-ad9f-43cbf390080c,9db763f1-0cab-4fed-a086-a089895f160c,Sarah Leblanc,nbridges@example.net,PROD-7342,Upgradable composite solution,books,8,424.77,2026-02-19 21:13:33,cancelled,paypal,Montenegro,Monroeport,3398.16,2026,2,19,high,2026-06-04T17:00:44.940418
c2d63e21-5a56-43db-bb5f-dc35882b7101,bfeee726-fb1f-4b1f-b05f-64a4b72ba875,Jermaine Robertson,beverly34@example.org,PROD-6843,Innovative real-time service-desk,books,8,281.24,2026-03-13 13:18:53,cancelled,paypal,Uganda,Joshuamouth,2249.92,2026,3,13,high,2026-06-04T17:00:44.940418
3562adf2-cd74-46d2-a4a1-b4d743e47440,7815a1d7-7ecf-4846-b029-1a1cfa1df7da,Jennifer Walters DDS,jwagner@example.net,PROD-4591,Enhanced mission-critical architecture,books,7,692.51,2026-01-07 17:04:41,pending,bank_transfer,Ireland,Port Elizabeth,4847.57,2026,1,7,high,2026-06-04T17:00:44.940418
ab5bc669-76f8-43ff-a978-39378fb8cd25,96fcfc8b-b988-4d59-aa96-4b4cf48c16de,Heather Sullivan MD,williamboone@example.org,PROD-2178,Phased methodical paradigm,food,8,740.92,2026-01-11 03:07:11,cancelled,credit_card,Sweden,New Lisaburgh,5927.36,2026,1,11,high,2026-06-04T17:00:44.940418
02f83d47-f883-4a57-8472-5483757d1a0b,dd57ad16-c6be-48f8-94db-b4094363a168,Robert Cervantes,qbaxter@example.com,PROD-1956,Distributed interactive process improvement,clothing,7,528.55,2026-01-11 14:20:50,cancelled,credit_card,Mauritius,Port Rhondaside,3699.85,2026,1,11,high,2026-06-04T17:00:44.940418
2e9d7b39-e80d-47a4-9fef-7750eaafa000,99f4012a-b96a-4e5b-af87-92c68ad646e5,Jennifer Bowers,matthewgonzalez@example.net,PROD-2331,Switchable full-range monitoring,food,1,417.07,2026-01-26 13:33:34,cancelled,bank_transfer,Slovenia,Fishershire,417.07,2026,1,26,high,2026-06-04T17:00:44.940418
b5ef4232-fb37-42f4-a958-9ec808a8bb32,af8e2982-b9a8-4fe3-ab07-2b771ec7d4da,Amy Nixon,brittany95@example.com,PROD-5154,Exclusive even-keeled flexibility,food,1,387.35,2025-10-03 14:18:23,pending,bank_transfer,Lebanon,Lamberg,387.35,2025,10,3,high,2026-06-04T17:00:44.940418
083f8fc0-cd1a-4bce-a47c-75e49027663a,f2aa566a-56d7-4d6a-a8ac-c6d57e009cd2,Mary Smith,fbates@example.org,PROD-5667,Customer-focused bifurcated strategy,clothing,10,424.69,2025-07-15 00:33:55,completed,credit_card,Cape Verde,West Sandraside,4246.9,2025,7,15,high,2026-06-04T17:00:44.940418
7cdf0039-6f7c-45e7-b2c0-d6a469f95bd5,858a1205-4833-4c80-a9f2-c2ca53d08b64,Andre Mitchell,nicholas35@example.net,PROD-2360,Profit-focused coherent paradigm,books,6,737.5,2025-10-04 05:08:27,cancelled,bank_transfer,Belarus,Port Justinview,4425.0,2025,10,4,high,2026-06-04T17:00:44.940418
1c13d50b-92b7-4160-a9b4-1dce5fd1759c,e5f58384-bc85-41a6-afa7-58b4710875a7,Shawn Torres,saradawson@example.com,PROD-8794,Object-based object-oriented help-desk,clothing,2,770.85,2025-08-17 09:39:43,pending,paypal,Tajikistan,Abigailbury,1541.7,2025,8,17,high,2026-06-04T17:00:44.940418
4a78244b-e429-484d-b00a-5fab50e99fbd,3d62ab56-0563-4316-9883-59ba66de4137,Emily Dennis,jacobortiz@example.net,PROD-1551,Devolved contextually-based policy,books,4,40.06,2025-10-27 10:03:08,pending,paypal,Norway,South Justinburgh,160.24,2025,10,27,medium,2026-06-04T17:00:44.940418
605449b7-b6ca-4224-a8b0-f804ba4e328e,554856e5-08dc-42c0-9ea8-fa5d6043a1e7,Adam Medina,yward@example.com,PROD-8711,Triple-buffered heuristic database,food,9,798.65,2026-03-12 02:42:31,cancelled,credit_card,Oman,Josephberg,7187.85,2026,3,12,high,2026-06-04T17:00:44.940418
aac8805c-9f85-4ba4-9ecd-e49c89da1379,1c626041-04e9-4b72-a536-b7439c9340ad,Meghan Stevens MD,huntmichael@example.com,PROD-5546,Integrated value-added instruction set,books,3,937.6,2025-10-29 14:49:52,completed,bank_transfer,Namibia,Smithmouth,2812.8,2025,10,29,high,2026-06-04T17:00:44.940418
7f8d2c6c-05d2-4731-bc8d-74d3a4696a8b,97be183f-7ccd-4748-894d-5b55953d9d3a,Katie Edwards,justinhobbs@example.net,PROD-2573,Extended asymmetric open system,clothing,8,12.23,2025-09-03 13:30:39,completed,bank_transfer,North Macedonia,Carterport,97.84,2025,9,3,medium,2026-06-04T17:00:44.940418
91ae872d-c798-4ee1-aebe-4ec74e487119,e5dd05fc-642a-402f-8b2c-841008c72ed1,Michael Brown,solisreginald@example.org,PROD-3575,Implemented contextually-based access,electronics,3,414.32,2026-04-04 15:41:43,pending,paypal,Hong Kong,Lake Susanfort,1242.96,2026,4,4,high,2026-06-04T17:00:44.940418
8d575891-1193-4a88-bdb0-d13368b36341,26d1d467-8ae4-405e-ab30-b87d4d49fd74,Amanda Gilmore,kayla59@example.net,PROD-5458,Decentralized homogeneous paradigm,electronics,9,487.31,2026-05-13 14:06:02,completed,bank_transfer,Seychelles,Smithburgh,4385.79,2026,5,13,high,2026-06-04T17:00:44.940418
997bc52b-33ee-4ac9-acb9-eb448862d1b0,e177a695-e7f2-462c-891f-1b07f24b1510,Michael Schneider,zspence@example.com,PROD-1788,Cross-platform optimizing success,sports,10,357.74,2025-08-06 02:27:47,pending,bank_transfer,Australia,Jessicaland,3577.4,2025,8,6,high,2026-06-04T17:00:44.940418
26599c5d-14f2-45b4-b0a6-6f32a37f6877,ff0e7a92-702f-4ff3-8599-0535a9b73064,Christian Hester,arthurgomez@example.net,PROD-9608,Proactive disintermediate definition,clothing,4,698.64,2025-10-02 06:44:23,pending,bank_transfer,Bhutan,West Raymondview,2794.56,2025,10,2,high,2026-06-04T17:00:44.940418
6e99d1b6-c7ae-459f-9a01-c96704c8107c,a35436f1-2409-4686-8d7e-6486abdffe5c,Kimberly Dean,stephanie55@example.org,PROD-7896,Distributed human-resource firmware,books,3,704.54,2025-07-24 02:04:12,completed,bank_transfer,Cocos (Keeling) Islands,New Jocelyn,2113.62,2025,7,24,high,2026-06-04T17:00:44.940418
0f73b65d-49e1-4b3e-89ba-c61edcac7556,f07a0c71-92ba-45d1-9220-a27667c168c7,Edward Brown,omartinez@example.org,PROD-4846,Down-sized responsive leverage,clothing,4,763.63,2025-08-17 00:22:23,cancelled,credit_card,Bouvet Island (Bouvetoya),East Phyllis,3054.52,2025,8,17,high,2026-06-04T17:00:44.940418
0cf79a00-af16-49f0-a87a-e7d35afe28e7,51a2b621-0bd4-4beb-9f81-1d5dfb42f683,Dillon Rogers DDS,tylerfox@example.net,PROD-6569,Focused heuristic process improvement,food,10,928.17,2026-01-28 00:49:22,pending,paypal,Uruguay,Randyville,9281.7,2026,1,28,high,2026-06-04T17:00:44.940418
d51aaac6-372f-4e17-a77d-e4a50fbdd049,6b34aba1-5fc4-42e6-938a-8357159ca318,Kimberly Flores,robinsonwayne@example.net,PROD-2474,Public-key content-based pricing structure,food,8,304.64,2025-07-09 17:26:04,pending,credit_card,Uruguay,West Martin,2437.12,2025,7,9,high,2026-06-04T17:00:44.940418
79f9a6a4-a0ba-41af-b588-95aaa94c5ef4,a4d31703-786b-4f4a-9f4f-f095bfd1ed85,Jade Webb,flogan@example.org,PROD-7794,Up-sized encompassing projection,sports,9,539.52,2025-11-22 22:20:46,pending,paypal,Singapore,West Caitlinburgh,4855.68,2025,11,22,high,2026-06-04T17:00:44.940418
db889c4d-6b6c-4bd3-a8d3-b056d076ee4c,1811f9bf-d0a0-4835-b1cd-7116cbbad3f9,Lindsey Fletcher,virginia81@example.net,PROD-1169,Right-sized directional encoding,electronics,5,313.95,2026-01-04 01:23:30,pending,bank_transfer,Wallis and Futuna,North Susan,1569.75,2026,1,4,high,2026-06-04T17:00:44.940418
9a967a70-d4c5-4508-ac4d-25ddc35f6eff,c8c79087-30e9-4705-829a-fc8d7bae764c,Lauren Hughes,devonscott@example.net,PROD-4598,Organic full-range moderator,books,9,992.43,2025-07-11 07:44:52,completed,credit_card,Venezuela,Port Rachelchester,8931.87,2025,7,11,high,2026-06-04T17:00:44.940418
63739596-439a-4f70-8a98-6c4a6732763d,9da6650d-c132-4f17-a241-508e82696fc8,David Harmon,fowlersonya@example.net,PROD-5726,Switchable fresh-thinking encryption,books,5,681.79,2025-08-22 02:46:11,completed,bank_transfer,United States Virgin Islands,South Anthony,3408.95,2025,8,22,high,2026-06-04T17:00:44.940418
c83dfddf-b58d-4d31-8dad-d40018aae52d,48987c2f-583a-4bc8-8fae-416bbe2df61c,Charles Taylor,brettramirez@example.com,PROD-6771,Innovative tangible moderator,electronics,8,404.16,2026-04-23 04:36:38,completed,bank_transfer,Samoa,Tammyshire,3233.28,2026,4,23,high,2026-06-04T17:00:44.940418
4ad3fb1b-3052-4b36-80de-d5272e135470,d49d1da0-4a1d-42a8-a041-70206a9ffa69,Glenn Davis,taylorowen@example.com,PROD-1309,Extended intermediate support,electronics,5,324.83,2025-11-14 01:23:37,completed,credit_card,Italy,New Erinstad,1624.15,2025,11,14,high,2026-06-04T17:00:44.940418
1c0a8772-51d1-44aa-932d-e2f5f571b234,72ab023f-08a3-4d57-a79b-e06e6ae5d5bd,Paul Clark,sonyawilliams@example.org,PROD-9796,Face-to-face systemic service-desk,clothing,9,632.54,2026-02-24 12:42:54,completed,paypal,United States Virgin Islands,Rebeccabury,5692.86,2026,2,24,high,2026-06-04T17:00:44.940418
72fca396-8115-4199-8dc7-b906b2e76377,b9d3e329-bc40-459b-9f36-80061ac5cde4,Mr. Jonathan Simpson DDS,pamela72@example.com,PROD-9985,Public-key intermediate encryption,electronics,7,724.41,2025-12-18 02:57:25,cancelled,credit_card,French Southern Territories,South Sarahstad,5070.87,2025,12,18,high,2026-06-04T17:00:44.940418
52435a6e-5696-4e0a-981e-0a9e8164b1f8,ae408eaf-d731-45a1-9d2e-8cdc63ba7ac9,Joseph Torres,ecook@example.org,PROD-7207,Ameliorated neutral process improvement,food,1,60.27,2025-08-13 12:22:53,pending,bank_transfer,Bermuda,Dustinstad,60.27,2025,8,13,medium,2026-06-04T17:00:44.940418
a50213ef-a291-4764-91db-42f92e3c3ec4,56febd2f-0801-479d-9010-7ca62742094d,Patrick Allison,amyalexander@example.com,PROD-2968,Distributed even-keeled orchestration,electronics,3,512.66,2025-05-26 04:19:32,completed,bank_transfer,Latvia,Conradview,1537.98,2025,5,26,high,2026-06-04T17:00:44.940418
f201a51a-3998-44d9-bea4-b05d0d98ca5c,fa3201a5-184a-43b8-b013-18940bf2ed91,David Williams,andersonanthony@example.com,PROD-2200,Stand-alone optimizing artificial intelligence,books,5,95.44,2025-08-27 16:30:48,pending,bank_transfer,Heard Island and McDonald Islands,Port Frederickview,477.2,2025,8,27,high,2026-06-04T17:00:44.940418
8a8e60df-a284-4263-8f03-00953e6348f3,7fb37dd6-a2e3-40b0-bcce-6a686b2efec8,Leslie Williams,thomasamanda@example.org,PROD-1940,Operative holistic middleware,food,8,257.41,2026-01-01 01:35:18,completed,bank_transfer,Kuwait,Josephtown,2059.28,2026,1,1,high,2026-06-04T17:00:44.940418
6d1fc740-4b41-4919-92f7-49aa03f275f1,47e6903f-0df1-428a-b86a-6ab7b3e045f0,James Todd,gutierrezfrederick@example.net,PROD-4539,Operative client-driven core,clothing,6,854.27,2026-01-08 17:01:18,cancelled,paypal,Saint Lucia,Port Barryport,5125.62,2026,1,8,high,2026-06-04T17:00:44.940418
3c7a1d20-bb99-43fa-a142-64a4d43ed1bd,ede46078-8605-4ddb-b159-be9165e63723,David Hall,dbaxter@example.net,PROD-1836,Intuitive zero tolerance moratorium,books,6,725.62,2025-09-26 20:42:07,cancelled,credit_card,Nigeria,South Ericmouth,4353.72,2025,9,26,high,2026-06-04T17:00:44.940418
1e0fe5d2-b391-42c7-ad6b-99602f3e3a3b,e0145e4b-cc24-44c0-ba6d-3f1c91e7d51c,Wendy Wang,elizabeth32@example.net,PROD-1417,Function-based hybrid functionalities,sports,5,206.39,2025-06-09 17:47:16,completed,credit_card,Turkey,Port Courtneyview,1031.95,2025,6,9,high,2026-06-04T17:00:44.940418
9e8e973c-1f4c-4282-862c-71684fcc1f11,7b5926e3-55f4-49a4-aa01-5dbfaa00bf0f,Jennifer Vega,juan01@example.net,PROD-2021,Intuitive foreground core,food,2,315.57,2026-01-17 16:29:44,cancelled,bank_transfer,Papua New Guinea,New Thomas,631.14,2026,1,17,high,2026-06-04T17:00:44.940418
c15e2b0b-270d-40a4-8ab0-43e277dec58f,737c6536-d96b-4eb3-a5e9-1e215b07d1a8,Natasha Nguyen,kellyparker@example.com,PROD-7553,Assimilated next generation knowledge user,clothing,3,429.17,2025-09-07 19:15:19,completed,credit_card,India,East David,1287.51,2025,9,7,high,2026-06-04T17:00:44.940418
0783548d-0dab-46c5-ac51-cfe255079060,690a74bf-b6c0-473f-b871-0edf0ccc8d19,Jacob Barker,jeffreycampos@example.com,PROD-9667,Persevering directional utilization,clothing,4,186.76,2026-01-31 09:13:48,cancelled,paypal,Belize,Lake Tammyberg,747.04,2026,1,31,high,2026-06-04T17:00:44.940418
d2b5f07a-06de-4962-987a-46693a65bdda,751f3fd4-fa72-47c2-b95b-7adaa7bb28ef,Mr. Eric Parker MD,xlarson@example.org,PROD-4549,Synergistic systematic benchmark,electronics,1,260.9,2025-08-21 16:58:09,pending,bank_transfer,Bouvet Island (Bouvetoya),Reillyborough,260.9,2025,8,21,high,2026-06-04T17:00:44.940418
3cd1c583-970a-4057-8486-680f9a8e9eb0,2c345bd4-144c-4868-a180-2f38b3bacac4,Austin Ward,woodsjacqueline@example.org,PROD-8157,Stand-alone 24/7 secured line,books,10,338.19,2025-12-28 07:57:57,cancelled,paypal,Romania,Floresmouth,3381.9,2025,12,28,high,2026-06-04T17:00:44.940418
83bee36c-1274-4089-addc-a701eb85530c,986cc40c-a273-4a3d-802b-dcab8e37c9dc,Abigail Stephenson,christopherstevens@example.net,PROD-5163,Streamlined grid-enabled array,books,9,410.38,2026-05-04 09:00:26,pending,bank_transfer,Taiwan,South Patrickbury,3693.42,2026,5,4,high,2026-06-04T17:00:44.940418
d93932e7-943e-48c3-963c-710ccb766d6d,8c3c7a74-cff5-429a-a267-d353ec59796d,Margaret Smith,ddaniels@example.org,PROD-8849,Mandatory real-time Graphical User Interface,food,1,472.86,2025-09-19 15:32:49,pending,bank_transfer,Uzbekistan,Brandonmouth,472.86,2025,9,19,high,2026-06-04T17:00:44.940418
f24f744d-9ae6-4525-9e57-f4776d212402,933ab4e2-7318-4dba-8085-44a60c1111ed,Katherine James,colson@example.org,PROD-9367,Self-enabling intermediate secured line,books,1,803.98,2026-04-16 04:43:21,cancelled,credit_card,Rwanda,West Kayleeside,803.98,2026,4,16,high,2026-06-04T17:00:44.940418
d7421dd6-d820-4ffa-becc-0534df2063b0,78f45e97-6c6b-4ff2-863a-d495f0db6c04,Chad Davis,vjones@example.org,PROD-1885,Profit-focused solution-oriented paradigm,food,3,663.76,2025-11-23 14:54:31,pending,paypal,Somalia,Jensenmouth,1991.28,2025,11,23,high,2026-06-04T17:00:44.940418
9198750e-a4bc-459f-b354-d407971a0afd,fc6a4213-e27b-4219-b597-17607b8950d0,Roy Fisher,christophermartinez@example.org,PROD-9246,Triple-buffered dedicated application,food,5,655.49,2025-11-16 16:57:30,pending,bank_transfer,Saint Pierre and Miquelon,Williamshaven,3277.45,2025,11,16,high,2026-06-04T17:00:44.940418
36771fce-a5d1-4d86-9fac-5dfbe591e53b,48248357-4b5c-44af-9d94-d478964f795f,Janice Drake,eric39@example.net,PROD-5900,Synergistic interactive hub,clothing,7,898.76,2025-05-25 04:35:20,cancelled,paypal,Guinea-Bissau,Gutierrezchester,6291.32,2025,5,25,high,2026-06-04T17:00:44.940418
eddf1446-392c-4bea-9a10-e82a798648ee,25bdfaab-06eb-41a1-b5af-14a13e28722e,Joseph Ortiz,nayala@example.org,PROD-3292,Cross-group multimedia info-mediaries,electronics,9,24.42,2025-11-05 17:32:28,completed,paypal,Venezuela,Michaeltown,219.78,2025,11,5,high,2026-06-04T17:00:44.940418
a9067d06-ec62-43e8-ba03-34d97ce8579e,d3938ab1-231f-4a02-b20e-ce250318466d,Kimberly Lowery,anthony15@example.com,PROD-8571,Seamless 4thgeneration core,clothing,7,166.81,2025-09-06 17:58:47,completed,bank_transfer,Bermuda,South Sharonville,1167.67,2025,9,6,high,2026-06-04T17:00:44.940418
c9a7aceb-288f-4cec-b441-29c0d9fa953a,ef193e3b-8f73-4b90-a4dc-4a04459464ed,Mark Graham,stonevictoria@example.com,PROD-2636,Face-to-face didactic solution,food,8,587.34,2026-04-04 17:07:14,pending,bank_transfer,Bhutan,Williamhaven,4698.72,2026,4,4,high,2026-06-04T17:00:44.940418
cc97985e-8083-417e-9936-e3022dda9ef4,01d09873-5099-43a4-ac9a-712123242793,Penny Buck,matthewrobles@example.org,PROD-1774,Secured directional interface,sports,10,488.15,2026-03-23 20:42:26,pending,credit_card,Iran,East Joann,4881.5,2026,3,23,high,2026-06-04T17:00:44.940418
d26c52aa-ae8e-4392-b583-8f8ef449c018,069837b0-95a3-44c5-91b5-3149bcd93cf7,Dana Barnett,andrew26@example.com,PROD-5780,Universal upward-trending policy,food,10,623.43,2025-08-20 21:57:33,pending,paypal,Malta,Knightberg,6234.3,2025,8,20,high,2026-06-04T17:00:44.940418
72c6b7c1-532d-4726-ac8d-c48ed4400328,589c6859-ff7d-4b9b-9217-c75c10c2b590,Bethany Potts,tony61@example.com,PROD-2800,Inverse 5thgeneration neural-net,electronics,10,121.62,2025-06-20 06:15:03,cancelled,bank_transfer,United Arab Emirates,West William,1216.2,2025,6,20,high,2026-06-04T17:00:44.940418
7c802dd1-aa1b-46b1-b8fb-fdb1c7b3a5b6,5de42729-e8ee-459d-83ba-24ab3c87861b,Theresa Porter,broberts@example.org,PROD-1528,Profit-focused background matrices,clothing,10,729.65,2025-12-25 15:57:56,pending,paypal,French Polynesia,Bradleyton,7296.5,2025,12,25,high,2026-06-04T17:00:44.940418
dbe0db2b-f1c3-4d13-b3bb-ac3f6377a168,20b6b53f-6dd4-4c4a-aca2-08faa00c33c0,James Williams,montgomeryjacob@example.net,PROD-1072,Realigned foreground monitoring,sports,8,169.58,2026-05-08 17:40:35,completed,bank_transfer,Cocos (Keeling) Islands,Beanburgh,1356.64,2026,5,8,high,2026-06-04T17:00:44.940418
52daac52-31e9-4d4c-ba93-11606beebb4c,74de6dff-cf10-4343-bafa-6a797d26fe2e,Anthony Jordan,cristinahenry@example.net,PROD-8868,Automated even-keeled Graphical User Interface,clothing,2,425.07,2025-09-19 13:49:26,completed,paypal,Brazil,Middletonchester,850.14,2025,9,19,high,2026-06-04T17:00:44.940418
57c10800-35d6-4015-a53a-aabe4caf2033,5d45e08b-3d61-4715-a207-7bd247b4a753,Justin Webb,andrew87@example.net,PROD-1606,Cloned fault-tolerant leverage,books,7,676.03,2026-04-15 17:56:13,pending,credit_card,Montserrat,South Regina,4732.21,2026,4,15,high,2026-06-04T17:00:44.940418
41d4f752-ac40-4d7a-94da-893b820c8e88,672beea2-ef05-4058-bcb3-33c46c7170bb,Stephanie Rodriguez,lboyd@example.org,PROD-7665,Configurable multi-tasking synergy,food,2,788.58,2025-08-11 13:10:46,completed,bank_transfer,Barbados,Michaelmouth,1577.16,2025,8,11,high,2026-06-04T17:00:44.940418
ffe272c6-3106-4ee0-8845-d36d8bda740a,c1725de5-89f4-4781-988e-d77c99e86018,Michelle Hancock,clarkdonald@example.net,PROD-3514,Reduced dynamic neural-net,sports,4,544.12,2025-12-11 21:52:21,completed,bank_transfer,Papua New Guinea,Smithstad,2176.48,2025,12,11,high,2026-06-04T17:00:44.940418
4563e812-40b1-43c4-923a-8cc2dff56ec6,3f9fa984-90a9-4f2d-ba49-596dfea11ae6,William Blackwell,taylorrogers@example.net,PROD-4408,Organized tangible process improvement,books,7,249.21,2026-01-11 14:57:57,completed,credit_card,Sudan,Lopezshire,1744.47,2026,1,11,high,2026-06-04T17:00:44.940418
1ff08c03-b6aa-4ab6-a932-521e1a871551,565211a8-0396-4fd7-ad7e-3d2edcb753b6,Michael Sanchez,tylergardner@example.org,PROD-8574,Up-sized heuristic function,food,7,730.65,2026-03-13 00:04:13,completed,paypal,Anguilla,New Patricia,5114.55,2026,3,13,high,2026-06-04T17:00:44.940418
8cab991c-80b5-4458-a808-36fe38c48412,990a1144-9c58-47cf-a2c4-21e2cd86be33,James Jones,tonitaylor@example.net,PROD-9176,Compatible context-sensitive encryption,sports,4,354.26,2025-05-30 05:10:34,completed,paypal,United Arab Emirates,North Antonio,1417.04,2025,5,30,high,2026-06-04T17:00:44.940418
4c2dc0a2-a552-49c6-9da3-ebc01d5db57b,8671af27-a7d9-4dff-b653-2a8f08a19249,Kimberly Kelly,welchdaniel@example.org,PROD-7458,Proactive content-based paradigm,books,5,778.31,2026-02-10 09:37:59,cancelled,credit_card,Liberia,South Darlene,3891.55,2026,2,10,high,2026-06-04T17:00:44.940418
addf74da-5678-4042-a9bb-0fe1d3f93ca0,00af21af-42c1-48ac-a8a5-c7adf3d84b0a,Brandon Bradshaw,randy71@example.org,PROD-6986,Organic holistic projection,electronics,8,12.59,2025-08-21 08:09:03,pending,paypal,Vietnam,Parksview,100.72,2025,8,21,medium,2026-06-04T17:00:44.940418
7411b975-4749-448e-9751-d1181bfb1354,a34fad8b-78b9-4713-82e1-386b69c4bec1,Richard Fisher,jennaking@example.net,PROD-9466,Monitored needs-based open system,food,8,55.54,2025-10-01 20:11:46,pending,bank_transfer,Micronesia,Lake Emma,444.32,2025,10,1,high,2026-06-04T17:00:44.940418
e48d839e-7873-432f-b4f4-18a1399f122f,dd98a883-17f9-42ef-b3e9-23b2cce134bd,Allison Miller,robin24@example.net,PROD-5140,Synchronized context-sensitive open system,food,6,954.13,2025-08-25 09:36:39,cancelled,bank_transfer,Vanuatu,Port Theresaborough,5724.78,2025,8,25,high,2026-06-04T17:00:44.940418
bd519f2d-76d9-4084-9aea-0de7980387b9,664f1c05-53ff-4990-b1e2-77e1fb51ed19,Abigail Walls,nfrey@example.net,PROD-7635,Expanded full-range budgetary management,sports,1,72.09,2025-11-01 15:53:30,pending,bank_transfer,Austria,Romanfurt,72.09,2025,11,1,medium,2026-06-04T17:00:44.940418
0faf3b9b-8251-4603-a18b-ac6380aa4054,c10248a1-d2b4-497c-8cd3-159e7860ae3e,Christopher Herring,erin62@example.com,PROD-4913,Re-contextualized needs-based strategy,sports,3,634.21,2026-04-14 11:14:42,cancelled,credit_card,Denmark,Lake Faithville,1902.63,2026,4,14,high,2026-06-04T17:00:44.940418
afd32ab2-d661-4d42-b7c8-ddf4c95d42cf,74f83d8d-c716-43b3-b1be-845a87816c4e,Michele Obrien,spencerkaren@example.com,PROD-4438,Seamless static forecast,books,4,155.95,2026-03-14 19:25:04,cancelled,credit_card,Chad,Ericland,623.8,2026,3,14,high,2026-06-04T17:00:44.940418
3c694e3c-9d5e-473a-90f3-892625fe56be,989121cc-f1e8-4b74-a27b-bf92d65bfec4,Juan Vincent,natasha43@example.org,PROD-2233,Streamlined 5thgeneration installation,sports,4,703.85,2026-01-13 09:13:43,pending,bank_transfer,Slovenia,Lake Robertborough,2815.4,2026,1,13,high,2026-06-04T17:00:44.940418
d497633c-a57a-4873-9f30-881f2be91b96,9b802aca-1963-44e0-9a05-ab6cbf2023f2,Michele Velasquez,haley93@example.net,PROD-9918,Re-contextualized national neural-net,sports,2,96.55,2025-07-19 00:07:33,pending,credit_card,Portugal,Amandashire,193.1,2025,7,19,medium,2026-06-04T17:00:44.940418
3ea37748-9763-4d1e-bb07-9798a40d92a2,cad2aeee-2f4d-4ce5-b130-3d1be8f47d30,Melissa Smith,melindamiller@example.com,PROD-4527,Team-oriented transitional installation,sports,4,49.85,2025-12-25 22:11:16,cancelled,bank_transfer,Lao People's Democratic Republic,Yorktown,199.4,2025,12,25,medium,2026-06-04T17:00:44.940418
f1fca6a2-5d1b-4b8c-a8da-683062d4c19d,7e38dd41-34b2-4542-b850-b0ecc2b90ed0,Kevin Smith,bishopchristina@example.org,PROD-8884,Universal 6thgeneration protocol,food,5,619.65,2026-05-18 23:29:01,cancelled,paypal,Malawi,Davidhaven,3098.25,2026,5,18,high,2026-06-04T17:00:44.940418
78e13987-d1c6-416f-bcbb-a09f24654b4e,70182c48-4be4-4b57-a9fa-956719537f8d,Shawn Kelly,jessicataylor@example.com,PROD-8405,Universal bandwidth-monitored architecture,food,1,498.47,2026-01-03 00:54:37,pending,bank_transfer,Niger,Aprilland,498.47,2026,1,3,high,2026-06-04T17:00:44.940418
45d8f887-d0c6-45ce-923c-bf013795a7a0,f7ec811a-2100-48a0-9488-85052c0cfc91,Monica Ramirez,lynn78@example.org,PROD-5848,Integrated bifurcated leverage,electronics,9,540.91,2025-06-15 22:36:59,cancelled,paypal,Zimbabwe,North Joshuahaven,4868.19,2025,6,15,high,2026-06-04T17:00:44.940418
da39670d-737f-42d2-94ad-184b2516cc86,add46d7a-91be-4347-b823-c3374967a64c,James Hunter,jesse25@example.org,PROD-2128,Innovative 4thgeneration intranet,food,8,929.88,2025-12-02 17:44:22,completed,bank_transfer,Svalbard & Jan Mayen Islands,West Joseph,7439.04,2025,12,2,high,2026-06-04T17:00:44.940418
45c1d3ec-7af6-4b76-b950-97b249ccbba6,edfdbadd-abee-4aeb-9321-4267ddb82a7c,Cynthia Strong,mendozaolivia@example.net,PROD-7383,Object-based demand-driven core,clothing,3,356.53,2026-01-18 01:07:31,completed,credit_card,Korea,Shellyview,1069.59,2026,1,18,high,2026-06-04T17:00:44.940418
8e2b1ebf-ef68-4b1d-86a3-e1ee8b9f360f,5e1bf7b3-848f-4a73-8732-8bdb5b55855a,Robert Atkins,rsilva@example.org,PROD-9348,User-friendly high-level collaboration,books,2,834.82,2025-07-13 07:44:40,pending,credit_card,Cyprus,Joneston,1669.64,2025,7,13,high,2026-06-04T17:00:44.940418
5f0a8aa9-9782-4483-9170-27b20c98f109,be9fbecf-9c74-4123-8834-a8de57379fae,Randy Roy,imichael@example.net,PROD-7952,Customer-focused local Graphic Interface,sports,8,343.98,2025-07-12 18:31:30,cancelled,credit_card,Djibouti,Port Kathleen,2751.84,2025,7,12,high,2026-06-04T17:00:44.940418
10f7a8f5-dc29-4eee-a812-f9a55a9f62e5,dc891724-a430-4a8a-8e99-ac674d2a3a99,Sierra Whitaker,jimlee@example.com,PROD-5783,Customer-focused holistic capacity,clothing,7,46.79,2025-12-25 19:49:49,pending,bank_transfer,Paraguay,Lake Saraville,327.53,2025,12,25,high,2026-06-04T17:00:44.940418
44330738-31a9-455e-bfb7-fb76b38940a3,2108c50f-b7ae-4986-a7cf-0329e95533c2,Nicholas Hunter,yfitzpatrick@example.org,PROD-8472,Multi-tiered leadingedge flexibility,food,7,765.47,2025-07-29 14:59:20,cancelled,paypal,Brunei Darussalam,East Brian,5358.29,2025,7,29,high,2026-06-04T17:00:44.940418
e05a097e-c902-4af7-a2a7-8dfa7d151f87,d3895630-a38a-4ac2-8fc9-6c67437e9e03,James Graham,thess@example.net,PROD-4801,Exclusive system-worthy benchmark,sports,8,182.27,2026-04-14 14:53:09,completed,paypal,Guadeloupe,New Cameronhaven,1458.16,2026,4,14,high,2026-06-04T17:00:44.940418
b4d84fa0-e0b9-4939-ac9e-3d5189e02697,9c01d74f-a111-4d29-817c-2a66f132f12f,Matthew Gonzalez,taylorerin@example.net,PROD-8554,Versatile intermediate superstructure,sports,3,769.53,2026-02-16 00:22:42,cancelled,paypal,Lebanon,Zacharyside,2308.59,2026,2,16,high,2026-06-04T17:00:44.940418
02c08284-8d9b-4510-8df9-389b1dab4012,f1e4e6d0-9fbc-401b-af0b-e4fb056d5fe2,Jared Simpson,thomas74@example.net,PROD-9568,Devolved static groupware,sports,1,273.75,2026-04-13 13:03:57,pending,bank_transfer,Botswana,Valdezfort,273.75,2026,4,13,high,2026-06-04T17:00:44.940418
bd236c4a-f005-4c75-b5c3-f78d809e5744,1ab007a7-eb4b-41e5-a346-0c5ef92338f8,Katelyn Hernandez,christopherdougherty@example.com,PROD-7388,Cross-group human-resource moderator,sports,8,33.06,2025-12-24 13:01:25,cancelled,paypal,Turkey,West Jacobstad,264.48,2025,12,24,high,2026-06-04T17:00:44.940418
43255cc9-7f0b-4362-9488-98b55acb4618,5c5db67d-8fd5-4d98-af95-ca2821994e72,Lisa Allen,michael52@example.net,PROD-2191,Implemented global Internet solution,food,6,466.18,2026-04-23 22:16:50,completed,paypal,Ecuador,Lopezmouth,2797.08,2026,4,23,high,2026-06-04T17:00:44.940418
6cb85783-35d5-46cd-8bdd-733f9f9426f3,eb7dd75e-976e-4f79-afc6-d8840fd9ee1a,Michael Payne,willischristine@example.org,PROD-2473,Upgradable motivating Local Area Network,clothing,3,817.1,2026-03-08 01:31:04,pending,paypal,Lesotho,New Daniel,2451.3,2026,3,8,high,2026-06-04T17:00:44.940418
fdb4d674-f714-4c4c-9315-f26b01619bf0,ea875fd9-923a-4550-9283-975177286de9,Vincent Livingston,melissapotter@example.org,PROD-5709,Cross-platform exuding solution,books,10,975.98,2025-05-30 06:13:19,cancelled,paypal,Lesotho,West Taylor,9759.8,2025,5,30,high,2026-06-04T17:00:44.940418
92492ef4-82e1-42ce-9c08-528224824a91,0cac1594-4854-4029-b8f2-50b806f79cf1,Alisha Henderson,wsmith@example.com,PROD-3468,Programmable regional protocol,food,10,324.98,2025-06-16 16:03:15,completed,paypal,Namibia,Sabrinaview,3249.8,2025,6,16,high,2026-06-04T17:00:44.940418
f58eb114-1724-43fd-a40a-7b03f6b9f4b3,aba0e8a8-7cf5-400e-8ebe-fabc933ef2ec,Joshua Pineda,michael92@example.com,PROD-4154,Automated 24/7 ability,electronics,6,681.63,2025-07-09 16:18:24,pending,credit_card,Brunei Darussalam,Fernandezfort,4089.78,2025,7,9,high,2026-06-04T17:00:44.940418
e07e287a-4393-4901-8807-5d602d5a5e51,34a930af-c5a0-4755-afa2-56d54226d336,Grace Gonzales,rmiller@example.com,PROD-2315,User-friendly interactive product,clothing,3,24.85,2026-03-26 05:37:59,pending,credit_card,Palestinian Territory,Garyside,74.55,2026,3,26,medium,2026-06-04T17:00:44.940418
6c3702c2-8ba5-4a5c-90c9-d8a6c74d53b8,ea3dd996-9424-439c-a13a-a9422a3e7bed,Andre Love,mitchellanderson@example.com,PROD-3944,Customizable systematic Local Area Network,sports,4,710.73,2026-03-07 01:51:51,completed,credit_card,Liechtenstein,South Sheriburgh,2842.92,2026,3,7,high,2026-06-04T17:00:44.940418
a1048427-5664-47cf-a06b-2ea579a3ef4f,ed65588e-ae87-41f5-8e2d-67e68a3794b3,Terri Kramer,khamilton@example.net,PROD-2110,Fundamental tertiary attitude,sports,10,241.33,2026-02-10 01:51:43,pending,bank_transfer,Mozambique,Kennethside,2413.3,2026,2,10,high,2026-06-04T17:00:44.940418
b8acd287-bec9-44ce-a008-48d8eaa706ea,d0111674-f909-43ec-90bb-66e90d5e6388,Chelsea Cowan,benjamin71@example.net,PROD-7310,Ameliorated leadingedge knowledge user,sports,8,394.32,2025-07-08 10:04:23,pending,paypal,Grenada,North Lee,3154.56,2025,7,8,high,2026-06-04T17:00:44.940418
8c360450-9c3f-42bc-a6f1-ad2d989df89c,ae801fac-6aca-4c5c-adcb-cce48ae44d98,Angela Snyder DDS,edwardsdawn@example.org,PROD-5375,Expanded static groupware,electronics,1,470.24,2026-02-13 20:53:38,cancelled,bank_transfer,China,New Juanhaven,470.24,2026,2,13,high,2026-06-04T17:00:44.940418
eb173e14-c021-4611-9a66-2c4a6dc9e464,b941fca1-6358-4d86-999e-b0d9c616ad63,Nicole Brown,obrennan@example.com,PROD-8236,User-centric grid-enabled support,sports,5,169.43,2025-06-16 04:41:17,pending,paypal,Cambodia,West Amber,847.15,2025,6,16,high,2026-06-04T17:00:44.940418
e11b861c-ed23-40b8-8770-baf8c3ef6e0f,0afea27e-d756-44e1-9732-b3a0c8725774,David Wood,rogersvictor@example.net,PROD-1355,Centralized coherent migration,sports,2,148.55,2025-10-17 05:03:15,completed,bank_transfer,India,Jonesshire,297.1,2025,10,17,high,2026-06-04T17:00:44.940418
8a1acc94-243f-41fd-bd60-72aae61aca25,0b3a6c85-8097-4386-85c5-b95e32cf71db,Emily Fleming,tyler24@example.org,PROD-4655,Ameliorated non-volatile function,clothing,8,598.79,2025-11-29 22:59:58,pending,paypal,Ethiopia,East Jonathanberg,4790.32,2025,11,29,high,2026-06-04T17:00:44.940418
482d9365-1070-4ba5-93bc-b482b4383af0,69161b73-b968-4bd8-96dd-515f727c0664,Adam Garcia,brittanyedwards@example.net,PROD-6693,Centralized full-range customer loyalty,sports,7,864.46,2025-10-30 07:41:24,pending,credit_card,Cape Verde,Lake Paige,6051.22,2025,10,30,high,2026-06-04T17:00:44.940418
a5ffbf3f-7d36-469c-9304-f7ffbd6b72e5,4859405f-2267-43d5-88ce-73a33d7dd940,Stephen Shaw,obarr@example.net,PROD-7924,Reverse-engineered grid-enabled info-mediaries,electronics,10,557.17,2025-10-22 03:48:21,cancelled,credit_card,United States Virgin Islands,Pottsmouth,5571.7,2025,10,22,high,2026-06-04T17:00:44.940418
7c0653b6-66c1-4e8d-a788-25687ea2f5d8,a6131ddb-7c0d-4fb4-b44e-8b68126bfc5f,Debbie Archer,johnsimmons@example.org,PROD-6726,Vision-oriented 4thgeneration core,clothing,8,449.15,2025-06-27 06:27:17,completed,bank_transfer,Brazil,Lake Jonathanbury,3593.2,2025,6,27,high,2026-06-04T17:00:44.940418
f9863223-230a-4514-a1e9-eeb242af884f,75974301-d74c-4c87-82af-a63d6d95eecb,Susan Mckee,randy97@example.org,PROD-1568,Persevering bifurcated matrix,food,4,492.26,2026-04-11 04:33:05,completed,paypal,Bulgaria,Port Patricia,1969.04,2026,4,11,high,2026-06-04T17:00:44.940418
94d181dd-ecfe-4425-bd85-c673b49334e4,60bfa36c-76f6-4607-bf60-b2e30cdb0b26,Daniel Price,krystalpatton@example.com,PROD-9079,Proactive 24/7 leverage,clothing,8,274.0,2025-08-01 10:51:30,cancelled,bank_transfer,Martinique,Port Maureenstad,2192.0,2025,8,1,high,2026-06-04T17:00:44.940418
2d2fb316-653b-4fe8-9b9b-d686dcf6989b,dc90e041-5d83-4383-9772-a03f2072153a,Joseph Martinez,patricia57@example.com,PROD-1102,Ameliorated full-range software,books,8,321.98,2025-12-04 02:16:13,pending,paypal,Panama,Patriciaview,2575.84,2025,12,4,high,2026-06-04T17:00:44.940418
e4970835-efd9-4823-ba1e-1930bfc9a77b,a2b9a640-8b04-4755-8710-e734ee46d723,Michael Patel,franklinjuan@example.org,PROD-6926,Ameliorated even-keeled strategy,sports,3,922.65,2026-03-11 02:09:30,pending,bank_transfer,Syrian Arab Republic,Calderonburgh,2767.95,2026,3,11,high,2026-06-04T17:00:44.940418
1ef3584c-bb8c-4a38-b16f-08d22f4427ed,287bf3b1-e5ee-4212-ae3b-ca99c513b548,Kristi Jones,sarahbrennan@example.com,PROD-9477,Reverse-engineered system-worthy functionalities,food,9,548.98,2026-04-16 19:37:04,pending,credit_card,Spain,Port Rodneyberg,4940.82,2026,4,16,high,2026-06-04T17:00:44.940418
78c2e72d-98ae-4591-8237-6aac73f343cb,a3b81d1e-1289-4514-a4b8-5289fabc6d77,Amy Martinez,morgan73@example.net,PROD-3765,Seamless transitional contingency,clothing,6,512.34,2026-05-22 08:28:41,pending,credit_card,Egypt,New Alexandrastad,3074.04,2026,5,22,high,2026-06-04T17:00:44.940418
d93dac73-0058-4e4c-a886-e7c15b8cdad5,b99ec428-f62e-40f0-8a56-7756c2113c02,Rachel Mathews,michael36@example.com,PROD-3057,Inverse asymmetric help-desk,books,2,361.06,2025-10-06 20:46:16,completed,credit_card,Estonia,Lake Michelle,722.12,2025,10,6,high,2026-06-04T17:00:44.940418
032e26e2-7669-4396-8413-59c0a87932ef,c2c5b1f6-7dcb-45cf-8b5f-523fe063c086,Robin Wong,sbentley@example.org,PROD-9022,Universal coherent hierarchy,books,6,329.44,2025-10-11 15:35:08,completed,credit_card,Cayman Islands,Port Alex,1976.64,2025,10,11,high,2026-06-04T17:00:44.940418
cb71554f-387d-491c-b589-be0c03556e87,09efe8dd-7ed4-4cae-8279-4f4adbd4b00e,Jordan Atkins,ivelazquez@example.net,PROD-9236,Sharable 24/7 implementation,books,2,687.52,2025-05-31 19:48:48,cancelled,paypal,Dominica,Englishberg,1375.04,2025,5,31,high,2026-06-04T17:00:44.940418
3cd487da-6070-4c22-b684-01a4b5106bcf,791f0e10-050c-487b-9613-0cd5b24b98e2,Christopher Cooper,christyhunt@example.com,PROD-2371,Expanded tangible architecture,food,1,198.15,2025-08-29 16:12:03,pending,paypal,Senegal,South Taylor,198.15,2025,8,29,medium,2026-06-04T17:00:44.940418
1d41def8-0dc3-4a57-9e08-90cede69f19a,e6605d50-4207-422b-8d7a-649877365629,Mary Skinner,williamslinda@example.com,PROD-7175,Re-contextualized 24/7 initiative,food,1,249.5,2025-12-11 02:19:22,pending,bank_transfer,New Zealand,New Heatherfort,249.5,2025,12,11,high,2026-06-04T17:00:44.940418
c0a563d0-4d0c-4827-9f0e-eb5a2481c362,c634f883-0b3c-4c0c-b826-3fde59803914,Samantha Horne,dmiranda@example.net,PROD-9977,Reactive dynamic policy,books,7,473.31,2025-12-29 15:22:25,pending,bank_transfer,Micronesia,South Jasminemouth,3313.17,2025,12,29,high,2026-06-04T17:00:44.940418
42535710-c61a-4782-8153-baca464a9645,6088dcfd-80e2-40d3-8e7e-6861bda75f80,Wesley Edwards,wendykelly@example.org,PROD-3074,Fundamental object-oriented approach,sports,6,529.71,2026-01-25 11:42:05,completed,credit_card,Brazil,South Kaylaberg,3178.26,2026,1,25,high,2026-06-04T17:00:44.940418
e21570de-dd00-4662-8541-dadf69d041de,c0776281-568a-4c3d-add3-2b7f7926ccd2,Heather Avila,medinanicholas@example.com,PROD-1788,Enterprise-wide multi-state process improvement,clothing,4,943.83,2025-08-13 04:20:31,completed,credit_card,Cook Islands,Nancyshire,3775.32,2025,8,13,high,2026-06-04T17:00:44.940418
3e3b4f50-15ea-48f9-8b9d-3b81339334d4,2b543777-4eaf-4cc3-90f4-236147376e49,Mariah Lucas,dustinrodgers@example.com,PROD-8433,Cloned transitional frame,electronics,5,915.41,2026-02-19 14:46:50,pending,paypal,Bosnia and Herzegovina,Bowenburgh,4577.05,2026,2,19,high,2026-06-04T17:00:44.940418
8b8b18f6-9ca0-4c0d-b6f4-e98ce47e4403,88fce760-8f5b-4541-95d1-cb20815e20a3,Samuel Riley,lhanson@example.com,PROD-4486,Expanded explicit attitude,electronics,8,776.38,2025-07-11 15:29:17,cancelled,bank_transfer,Antarctica (the territory South of 60 deg S),Lake Bradleymouth,6211.04,2025,7,11,high,2026-06-04T17:00:44.940418
7f9f7d01-0d79-466c-8bc3-fc800475002f,1a984abb-073e-4c06-b983-e1647eeb2716,Kristen Arias,robert91@example.org,PROD-9947,Secured reciprocal moderator,electronics,2,386.28,2026-05-03 07:45:55,pending,credit_card,Eritrea,East Angela,772.56,2026,5,3,high,2026-06-04T17:00:44.940418
506eeeba-c2dd-41b2-8fd9-4738f49fa2ea,6e86ee84-9353-456f-9218-b3d7913219f1,Roger Anderson,steven56@example.net,PROD-3656,Future-proofed content-based open architecture,sports,5,76.11,2025-10-08 01:35:19,completed,credit_card,United Arab Emirates,Sharonberg,380.55,2025,10,8,high,2026-06-04T17:00:44.940418
6b83608e-d3d9-4d93-a530-6cc7f08df433,47c55942-3329-46d1-a5c7-dd870ef48d5c,Randy Payne,wprice@example.net,PROD-4622,Optimized disintermediate model,clothing,10,803.98,2025-10-09 16:06:37,completed,paypal,Denmark,Theresabury,8039.8,2025,10,9,high,2026-06-04T17:00:44.940418
d8b11aba-4e16-4969-98f0-8b358ee773a0,1cd2abad-8d11-45f4-9b57-40fabb67919d,Michael Thompson,sherri16@example.com,PROD-6748,Vision-oriented dedicated emulation,books,3,297.54,2026-03-03 06:02:15,cancelled,credit_card,Luxembourg,Taylorborough,892.62,2026,3,3,high,2026-06-04T17:00:44.940418
