order_id,customer_id,customer_name,customer_email,product_id,product_name,category,quantity,unit_price,order_date,status,payment_method,country,city,total_amount
fdf06af9-17b4-4ae7-af7d-9f108ba6b1d2,1a44cf0f-8a87-4ed9-8b69-518006f6cf79,Bonnie Parker,karencastillo@example.net,PROD-4180,Fundamental fault-tolerant throughput,Electronics,3,918.73,2025-09-09T23:39:09,completed,credit_card,Denmark,Lewisfort,2756.19
2794fd92-6e57-4947-b824-480680dcfb36,5be2724e-aeae-4e71-ac1d-d955babfee31,Jessica Moore,richardjohnson@example.org,PROD-4454,Versatile tertiary knowledgebase,Sports,3,284.38,2025-11-12T15:51:49,pending,bank_transfer,Rwanda,South Carlos,853.14
5870626f-73d4-4e47-9953-d586d5a3bf96,f71b5830-db3c-4c31-833a-10283c4d0c95,Bob Rodriguez,normanclark@example.com,PROD-4091,Devolved responsive website,Electronics,9,903.21,2025-12-22T13:01:53,completed,credit_card,Tokelau,Port Justin,8128.89
037686c3-2d0a-4a61-919d-f3f4e6ed0824,03ba3c22-bbd4-4589-b88b-0e09a0f202ae,Diane Walker,brendarichardson@example.com,PROD-8706,Devolved intangible knowledge user,Clothing,3,57.97,2025-12-31T09:56:01,cancelled,paypal,Bangladesh,Moodymouth,173.91
2b9a009a-20ba-4ee5-9d5f-b206597aad9f,7dda3e97-9938-44a6-89a3-110f837a8ecc,Ross Ramirez,thomasjackson@example.net,PROD-7573,Progressive analyzing matrix,Food,7,939.1,2025-10-21T13:21:19,cancelled,paypal,Denmark,East Cheryl,6573.7
d3976e7c-8470-4d86-ae8a-59f11346a70d,70e2590f-8915-493c-b126-6879ae960737,Maria Barry,igriffin@example.net,PROD-5180,Exclusive fault-tolerant project,Electronics,5,633.83,2026-03-21T04:25:59,completed,paypal,Nicaragua,Caseyburgh,3169.15
d2e01192-4962-415c-bdfe-d6a95a985c05,f96e2516-45cb-469d-8bca-a85197e3d0e4,Tracy Ramirez,annewheeler@example.com,PROD-6338,Phased coherent neural-net,Sports,6,440.8,2026-04-10T10:05:05,pending,bank_transfer,Kiribati,North Kellyborough,2644.8
2a91d236-6c2b-4843-a83c-ddd52fd70072,b0365d8b-3db9-4e11-8d6a-ec8a4487c091,Dr. Adam Johnson,nicole77@example.net,PROD-8486,Streamlined exuding leverage,Sports,5,117.85,2025-08-13T06:38:06,completed,credit_card,Slovenia,North Mary,589.25
56cbe1c4-fe5c-4661-9398-4ce9f5cdb6e3,60433000-501f-4f2a-9fad-30494a183744,Cory Burke,oliviarogers@example.org,PROD-9715,Optional fault-tolerant toolset,Sports,6,268.8,2025-06-08T00:20:42,completed,bank_transfer,Costa Rica,East Melissaview,1612.8
48611874-4690-40dc-8374-70f4957a4a61,e432b1a6-72c0-4f9b-8939-ffd736d3bb99,Arthur Johnson,lewisjessica@example.com,PROD-6105,Self-enabling well-modulated productivity,Books,9,414.01,2026-05-26T19:33:26,cancelled,credit_card,Somalia,West Benjamin,3726.09
506be336-a31c-45e6-bad4-5ce8dd140179,4a95ecbd-fd91-4633-837f-7ba58d2543b8,Diana Stewart,fdavis@example.com,PROD-6814,Compatible uniform strategy,Electronics,6,362.44,2025-11-12T11:12:28,pending,paypal,Uzbekistan,Steinfurt,2174.64
fc6c95f7-8362-4b7d-91ab-a6d7b231d54c,d4549278-8010-4643-8ced-378a6abd1505,Steve Sheppard,brooksroger@example.org,PROD-6528,Cloned mobile collaboration,Electronics,10,26.17,2025-10-27T12:50:21,pending,paypal,Monaco,Avilachester,261.7
99eec259-acb8-4d68-813c-eb9e572acd69,aa44b070-c97f-4211-ae24-063c7eda4202,Larry Alvarado,meyerschristian@example.net,PROD-3499,Focused multi-state array,Sports,3,271.76,2025-11-22T09:51:21,pending,bank_transfer,Vanuatu,North Bryan,815.28
093ed95f-b66f-4f2b-9974-29cedb547aef,f06ff97b-a119-4205-93bb-0d3b0d908b3e,Michelle Hart,frobinson@example.net,PROD-2880,Optimized incremental policy,Books,3,864.47,2025-06-21T12:38:11,pending,bank_transfer,Bouvet Island (Bouvetoya),South Margaretland,2593.41
09252f4c-620b-4eef-af23-1c1f80290715,fa902cf2-1a30-4bcd-8789-243386bad73a,William Gomez,nguyensarah@example.net,PROD-9562,Front-line multi-state pricing structure,Sports,5,371.86,2025-12-21T07:10:42,cancelled,credit_card,Faroe Islands,Smithfort,1859.3
fff4e8be-5e43-4f72-b207-6ef728af3bf8,a9779f9f-7da6-46bf-8289-20a0524836ab,Kathleen Garcia,thomaspatricia@example.org,PROD-9216,Profit-focused stable orchestration,Clothing,7,977.77,2026-03-06T22:18:53,pending,bank_transfer,Norfolk Island,Tiffanystad,6844.39
40210c99-763f-4323-9d7f-39043e3e563e,1b55b576-408e-4420-8236-42821569e3ba,Michele Sanchez,greg08@example.com,PROD-8570,Exclusive well-modulated array,Electronics,4,861.34,2026-01-20T08:11:25,completed,paypal,Northern Mariana Islands,North Johnnymouth,3445.36
f14b4d47-e771-4b53-bf5e-b4b5324bfda3,02612f20-8612-4dbc-84b2-08d65bc2fce7,Bailey Walls,emma92@example.org,PROD-4745,Synergistic holistic data-warehouse,Sports,9,854.56,2026-04-15T17:11:50,completed,bank_transfer,Oman,Lake Andrew,7691.04
6fcbbad4-d1dd-475e-894d-fd723e61f004,53c3565b-171a-4cd8-8bd7-ad108fc2dea2,Rebecca Jones,davissamuel@example.net,PROD-2681,Customizable client-server concept,Books,7,471.33,2025-11-28T05:12:11,completed,credit_card,Thailand,Angelamouth,3299.31
c59b21a2-227d-442e-8ca9-0a818cddb5b5,4c548d5f-401a-4855-bfb0-19089f69eab9,Nicole Pratt,cochrannancy@example.net,PROD-8809,Profit-focused foreground functionalities,Books,7,816.12,2025-11-01T13:00:32,completed,bank_transfer,Nepal,Reynoldstown,5712.84
c4b596f9-dea0-4f21-9fdd-ca3a0968f306,a512be8a-0b73-4f48-98a3-fe6642dd2988,Lauren Lambert,bbarker@example.net,PROD-4517,Assimilated context-sensitive frame,Clothing,1,937.41,2026-01-16T20:22:19,pending,bank_transfer,Mexico,East Bradley,937.41
9b5410fb-4557-407b-a087-62e7cafe58af,d27be8e6-2076-47fe-a843-c47b28dec388,Cheyenne Smith,jacob56@example.org,PROD-7284,Fully-configurable methodical structure,Books,8,730.49,2025-11-21T01:42:15,completed,credit_card,Cote d'Ivoire,Port Debbieland,5843.92
ff57f48d-3fa6-4123-a8c8-1c82206478a5,bd490d6f-d385-402c-a040-9ee3a413800c,Daniel Vaughn,rosedeborah@example.com,PROD-9629,Organized didactic portal,Food,6,67.34,2025-09-05T13:01:33,cancelled,paypal,Pakistan,Barneston,404.04
5bc198f4-2aff-4ebc-b4c8-01376c1a8a4d,693b9842-7c42-40de-83b5-ae2f7b407bfe,Joshua Carlson,ashleydiaz@example.com,PROD-4493,Organized zero administration monitoring,Electronics,8,506.59,2025-07-06T10:02:02,cancelled,bank_transfer,Liberia,Anthonyberg,4052.72
98705921-8744-465e-be3f-dddd5bd6ed12,3785a653-bc0a-4801-bfba-839f26b42435,Shannon Bruce,thomasbrown@example.org,PROD-6340,Robust 5thgeneration Internet solution,Food,3,143.72,2025-11-13T11:20:43,completed,bank_transfer,Mauritania,Audreyberg,431.16
8df8853c-5d57-4f03-b753-8d992cf5ed8d,15c5aafb-c01d-4f26-98cb-dd349cfcdf80,Grant Salas,dustin59@example.org,PROD-1173,Implemented exuding collaboration,Electronics,6,752.17,2025-10-03T08:41:24,pending,paypal,Korea,Velazquezbury,4513.02
1e5d1a82-5877-46b0-8330-9b302301fd81,86e42726-71ec-46fe-912a-abb132576eb4,Joseph Smith,stevensabigail@example.net,PROD-5479,Seamless grid-enabled moratorium,Food,1,770.75,2026-02-16T12:58:00,cancelled,credit_card,El Salvador,Lake Noah,770.75
c58d2e7b-2e08-4780-baf0-a90222764be7,3af0a26c-fca8-4d2d-8f6e-97906d85431c,David Lewis,douglas88@example.com,PROD-6038,Down-sized dedicated interface,Electronics,1,975.04,2026-04-04T23:22:29,completed,bank_transfer,Jordan,Edwardsberg,975.04
76f57305-d50b-4f63-b3d6-20b83e39d95c,22e41ff6-a220-4450-9f1c-4b3d91df998e,Amy Martinez,megannolan@example.org,PROD-6582,Fundamental foreground leverage,Food,10,39.27,2025-12-09T01:12:47,pending,paypal,North Macedonia,Lake Jonfort,392.7
7b02926c-b83a-4fea-a828-3d451cd43053,acfe7008-062e-4edc-9fd0-0bfe9c79d2c5,Joshua Myers,osborneanthony@example.com,PROD-7567,Multi-channeled maximized paradigm,Clothing,5,779.2,2025-09-15T21:20:09,cancelled,credit_card,Eritrea,Hayeschester,3896.0
2951dce4-7e01-44a2-8d51-30ba1aab68f7,2e3e2474-73c4-42e5-bbaf-3a4d9cf854c7,Eric Webster,curryzachary@example.net,PROD-4367,Configurable intangible emulation,Electronics,10,168.66,2025-10-29T17:20:52,pending,bank_transfer,Guatemala,Teresaton,1686.6
ac2a7e10-31bf-4a23-9c54-a5e40df9adde,24a426f6-b3ee-42b3-bd60-8ac2f825674d,Aaron Johnson,anthonysmith@example.org,PROD-3040,Decentralized zero tolerance encoding,Food,8,823.03,2025-12-21T14:56:37,cancelled,paypal,Japan,East Alyssaland,6584.24
fff6fb65-5505-4126-b078-e72705d5a0db,3dba4f65-3aa5-43e6-8e35-9476c9a33461,Brandy Jefferson,qavila@example.com,PROD-5513,Advanced grid-enabled encoding,Electronics,7,975.46,2025-08-17T20:54:16,cancelled,paypal,Cambodia,Anneburgh,6828.22
84b400b2-aecc-4f88-bd84-10562f580a68,ce2f77c0-5e33-450f-bd30-b90a9f7a6173,Kayla Wilson,trevinochristine@example.com,PROD-7131,Focused secondary support,Electronics,10,515.17,2025-10-02T00:07:27,pending,bank_transfer,Macao,New Rubenhaven,5151.7
8f33ca4e-4dee-433b-b6e3-ed992fdd3d76,597688a9-36cd-4bcb-af75-270d5e20bfed,Amy Drake,christopherbrown@example.com,PROD-1729,Expanded bi-directional data-warehouse,Electronics,5,33.73,2025-08-27T22:35:52,pending,paypal,Argentina,West Benjaminmouth,168.65
4bd92147-ef3f-43ee-8cfd-c186f378ca2b,be238766-c125-4077-9559-7d5c839903b1,Miranda Erickson,amandasolis@example.org,PROD-9970,Enterprise-wide eco-centric service-desk,Food,3,647.01,2026-03-27T13:23:04,pending,credit_card,Tajikistan,North James,1941.03
7d6cd8ad-2cf1-4c83-a19b-7550d0acc079,1ec92cfe-9d51-440a-ab50-ae0b30509575,Brian Arnold,browntracy@example.com,PROD-6651,Quality-focused next generation standardization,Clothing,3,811.95,2025-11-16T22:06:45,completed,paypal,Chile,North Melanieville,2435.85
8b4c39e8-f858-429c-9e25-2508628cde3a,a48fb6ec-2ce9-4b63-9089-a40b0892106d,Cindy Castro,nicolewilliams@example.org,PROD-9219,Automated bifurcated Graphical User Interface,Electronics,4,638.16,2026-03-01T02:52:15,cancelled,bank_transfer,Suriname,Sanchezhaven,2552.64
80b8d6e1-056d-47ba-89f1-778f22c161c7,a8935427-c3cd-4412-bd51-f863d71d4431,Sarah Reese,lauramccoy@example.org,PROD-7385,Object-based discrete focus group,Books,5,20.25,2026-02-26T04:06:53,cancelled,paypal,Vietnam,West Stevenview,101.25
947270f7-9c18-4a89-a343-c8003fb9a49b,ded676b7-6ee3-4700-bb52-becc1dde6c9f,Michael Ward,bradleyphillips@example.org,PROD-9508,Profit-focused asynchronous database,Books,5,953.12,2025-09-11T11:35:05,completed,paypal,Mali,West Davidborough,4765.6
071bb3e9-8b1b-4c67-951b-25f1a3c4b153,14811f79-9069-4193-a69b-c6279011bf4d,Jeffrey Young,amanda35@example.com,PROD-3800,Focused dedicated interface,Food,7,646.7,2025-08-05T08:25:39,cancelled,bank_transfer,New Caledonia,Warnerhaven,4526.9
57cc55e5-961c-4511-bac1-e446f91065d2,e8df36b3-3b01-4ee1-af78-ad14122879af,Nicholas Mcguire,glenn00@example.org,PROD-6280,Cloned impactful archive,Electronics,7,119.44,2025-08-03T17:38:02,pending,credit_card,Reunion,Jordanmouth,836.08
419acb05-dc99-4e42-bb75-7e3efee244ac,48fe19e9-c5ba-4a2a-ba14-5362312c1bd0,Brandon Thomas,hoffmankeith@example.com,PROD-4143,Stand-alone high-level emulation,Books,3,306.34,2025-09-26T07:56:17,completed,bank_transfer,Saint Kitts and Nevis,North Evelyn,919.02
02933c74-4abf-44de-984b-eb6a614c16b4,160508a7-3a44-45c1-b45e-b4d658d6d24d,Craig Reed,wmoss@example.com,PROD-3356,Ameliorated empowering knowledge user,Sports,4,301.98,2026-02-17T10:54:00,cancelled,credit_card,Croatia,Petersonstad,1207.92
b8ecc48a-b47d-47aa-9735-757aca62894c,7c2cdf82-4769-4852-8abd-58e140d02ec7,Eric Kim,lorivazquez@example.org,PROD-4818,Universal radical paradigm,Electronics,6,570.95,2025-09-20T08:03:22,completed,paypal,Montenegro,East Todd,3425.7
76a335c9-f733-41ed-a1c0-f71927a137d8,377b5e15-3a97-4f59-b3bb-d258a09fd829,Stephen Rose,kbryant@example.net,PROD-9891,Organic secondary definition,Sports,4,789.59,2025-09-30T21:32:39,pending,paypal,Pitcairn Islands,Danieltown,3158.36
a169e9f8-6e5b-4bf9-ab99-2901832e2d0d,f7d9ec6f-d1b3-4feb-9893-5bc684acb232,Alexa Hunt,simsanthony@example.net,PROD-1867,Multi-layered multi-state application,Electronics,3,12.59,2026-02-19T09:04:05,completed,credit_card,Cameroon,Daystad,37.77
be86df64-6430-4dca-903d-0ed4ab24b996,6bcb0384-23c7-41fc-b43a-aa4aa77d95b2,Juan Fisher,udoyle@example.net,PROD-1743,User-friendly dynamic function,Books,9,933.9,2026-02-06T20:14:05,pending,paypal,Cambodia,East Maryport,8405.1
81bef67c-7d3e-4edd-9202-10400512c0c0,1f2df9ef-cf67-4261-9a0f-ceb4623c52f2,Cynthia Hayes,youngtroy@example.net,PROD-6228,Progressive value-added database,Food,3,726.16,2025-08-11T17:06:14,completed,credit_card,British Indian Ocean Territory (Chagos Archipelago),East Apriltown,2178.48
cbd82895-d032-49df-b0d8-43d02b8f01d6,bc1d1660-dcec-43c6-af63-581337ec810b,Joanne Patterson,connor05@example.com,PROD-4623,Diverse 6thgeneration complexity,Books,3,828.95,2026-02-10T02:13:10,pending,credit_card,Armenia,New Angela,2486.85
908a88f9-cde3-4378-9bf3-f8737d16c20d,80495536-5f3b-4830-a1a1-f65ba7b97fb9,Chad Anderson,dcampos@example.net,PROD-2959,Function-based zero tolerance architecture,Clothing,2,278.47,2026-03-13T10:44:10,cancelled,credit_card,Canada,Lake William,556.94
d93402a4-84e6-42af-9433-297b29425850,4ba66335-7b11-4b7e-87f7-9ec4ad34b49d,Claudia Jacobs,baileyjustin@example.net,PROD-5491,Networked demand-driven infrastructure,Books,6,116.84,2026-01-15T23:53:29,completed,bank_transfer,Uzbekistan,Petersbury,701.04
4668d62b-aba9-4077-9c87-df60c737d9c8,e7302907-42ce-4f94-8cc5-6a8ae280a065,Scott Gonzalez,jonathansmith@example.org,PROD-8452,Self-enabling asynchronous array,Clothing,9,625.89,2025-09-04T16:34:08,pending,credit_card,Zambia,South Michaelshire,5633.01
5961730f-7722-491c-aacb-6501c91ee3bb,af1e196c-ed01-4033-9854-9b4000dbadbc,Matthew Thomas,nicholasmcpherson@example.org,PROD-6621,Assimilated zero tolerance definition,Food,5,191.43,2026-01-05T22:34:22,pending,bank_transfer,French Polynesia,Dunnshire,957.15
ae760464-a2de-42ae-bdf0-75cf05a2389a,d6d1e13a-b7f7-43dd-8cae-096b5299a4af,Taylor Mendoza,nsummers@example.org,PROD-8948,Visionary didactic system engine,Sports,9,284.38,2026-04-08T00:05:23,cancelled,credit_card,Mexico,New Sydneychester,2559.42
24f9519a-5b6b-438e-bb20-9201f3b1b0a2,fe9c3954-da96-4d0b-b44b-37a2d51edf14,Jacob Williams,luke86@example.org,PROD-2595,Down-sized fresh-thinking analyzer,Electronics,10,713.02,2025-07-28T06:43:43,cancelled,credit_card,Puerto Rico,Nguyenton,7130.2
9a71f8f1-56ad-4ad2-bd37-7c73f5a5a46b,e5142996-d47c-4163-959b-e09718894f48,Isaac Ramirez,jason97@example.net,PROD-7921,Function-based scalable protocol,Food,4,375.98,2025-09-08T11:43:10,completed,paypal,Myanmar,Wyattborough,1503.92
9339b272-7c36-4488-812f-1e6f44b224b8,ae39aa33-93d8-4ae0-b3b5-57a3492b16c2,John Donovan,sherrykent@example.com,PROD-6972,Object-based multi-tasking throughput,Electronics,5,539.67,2025-09-16T21:52:01,pending,credit_card,Israel,Christinashire,2698.35
4a484ed1-813f-4d1e-8595-19ac3f441da9,9f415ac6-ca5d-4802-ba64-9d601064c676,Jerry Vega,jeremiahcarlson@example.org,PROD-4228,Right-sized 3rdgeneration projection,Clothing,1,150.8,2025-08-28T20:55:26,completed,paypal,El Salvador,Lake Williamshire,150.8
f968af8f-2dd3-4028-94af-9f4191916c85,e15d50b3-c501-446c-b436-51a0b8f4fae5,Lisa Petersen,adamquinn@example.org,PROD-2014,Open-architected real-time productivity,Sports,8,278.61,2026-01-08T09:54:31,cancelled,paypal,Bolivia,West Sherrybury,2228.88
78451517-5354-4235-953a-fedcd9d1c213,7894d60e-954a-439f-85d3-013c588cabe3,Anna Palmer,mitchellshawn@example.org,PROD-2282,Customer-focused fault-tolerant core,Books,3,286.61,2025-08-19T07:54:16,cancelled,bank_transfer,Lebanon,Ryanside,859.83
6107da52-8469-482a-a980-0da29459c566,54f6feab-a2c4-4540-912f-e1f8ef54c98a,Ana Stevens,barrerajohn@example.net,PROD-8718,Multi-lateral empowering installation,Sports,1,599.65,2026-03-07T20:34:32,cancelled,bank_transfer,Panama,Andreafort,599.65
34c3c30c-e743-47d0-aa2d-cac2f7d08bed,9d984837-3bc4-4117-88e1-c4f1efa7d7b4,Brittany Bell,williamtaylor@example.org,PROD-5493,Inverse upward-trending website,Food,8,90.99,2025-09-22T11:20:47,cancelled,bank_transfer,Zambia,Englishburgh,727.92
579f20bb-5a93-4eef-8155-93bbc173dff1,3c143106-d03d-4025-bdbe-f80079241cef,Robert Stephens,lauren08@example.net,PROD-6452,Persistent value-added hardware,Food,5,222.82,2026-03-28T21:55:42,cancelled,paypal,Guadeloupe,Randallville,1114.1
7bca6e64-7404-4e90-bdd2-b4657544a3f6,e5a35076-524b-42c6-bf17-fdc790fdc05f,Robert Morgan,brandonlynch@example.com,PROD-6323,Reactive zero administration task-force,Food,8,285.48,2025-08-20T00:30:43,pending,bank_transfer,Jersey,Port Casey,2283.84
4153535a-eeee-4e8c-8fd3-fb9fef5a4512,cc071794-de27-41d6-87fe-95485d7e5271,Danny Romero,feliciastevens@example.org,PROD-7403,Visionary asynchronous encryption,Electronics,4,201.42,2025-09-28T00:20:39,completed,paypal,Guadeloupe,New Angelaview,805.68
393fd2f0-c591-4ddd-b604-7ccb6b1ee2a3,05f0189e-5f07-42dc-9e69-fa4bdcf3a299,Austin Smith,walkerjodi@example.com,PROD-6101,Public-key secondary help-desk,Sports,2,745.6,2026-04-28T19:48:24,completed,credit_card,Faroe Islands,East David,1491.2
70730c0e-e1c3-4c7a-9ffc-72bc2472353e,29011196-7427-4100-9be3-cf46bb0507fb,Mrs. Madison Jones MD,swilson@example.org,PROD-5703,Open-architected disintermediate encryption,Clothing,1,494.17,2025-08-22T01:16:11,cancelled,credit_card,Canada,South Howard,494.17
f6154ba3-5527-448c-8845-d0324c342631,45c31bff-fb56-4933-828b-7510ea4da3d5,Ryan Rodriguez,susan23@example.net,PROD-4222,Public-key national superstructure,Clothing,9,245.17,2025-12-31T10:50:51,pending,paypal,Kiribati,New Erinstad,2206.53
80f2504f-aa95-40f0-9762-e24491459718,52ff0f54-b6f1-420b-9e38-398b242e39f2,Christopher Rivas,patricia24@example.net,PROD-8391,Function-based tertiary orchestration,Clothing,6,32.79,2026-02-19T17:17:55,pending,paypal,Zambia,New Ashleyton,196.74
b329a102-d3a6-401b-8d4c-8a47621629bc,ff4871f1-02cb-48c6-ad6d-def146d19862,Jennifer Crawford,lindajohnson@example.net,PROD-5120,Front-line explicit project,Sports,4,649.75,2025-10-24T16:25:25,pending,bank_transfer,Christmas Island,Shelbyhaven,2599.0
98844d0e-1b75-4e29-8dfb-f1b2572ce198,4bf52062-54f0-437d-9433-ef9dd529fff9,Ryan Watson,yrichards@example.net,PROD-7695,Polarized stable product,Books,6,337.34,2025-11-09T13:47:33,cancelled,paypal,Northern Mariana Islands,New Williamton,2024.04
6547236b-7a02-46ef-8cd7-d556d39c299a,c37acb5d-75b5-4e5d-ab3b-7f7684820c38,Kelsey Andrews,anne76@example.net,PROD-9960,Self-enabling zero administration secured line,Electronics,2,115.15,2025-06-30T21:14:24,pending,credit_card,Guinea-Bissau,North Johnchester,230.3
334913d9-df96-4df7-b45e-4ff365451349,5a69b6c2-73bd-4bab-afcd-a35bc6dbc069,Luis Hill,solissarah@example.org,PROD-4803,Multi-layered impactful workforce,Books,10,290.34,2026-02-11T04:34:18,completed,credit_card,Latvia,New Joseph,2903.4
dce4be08-611b-4098-83d8-9e051d38069d,b7824eee-5c41-415e-8c36-05094855a9ae,Molly Perry,cheyennewagner@example.org,PROD-1938,Reactive executive service-desk,Sports,6,56.02,2026-04-09T15:28:09,pending,credit_card,Burkina Faso,Lake Christopherland,336.12
fad41c30-575f-4e17-aa6b-ff9a9fc29880,2ddb949c-9417-426d-a78c-e3b8da5d9077,Patricia Sparks,jennifer66@example.com,PROD-5901,Multi-tiered maximized open architecture,Clothing,8,350.55,2026-03-16T07:00:42,completed,credit_card,Belarus,Port Maryfurt,2804.4
00ccda98-2414-4670-bd42-cafd896e5ce4,498b06cb-2524-4b5c-95d7-6aa63cae65eb,Alison Collins,william02@example.com,PROD-5341,Cloned multi-state archive,Electronics,5,697.62,2025-06-15T14:16:39,cancelled,bank_transfer,Lesotho,Lake Patriciaton,3488.1
13124e71-d200-4a15-b792-ffc9f1df423c,37215afe-1ec3-4d1a-a681-b9424a1cf8ff,Daniel Fletcher,ereeves@example.net,PROD-9842,Focused real-time time-frame,Sports,8,174.85,2026-05-24T19:18:38,pending,paypal,Central African Republic,Ianbury,1398.8
9f6e000f-a610-4524-95f5-c58d744c08be,9aa0fab1-0d6f-4921-b803-e87c54c6bbbb,Amber Sims,thorntonlauren@example.net,PROD-1505,Enterprise-wide leadingedge methodology,Clothing,2,513.55,2025-11-19T09:03:32,completed,paypal,Saint Pierre and Miquelon,West Austin,1027.1
79a21641-e358-4dc4-b3af-a27e011c37ae,8026f85a-225c-461a-9cd4-fd96acdb73ee,Tyrone Carroll,daisybryant@example.net,PROD-7621,Fully-configurable national project,Books,9,621.39,2025-08-14T03:01:52,completed,credit_card,Cameroon,East Johnhaven,5592.51
6a9eca04-71a3-4650-b816-71abe5892d57,6ec32691-3aef-4e02-a341-6d20fb6d6e08,Stacey Brown,aaron67@example.com,PROD-6962,Down-sized hybrid complexity,Books,10,852.9,2026-01-25T22:51:48,pending,credit_card,Saint Lucia,Parsonsborough,8529.0
275a3c41-878b-4041-967f-cab47ae2d0b4,477b0140-599c-4497-aefe-6b4ce0a7fa9c,Devin Flores DVM,mmiller@example.org,PROD-2714,Managed neutral capability,Sports,10,776.69,2025-11-01T06:56:20,completed,paypal,Bouvet Island (Bouvetoya),Pamelaland,7766.9
62e00b16-5bda-42bb-86d3-d7f4e7e9244f,e8ed003a-ed93-47a8-990f-c375c5f30149,Jessica Medina,amanda78@example.com,PROD-9646,Cloned multimedia hub,Books,9,624.36,2025-07-23T14:45:32,cancelled,bank_transfer,Uruguay,South Christopherberg,5619.24
37b895be-e8f6-4fe2-9aee-64401bb92c56,18375010-03e3-4c1f-9889-c28c46dd8560,Michelle Ryan,bonillajoshua@example.net,PROD-7423,Realigned multi-state Local Area Network,Food,9,680.91,2025-09-26T15:05:53,cancelled,paypal,Anguilla,Lake Gilbert,6128.19
f6c779b8-e2c1-49bc-8e4b-7eef22af0d3b,07d04324-dc89-4927-a16d-c3862ca6b84f,Erika Parker,erin31@example.net,PROD-5738,Mandatory uniform analyzer,Clothing,8,788.4,2026-03-28T09:46:57,cancelled,bank_transfer,Bolivia,East Anthony,6307.2
2aed2cf8-d024-42d1-b354-5f71741f6b7a,44113947-638e-4fc9-8e72-538e60ed67b1,Keith Khan,yvettearroyo@example.org,PROD-1685,Persistent coherent help-desk,Food,4,748.15,2025-11-11T08:25:59,cancelled,bank_transfer,Saint Lucia,Port Sandrafort,2992.6
172df417-0d32-44ab-8b10-5032fefaeed4,e4de5985-7d5a-4648-ad09-bc731936faa1,Keith Jackson,zrobinson@example.com,PROD-5166,User-centric 5thgeneration superstructure,Electronics,3,511.86,2026-04-17T01:56:30,completed,paypal,Kyrgyz Republic,Kaylabury,1535.58
2cf2d6c2-ff1c-47e4-ad4e-ce48b46b1990,b112f219-8e30-46ff-9fe4-3a124c948f24,Debra Kim,scottgillespie@example.com,PROD-9075,Customer-focused motivating system engine,Food,5,83.39,2026-03-26T21:57:25,pending,paypal,Japan,Anthonyshire,416.95
2b02f93d-185c-4713-bc39-4cb4d4ea0f24,3ae3aa3e-5ba4-4049-a3d0-a7647bc951e2,James Price,wilsoneric@example.net,PROD-7465,Synchronized zero tolerance implementation,Electronics,10,741.48,2025-06-18T17:47:52,pending,bank_transfer,Sao Tome and Principe,Lake Robert,7414.8
6d62c13d-8521-425d-b1d6-132911061aa5,c543257a-82a2-4c70-a133-ecc3da88ac5a,Leah Moore,lindakaufman@example.com,PROD-5812,Front-line explicit frame,Electronics,8,467.41,2026-01-04T16:30:57,cancelled,paypal,Antarctica (the territory South of 60 deg S),Port Coreyville,3739.28
b2218e1b-bac1-4a16-8700-67980b2341af,0aaa1f56-976c-49e3-86f4-e1f735126a7c,Sarah Watson,vaustin@example.org,PROD-3459,Object-based explicit encryption,Books,4,173.45,2026-02-08T00:54:16,pending,credit_card,Papua New Guinea,Jeffreyborough,693.8
1c994b47-a61e-4890-915e-0499cdc23a36,31b33818-a2ac-468d-b001-f5d7406f7597,Alan Fitzgerald,sritter@example.org,PROD-7441,Fundamental maximized hub,Books,1,581.5,2025-06-19T04:22:06,pending,paypal,Chad,Chaneyfurt,581.5
82cb5b0f-4048-43c6-93c6-e36cfa386fa1,ea02a661-f44f-42d6-997b-3d9ce77675ac,Bradley Mendoza,deborahlee@example.org,PROD-5769,Future-proofed non-volatile focus group,Books,8,922.48,2025-12-03T07:31:00,cancelled,bank_transfer,Colombia,Kennethhaven,7379.84
b6a62d91-bf8f-4ba0-943c-7000642fc6e3,c09878a3-3f06-4b81-b675-5348f44e4a73,Nicholas Brown,wongsandra@example.org,PROD-7589,Distributed executive architecture,Sports,4,532.47,2026-01-13T12:28:28,cancelled,bank_transfer,Nauru,West Brendan,2129.88
4753ba4f-92c2-40d0-b8f1-6edc2e6a29ff,a6062782-9138-4cee-a506-bde923e8aacd,Joel Brown,cardenasmichelle@example.com,PROD-7785,Sharable fresh-thinking projection,Electronics,7,298.27,2025-09-30T14:20:18,pending,paypal,Uzbekistan,Leeview,2087.89
f4e91d2d-97c2-4959-991f-8605d8f8a8d8,070fa0c4-21fb-4fa5-a571-4879fdceb698,Cody Allen,leekatherine@example.org,PROD-3587,Intuitive neutral workforce,Electronics,10,67.68,2025-09-07T05:55:40,pending,paypal,Chile,Bradyfurt,676.8
280f4d15-f556-4c0b-9fe9-ba59c0ef98ba,e2899681-2518-44cd-b4ed-2f27697f2fdb,Lisa Eaton,eguerrero@example.com,PROD-9687,Self-enabling didactic conglomeration,Food,6,861.6,2026-05-24T09:42:02,pending,bank_transfer,Mexico,Paulview,5169.6
e70c805f-e43c-466e-a83a-a12d06ef37a9,4a26b925-b4f4-4229-a669-430db65b1b72,Jessica Kelley,kristinmitchell@example.net,PROD-2241,Right-sized composite archive,Clothing,6,776.08,2026-03-13T19:23:14,cancelled,paypal,Tokelau,East Kaylee,4656.48
301b2e14-be41-4f65-8674-02aa140a0890,837092e7-784b-45b0-a517-cb65322955cf,Bradley Valdez,kurt45@example.com,PROD-9816,Profit-focused background Graphical User Interface,Food,1,601.11,2026-05-22T23:18:54,completed,credit_card,American Samoa,Pamelatown,601.11
264ce761-9d31-49da-b535-960d29acc2d3,6c0e874e-238b-4566-98eb-6e59df821f58,Lance White,jennifer64@example.com,PROD-3152,Synchronized heuristic benchmark,Clothing,1,94.38,2025-07-25T15:51:43,completed,bank_transfer,Faroe Islands,Port Valerie,94.38
a0b3d454-022e-4d4a-9b92-9c0c3d5722c2,657c85fe-a1c9-4ba6-903e-5f471863ca49,Cynthia Melton,jhudson@example.com,PROD-1887,Seamless even-keeled neural-net,Clothing,7,219.62,2025-07-28T17:18:19,completed,bank_transfer,Congo,Blakeberg,1537.34
04dc6d12-a9ff-48a0-86a0-73f57cee56bc,72ae2f35-0e0e-4fa5-a63d-84177101959f,Robert Williams,taylorsandoval@example.org,PROD-5689,Visionary optimal encoding,Sports,5,195.11,2025-12-12T23:43:18,completed,paypal,Equatorial Guinea,Danamouth,975.55
6caef02b-a229-4eb3-8e5e-93a6eebcd28a,b57ac1e6-bdc8-4fc2-ad8c-453fb45f8331,Thomas Jones,jerry96@example.com,PROD-8381,Business-focused mission-critical protocol,Clothing,10,145.26,2026-01-02T13:11:24,cancelled,paypal,Estonia,East Susanfort,1452.6
2c81d9b5-32ad-4419-9a33-a6680aa5638c,5033b438-04b9-40b3-841c-608272671fa2,Brian Nash,brownchristine@example.com,PROD-8967,Expanded radical software,Sports,10,133.47,2025-09-25T22:38:31,pending,bank_transfer,Qatar,New Kimmouth,1334.7
04d57e75-f81a-4a13-adc1-b73eaf021794,61c170b9-6447-451e-9a62-236e489f3a30,Patricia Martin,dennistaylor@example.org,PROD-5747,Profound methodical benchmark,Food,2,919.51,2026-03-21T11:47:13,completed,bank_transfer,Somalia,East Jeffreyport,1839.02
30a30b4e-0a45-4317-9dae-bf7424af4934,15bf793b-2096-4821-a735-8edd02ee9224,Donna Black,leondaniel@example.net,PROD-5731,Centralized high-level portal,Clothing,1,394.2,2025-08-16T01:16:38,completed,credit_card,Saint Lucia,Holttown,394.2
a5bacb4b-c2e8-40ef-af63-4cbfe2d43851,e48a9c38-df28-4d43-9459-ce5bd590ec0d,Katelyn Sanchez,bennettmichael@example.net,PROD-3865,Monitored 6thgeneration process improvement,Sports,8,380.28,2025-10-03T19:04:32,pending,credit_card,Greece,East Andrewburgh,3042.24
6aee0515-e484-4747-980c-c99887d2838d,40be0466-49b6-4785-b647-874ebdb4da30,Brandon Thompson,rebeccahayes@example.net,PROD-2964,Innovative cohesive benchmark,Clothing,8,449.1,2025-08-02T13:54:40,completed,bank_transfer,Somalia,Danielchester,3592.8
7d3d23d3-cd97-4267-a44b-547612dff076,e275c1ef-c70d-4a1a-a46a-f01b019b0ad4,Mark Wilson,jonesdaniel@example.org,PROD-5349,Fully-configurable user-facing methodology,Books,6,143.81,2025-11-19T11:26:00,cancelled,paypal,Burundi,Nicholashaven,862.86
397fb81d-f963-49d0-bfcf-a19b9e61aa05,2ba8aeaf-7676-4962-b153-ac8c04ad702b,Melissa Estrada,osmith@example.net,PROD-3274,Quality-focused multimedia circuit,Sports,10,27.61,2026-06-02T09:09:06,completed,credit_card,Mozambique,Matthewhaven,276.1
543abba5-613a-472e-9e27-2254f6fc2e2e,3a9c890c-0f90-4aac-8328-09765dfb899c,Judith Rivera,wattsandrew@example.org,PROD-4940,Realigned context-sensitive parallelism,Books,10,225.09,2025-07-03T20:50:37,cancelled,bank_transfer,Slovakia (Slovak Republic),Port Lance,2250.9
e6b6a3e7-6453-4845-95fa-e43d47abcde6,683aee2c-7422-4027-be33-3d2fa508f909,Veronica Blackwell,lorettablackburn@example.com,PROD-6685,Universal discrete utilization,Sports,8,705.19,2025-10-21T08:25:52,cancelled,bank_transfer,Estonia,Lake Nicholaschester,5641.52
60aedc9b-057e-4b89-b8c8-982a141b8078,d74e17e2-02dc-4b0b-a457-2c05d2954534,Benjamin Brown,donnamartinez@example.org,PROD-3241,Ameliorated executive alliance,Electronics,10,611.03,2025-10-16T03:03:54,completed,bank_transfer,Nauru,Jacksontown,6110.3
ecaba9ff-4162-4520-a00b-6bb787775b0f,10ba2640-1916-4d0c-9c8a-e60d16c89e69,Ethan White,millerjason@example.net,PROD-4981,Organic holistic capacity,Electronics,5,611.38,2025-11-22T02:56:34,cancelled,credit_card,Ukraine,North Alicia,3056.9
ff4473ec-3a71-45d5-8f8e-d23315624092,00d04ed2-8993-411f-81e6-9d936514cba6,Willie Mcgee,jhernandez@example.org,PROD-8919,Programmable executive artificial intelligence,Electronics,5,496.61,2026-06-01T10:53:00,completed,paypal,Papua New Guinea,Parsonsfort,2483.05
e12b91f8-9912-4764-88dd-e01fa0eb3d55,7cea9fd7-5a09-4a3e-9a6e-2cca1c2650cc,Dale Nguyen,rbrooks@example.org,PROD-7093,Streamlined dedicated functionalities,Electronics,4,247.18,2025-08-16T06:27:14,cancelled,bank_transfer,Cocos (Keeling) Islands,Port Anna,988.72
bbdd4cd5-b743-47ae-b720-12d435ee3c64,751bbf6f-9095-47eb-98bc-f2aa9a6f574e,Gary Williams,christiangonzalez@example.net,PROD-4558,Realigned upward-trending website,Food,10,576.28,2025-11-23T08:07:20,completed,credit_card,Palestinian Territory,East Kelseyton,5762.8
f338951a-96f0-455d-affb-8e3dcfd44e15,c6b57852-da98-40dd-8f9d-260a60802207,Megan Wilson,lharrington@example.net,PROD-7398,Triple-buffered didactic orchestration,Sports,5,833.48,2025-12-31T06:08:44,cancelled,credit_card,Lebanon,Port Kayla,4167.4
a0aa57b1-f18e-48ef-91c6-670039194f57,6febd1bb-f9d5-4f9c-b841-12a6365d990f,Glenn Greene,jennifer45@example.org,PROD-2131,Synergized client-server model,Electronics,9,290.64,2025-12-31T09:36:44,completed,paypal,Germany,Carpenterbury,2615.76
b80d2d5d-26ff-417f-acef-b3ca08de6b7d,914b4c61-8b2d-44f2-9dfe-b056e162f9ab,Mary Williamson,duncanpaul@example.org,PROD-8008,Multi-lateral foreground framework,Electronics,4,404.56,2025-06-04T19:53:12,completed,bank_transfer,Mali,South Jenniferborough,1618.24
2c91ec6b-16cc-48bc-b778-2c3522aeb529,b5189ef8-376c-423f-b55e-3b03256b2bdc,David Hopkins,wesleybarker@example.com,PROD-4710,Enhanced multi-state collaboration,Food,8,68.19,2025-12-31T00:10:45,cancelled,bank_transfer,Uruguay,Lindseyberg,545.52
e1ec647d-f9db-4ee2-822d-12aac85a3f94,3662a891-82a7-41f2-971d-0f66a5330ae1,Dominic Harris,ashleywood@example.net,PROD-4714,Implemented reciprocal product,Food,4,629.61,2025-12-09T10:36:40,cancelled,credit_card,Croatia,South Edwardtown,2518.44
61ca1699-9259-4619-86bd-5d47504b6034,bb702a11-56d8-4e1a-b9b6-c16d379d0025,Jaime Ochoa,annejohnson@example.com,PROD-5035,Persevering multimedia collaboration,Sports,9,677.49,2025-08-21T01:14:45,pending,credit_card,Yemen,Josephstad,6097.41
0eae2ac4-bffe-49df-ba23-801e25a87219,ff0d61e6-78c1-4567-b801-38a7d4cbf3e4,Stephen Moreno,paul31@example.org,PROD-6284,Automated radical standardization,Clothing,10,110.05,2026-04-27T18:21:05,pending,paypal,Bahamas,West Kelly,1100.5
e4867018-0533-42a3-b856-f771293fddf7,9a24a1dd-f3e0-4e0a-ba97-be1273f9bd15,Lindsay Briggs,barnettnicole@example.org,PROD-7237,Synchronized well-modulated system engine,Books,6,379.16,2026-03-02T18:56:39,completed,paypal,Honduras,Stonebury,2274.96
24aff22d-a566-4cd6-941b-f55be2450652,3907a2bf-b539-420d-b6a0-f35a825ed431,Joel Ross,mcdanielseth@example.com,PROD-4950,Business-focused motivating product,Sports,5,45.39,2026-01-27T04:53:49,completed,bank_transfer,Cameroon,West Alexa,226.95
127efd9c-0aa9-465a-a27f-31c57ebf6873,3f162a4d-836c-40f9-9065-5668dc1e7f06,Richard Johnson,woodsmatthew@example.net,PROD-5802,Mandatory executive knowledgebase,Electronics,6,287.06,2025-08-13T09:39:20,cancelled,paypal,Saint Helena,East Brandon,1722.36
1237b249-f5ea-40c1-8342-f976a8e94293,54f165c4-2e37-4ad9-87df-078752eb7afd,Joshua Brown,john72@example.net,PROD-8882,Assimilated responsive focus group,Electronics,5,885.92,2026-01-01T21:23:00,completed,bank_transfer,Canada,Lake Crystal,4429.6
530e784c-bd97-4469-8f90-8983d1c61370,980641f4-3f6a-4fdb-a03a-40bbb417954d,Jay Sanders,stephensdarrell@example.com,PROD-7030,Down-sized attitude-oriented function,Sports,6,281.0,2026-04-07T07:25:36,completed,paypal,Papua New Guinea,North Samuel,1686.0
aa44178e-5d37-451d-9898-92d0fad75a76,ab37a4fe-6026-466e-84d2-dc1b4831e4be,Bonnie Duran,sbarker@example.net,PROD-3421,Programmable actuating knowledgebase,Sports,1,957.64,2025-11-06T10:08:24,pending,bank_transfer,Greenland,East Laurenmouth,957.64
c6253644-71c9-4361-91e0-18ccec0baf02,c7c2447a-207a-4e8b-9733-91c32127dd24,Timothy Diaz,raymondmary@example.net,PROD-1849,Vision-oriented stable archive,Sports,9,632.26,2025-07-09T15:28:58,cancelled,bank_transfer,Saint Helena,Hartview,5690.34
6b36eb21-abf3-47ed-9608-384fa9318f73,0855a06d-61b1-41f3-9d97-8b4ea306cc53,Matthew Moreno,pcameron@example.org,PROD-2590,Business-focused intangible projection,Food,2,867.43,2026-01-10T02:23:32,pending,paypal,Saint Kitts and Nevis,Patricktown,1734.86
1cf3f4df-d6f9-4c51-9d46-4bdd3d5d621d,97525821-e654-4e98-b158-49f50fb74389,Tracey Baker,jprice@example.net,PROD-5210,Stand-alone explicit archive,Clothing,4,255.55,2025-09-30T06:09:44,cancelled,bank_transfer,Marshall Islands,Tylerhaven,1022.2
b48baf68-484f-45fe-bc33-cd3e65fc100f,f520e4af-5170-4281-8a33-780d26b26fae,Megan Dominguez,sarahmorris@example.net,PROD-7170,Managed heuristic array,Books,7,982.97,2025-10-26T12:54:06,pending,credit_card,Myanmar,East Jacob,6880.79
5547d1be-c6a0-42ad-a8c0-6a5898f66b34,ad21d8be-c26d-4b58-854c-33110f28c81e,Kathryn Weaver,marcus11@example.com,PROD-7544,Reverse-engineered tertiary workforce,Food,7,716.98,2025-08-08T06:18:30,pending,bank_transfer,Ethiopia,Lamstad,5018.86
954929a5-3f77-473f-8e1b-27eb63415827,46765dec-15f2-4ad6-9bf5-7435144540c6,Jared Porter,jreynolds@example.org,PROD-7949,Synergized non-volatile throughput,Food,1,692.87,2026-05-06T18:11:40,pending,credit_card,United States Minor Outlying Islands,New Jonville,692.87
3aa877c5-269d-4969-8a4c-a11af3599824,03edc18f-7a30-4373-bd6e-fad96251b583,Mark Wood,russelllee@example.com,PROD-8387,Function-based tertiary archive,Food,7,97.17,2025-06-16T13:36:11,pending,paypal,Taiwan,Schmidtburgh,680.19
c13ca6cd-990b-4a11-972b-a8c9d515c74d,d00aa95f-bc45-42b4-8240-40daa7b6c9ef,John Wallace,karenroberts@example.com,PROD-8100,Secured homogeneous core,Electronics,7,956.45,2026-01-20T03:24:41,completed,paypal,Central African Republic,East Markstad,6695.15
7a063a97-d8b1-405e-bdd5-8e0c7adec6af,c7dc2cce-10ab-4839-bd5b-d353694bda06,Steven Mason DDS,kimberly31@example.com,PROD-8215,Versatile mission-critical matrices,Clothing,10,239.7,2025-10-05T15:11:49,completed,credit_card,Belgium,North Jeffreyton,2397.0
890f01b1-050b-4b5f-9edc-7b58857086fa,345e4240-16b9-48ad-b15f-61e0465e5c11,Ashley Livingston,hallanna@example.net,PROD-1195,Devolved 6thgeneration Internet solution,Sports,8,291.7,2025-06-28T16:16:14,completed,paypal,Guadeloupe,New Alicia,2333.6
4743e22c-b082-4ea8-acc5-2b7e6059126b,dac3a36f-12f4-4286-912b-cb24dee314ac,John Webb,seth10@example.org,PROD-1713,Balanced real-time encoding,Electronics,5,446.86,2026-01-06T09:14:20,completed,bank_transfer,Western Sahara,North Sandrashire,2234.3
ac97623f-51a1-42c6-98c8-17b1be2fa8b1,3270d806-75dd-4d82-9520-bb2cc9df5c7e,Dr. Derek Manning MD,williamsamanda@example.com,PROD-1383,Intuitive fresh-thinking complexity,Sports,2,601.18,2025-08-12T19:29:02,pending,bank_transfer,Montenegro,Port Jennifer,1202.36
b4772b73-6ab3-448c-ac7b-8e3d0cf5c236,24883388-5601-4b01-a4e6-a15dca42fa5f,Jeffery Jackson,gwilson@example.com,PROD-7602,Realigned holistic synergy,Food,8,872.46,2026-01-25T09:07:14,completed,bank_transfer,Pakistan,Brandyborough,6979.68
bfacc415-d4e7-4ca9-b528-0f2982313700,d33a1814-ccc1-4108-8157-415cc269cf8c,Jesse Williams,mary16@example.com,PROD-5040,Progressive national productivity,Sports,5,318.41,2025-06-15T20:42:55,cancelled,paypal,Bahamas,Hernandezport,1592.05
aa6e0c14-07f8-43ce-bf9a-991499558dea,f4cb3897-d99a-4277-8352-c209b7233fdf,James Thomas,conniebraun@example.org,PROD-8236,Inverse zero administration website,Clothing,5,416.23,2025-10-09T02:46:59,completed,paypal,United Arab Emirates,East Keithborough,2081.15
cc677a59-8f89-4553-90ba-4891d6273a6d,66a4c9a0-ca95-42ec-b615-ee072b4afe15,Matthew Vega,isaac51@example.org,PROD-9071,Function-based didactic hub,Clothing,4,670.38,2026-05-23T04:06:59,pending,paypal,Croatia,New Gail,2681.52
0e87755f-f17f-4e0b-b6f8-c5269ed3a3b3,82ffcb24-8dd7-4531-9c31-8ffccfb371d0,Crystal Washington,gregory18@example.net,PROD-7068,Operative discrete policy,Electronics,3,884.42,2026-03-08T08:25:07,completed,credit_card,Grenada,South Jackside,2653.26
9cd7166a-26b9-4732-9a42-a3ed3c753a93,96a1a968-c564-47f7-a921-9e8282d2aa75,Douglas Juarez,sally47@example.com,PROD-2888,Enterprise-wide mission-critical attitude,Food,3,935.92,2025-06-14T20:14:44,cancelled,paypal,Nauru,Lake Travis,2807.76
3907e356-00d6-461c-a928-10c34378ca2b,34d29e07-784e-47e2-aea5-224ded38294d,Jesse Jacobs,jonesmaria@example.net,PROD-8291,Expanded intangible matrix,Food,2,950.29,2025-07-15T05:57:01,pending,bank_transfer,French Southern Territories,South Garyfort,1900.58
90afa1c5-013e-4ad0-b28b-a6006f454835,c1e1eee9-bc98-49d2-8ade-8695c37b16c4,Meredith Wilson,dshah@example.com,PROD-8245,Centralized mission-critical core,Books,1,570.03,2025-11-22T03:14:54,completed,paypal,Ecuador,Jacobside,570.03
dd15df7e-865f-4af9-b4b3-1be59f78f441,f9e4fab7-3d0c-4541-8c31-2d10b4829840,Jack Hunter,henrypham@example.net,PROD-2152,Intuitive bifurcated contingency,Food,4,578.55,2025-10-09T08:09:44,pending,paypal,Falkland Islands (Malvinas),Lake Mauricetown,2314.2
6686da13-c26f-41eb-af15-8c6cb76ac390,1fca647b-3dd9-49b4-a1a6-f43108d3d368,Benjamin Duran,wadejames@example.com,PROD-7256,Focused directional moratorium,Sports,5,673.68,2026-01-17T07:44:43,pending,credit_card,Papua New Guinea,Emilyville,3368.4
e4dca0fc-c2f6-4f7d-9e0e-1b2b03590b6c,e6fc6015-c164-4816-b754-ace115c8efeb,Kelly Jones,stonebrian@example.com,PROD-3500,Enterprise-wide incremental challenge,Books,10,801.38,2025-09-10T08:33:23,pending,paypal,Georgia,Ericland,8013.8
41a6603f-e42b-4ce2-a0cc-bc2956826f02,6709c3e1-71d4-440e-8b7b-c2dcd00c579b,Tammy Simmons,morriseddie@example.net,PROD-2472,Vision-oriented directional secured line,Clothing,7,401.85,2026-01-05T13:01:09,pending,paypal,Grenada,West Chrishaven,2812.95
eabb496c-76e1-4a1c-bbc7-8897ac0118ec,86f6532f-ceb5-425d-a8ef-9380575247e2,Veronica Peters,amyfischer@example.org,PROD-9005,Triple-buffered tertiary analyzer,Sports,10,340.65,2026-01-11T21:04:32,cancelled,bank_transfer,French Guiana,Amberland,3406.5
68e99559-eb42-4296-996f-31a6db102dce,57c4d183-336d-49e9-80a6-013a5774a91b,Travis Berry,tyler76@example.com,PROD-3147,Monitored object-oriented throughput,Sports,9,583.09,2025-08-22T21:02:55,cancelled,paypal,Belgium,Chloefort,5247.81
91ed3e3a-839d-4b6b-906f-8fda3e66f393,8b52bccc-8f8b-468d-a5ec-c147ce2941cd,Robert Carey,spencer06@example.net,PROD-8227,Upgradable content-based alliance,Food,6,773.07,2026-01-29T02:08:54,completed,credit_card,Kazakhstan,Mcdonaldland,4638.42
6bb252c2-c80f-4237-b82d-6328b6abba99,432176e5-5c11-4a5c-bef5-626961fe15c5,Pamela Griffin,brose@example.net,PROD-8419,Decentralized asynchronous software,Electronics,7,704.5,2025-08-19T15:53:37,cancelled,credit_card,Vietnam,New Daniellechester,4931.5
e4e3e1d2-23d8-4149-abdc-c39ff45aeed2,68a8690f-eecb-487e-9401-b814588c54b9,Michael Walker,joshua10@example.org,PROD-5495,Profit-focused clear-thinking info-mediaries,Books,2,85.9,2026-01-19T08:18:35,pending,credit_card,Croatia,Lake Erinport,171.8
cf706667-7975-4d49-b176-d7332e0dbe41,06124a8e-8385-4d71-ba9e-06e809e94e5e,Sara Hoffman,cameronhoward@example.net,PROD-5898,User-centric system-worthy capability,Food,10,743.78,2026-04-08T15:04:26,cancelled,credit_card,Gibraltar,West Ryanton,7437.8
f89cda01-19d9-4d51-a020-5eb732156ed7,0bae1ac1-3a1e-497e-b9f4-562edd0a3570,Adam Freeman,brittany00@example.com,PROD-1433,Open-source bottom-line success,Food,4,45.15,2025-06-12T18:27:19,pending,credit_card,Guatemala,South Dale,180.6
da469caa-8fdd-49ab-9c8e-ef31822f4b05,7989656a-e53c-4ff4-8512-c4e53ee005fc,Jessica Thompson,jamescarpenter@example.org,PROD-1055,Optimized background encoding,Books,6,717.63,2026-03-09T03:58:30,cancelled,paypal,Gambia,Jennashire,4305.78
6d175825-b09d-499a-8e0e-0ed61f9dbf24,04c5969d-99c4-4dee-8932-ce25bab4c9f4,Brian Palmer,jennadavis@example.net,PROD-1822,Customer-focused bottom-line matrices,Sports,1,294.7,2025-10-20T22:05:09,completed,bank_transfer,Kiribati,Wrightmouth,294.7
40920bfd-d45f-44c8-9961-fddccd3a01e2,0b747c7b-75a0-4c2c-8c17-6448b315d9f8,Lori Collins,xwhitney@example.net,PROD-5457,Vision-oriented secondary functionalities,Clothing,7,993.74,2025-10-01T08:41:00,pending,credit_card,Cyprus,West Rebecca,6956.18
d91cd385-327b-40cc-bfa0-12693c6356d6,81e6e72a-8a6b-4ab7-ac75-caf5082902aa,Angela Rasmussen,vanessa16@example.org,PROD-5394,User-centric upward-trending budgetary management,Clothing,3,133.39,2025-08-28T20:51:06,pending,bank_transfer,Nicaragua,North Shannonfort,400.17
4caa49f0-47b4-45e0-a80a-b39e88b793ff,86d26aae-fa15-493a-802b-548f53239d23,Thomas Taylor,gjacobs@example.net,PROD-2310,Cloned global projection,Clothing,7,852.38,2026-05-26T02:52:50,cancelled,paypal,Moldova,Burtonbury,5966.66
a196676e-e9ab-4ca5-8c19-627eb8476e91,7dec4fff-51a9-4417-9b85-b9980a204858,James Murray,jeremypatterson@example.com,PROD-6222,Compatible heuristic capability,Clothing,3,810.33,2025-06-30T19:19:35,cancelled,paypal,Bouvet Island (Bouvetoya),South Laurahaven,2430.99
cdea0515-fdba-426a-b551-d6b9f62edb2b,e18acbd3-faae-4746-a38e-83273c7dcade,Amber Hall,sampsonbrenda@example.org,PROD-5341,Expanded zero-defect time-frame,Food,2,18.59,2025-12-20T21:01:39,cancelled,credit_card,Libyan Arab Jamahiriya,North Juanport,37.18
4729a949-3033-4634-bf14-8968336e0997,f2eaa8e8-ec6c-495d-8e2c-cd90c4d6c1a4,Christopher Brown,donaldgray@example.net,PROD-6146,Customizable stable methodology,Books,4,899.04,2025-08-01T12:59:26,pending,credit_card,Tanzania,Port Robin,3596.16
f9a33629-1771-4c4f-9881-9ed09d9d0600,59f8b2b5-a902-4637-8502-5bd8127c1da4,Melissa Smith,james50@example.org,PROD-9870,User-friendly tertiary software,Sports,3,676.23,2025-12-09T23:08:41,completed,paypal,Rwanda,Brownborough,2028.69
84cb918d-d62d-4b09-8df8-b61d916c9c5f,971acbe4-53aa-4d20-b5cd-55d70ec2abbe,Laura Garcia,lisaporter@example.org,PROD-7769,Profit-focused multi-tasking benchmark,Food,2,604.77,2025-11-04T02:43:13,pending,credit_card,Bangladesh,West Colleenfurt,1209.54
86d1d08a-06d1-4821-9903-107424f9a6bc,66d0bb81-15b7-4b44-9111-9a384204bc6d,Cheryl Hernandez,jmorrison@example.net,PROD-8452,Triple-buffered actuating superstructure,Food,10,910.02,2026-05-23T16:31:36,completed,credit_card,Timor-Leste,East Scott,9100.2
3a5f9ad6-1b48-47bd-91f6-d77a86a46797,ef775b82-6b45-4c8f-8e96-727dabe36290,Bryan Phillips,keithtaylor@example.com,PROD-1550,Total optimal support,Sports,3,317.59,2026-05-06T00:35:50,pending,credit_card,Slovenia,New Matthewchester,952.77
2d0fe4e7-7ffd-43ad-9674-f8174f9c5adb,673df09c-030d-437d-8559-17bb044c29b8,Jessica Moody,nberry@example.org,PROD-8051,Function-based hybrid groupware,Books,8,66.26,2025-09-11T10:13:12,cancelled,bank_transfer,Guyana,Port Kimberlyfort,530.08
928fd2a0-c2a1-4abd-99bd-fdc1e79aaa98,8192c9a3-90cd-4ece-ad5a-d26e419fa678,Fred Gutierrez,froman@example.org,PROD-2948,Proactive eco-centric model,Sports,10,400.6,2025-12-22T18:25:38,cancelled,credit_card,South Georgia and the South Sandwich Islands,East Marystad,4006.0
59e79c48-4838-4f89-8f0e-f1e319be8067,670d231a-11d7-4d68-b0ab-89810b0f58b2,Jennifer Cook,erin20@example.org,PROD-8236,Customizable asynchronous hardware,Clothing,8,571.62,2025-10-26T16:37:26,cancelled,credit_card,South Georgia and the South Sandwich Islands,Port Jermaine,4572.96
15e72132-9064-4d37-8de9-44d7b6661fec,7abe78e5-ddbd-40a9-b954-da6e51c20675,Jonathan Johnson,tatealan@example.net,PROD-6253,Enhanced fault-tolerant matrix,Sports,3,678.7,2025-09-29T06:36:54,completed,credit_card,Peru,Lake Shaunstad,2036.1
de8e8da8-e2ff-4759-b346-f66fa8db8925,8aa96078-895a-4dee-b78f-95241c1a14a6,Tammy Jones,woodronald@example.com,PROD-3885,Virtual even-keeled policy,Books,6,746.64,2026-05-27T03:29:15,completed,credit_card,Canada,South Dawn,4479.84
d228d455-fbe3-4f02-8b38-948de17ec732,954dd67a-ab94-403e-9f18-974cbe42f87e,Aaron Stone,kara91@example.com,PROD-9743,Fully-configurable demand-driven monitoring,Sports,10,370.07,2025-06-30T04:08:32,pending,bank_transfer,Micronesia,Woodston,3700.7
2418c1a8-5207-4da7-803a-6b58a2b21699,33f0b350-2f27-4195-b669-672d81bf0e40,Heather Williams,kathleenhess@example.net,PROD-9966,Inverse national intranet,Electronics,4,351.13,2025-09-14T23:10:26,pending,bank_transfer,Macao,West Matthewville,1404.52
03c538fa-0cb2-4bea-b228-10d9f5fc6f5b,7a46c6b8-3d5e-4404-a2b7-3bfc05c3bc9f,David Pratt,mendozamichael@example.com,PROD-6777,Cross-platform homogeneous focus group,Electronics,2,618.18,2025-12-08T02:49:18,completed,paypal,South Georgia and the South Sandwich Islands,Kellyport,1236.36
82b662ec-5a47-4069-94b1-9727981936b4,20bb9ed1-f6c4-440f-8075-4f79c7313e0f,Jacob Hamilton,rhondabowen@example.com,PROD-3347,User-centric 24hour methodology,Books,6,517.5,2026-05-14T14:29:32,completed,credit_card,Syrian Arab Republic,Lake Jenna,3105.0
7807f20f-7ded-4dd0-818f-0005e0d7aaf8,2683a46f-a78e-4f0b-b6e9-774040fe536a,Eric Arnold MD,ginasmith@example.net,PROD-3222,Sharable mobile definition,Books,3,290.53,2025-07-08T17:17:58,pending,bank_transfer,Micronesia,West Kimberlyburgh,871.59
01d1b960-86c1-41f7-b04b-be55bb73309b,7b292f31-59dc-475c-91fe-d48a03169260,Debra Martin,cschwartz@example.com,PROD-6546,Polarized 5thgeneration throughput,Food,6,121.81,2025-07-31T07:43:38,cancelled,paypal,Romania,Lake Sydney,730.86
e97c0392-fb39-45c8-a7b0-881551e27dc4,2b5cdd55-7764-4701-a2e1-1b48263a3c96,Rodney Kelley,usmith@example.org,PROD-1478,De-engineered bifurcated parallelism,Electronics,8,58.27,2025-12-03T17:33:40,pending,bank_transfer,Djibouti,New Cassandra,466.16
5526a4ab-9f4b-4779-a904-4839e8f3ef7a,b7924daa-f35c-486e-8c1b-a818a36819fd,Jackson Barnes,jenniferjohnson@example.org,PROD-7879,Cross-platform bifurcated software,Sports,3,986.04,2025-09-16T22:53:22,cancelled,bank_transfer,Saint Lucia,East Erin,2958.12
a4ea8912-27d6-4aaf-82f7-b828302b1d8b,fadae8b7-cdbf-4359-8f7a-068cc2b27ad1,Marc Thompson,bradley84@example.com,PROD-5433,Business-focused local initiative,Sports,8,191.17,2025-10-03T23:40:34,completed,paypal,Ecuador,Carolineton,1529.36
91134a6d-671c-4d5a-bbd6-c36d38bfa6ca,783e8c1d-22f6-4224-a9eb-b3c0e44e530e,Nathan Wong,jenniferwiley@example.org,PROD-9341,Object-based systematic knowledgebase,Food,3,305.68,2025-09-18T17:21:55,cancelled,bank_transfer,Saint Martin,Port Paulaburgh,917.04
4f472913-5034-4928-a4b6-20e75b8cb2cb,b43bb1a4-b536-4649-bddf-a8bdfbe894c3,Margaret Green,kyle51@example.com,PROD-2603,Upgradable uniform toolset,Sports,3,592.57,2025-12-04T20:06:44,pending,credit_card,New Zealand,South Steventown,1777.71
4bff38f1-790a-42db-a27c-0f67ea1b3059,1ddc8b92-58b2-4a24-a946-643e88495c24,Kristina Johnson,lovepatrick@example.org,PROD-3083,Configurable 24/7 database,Sports,9,390.77,2026-03-30T14:14:21,pending,paypal,Vietnam,Andrewsstad,3516.93
b2d0f06c-9487-4a7a-9af5-f9bbb92589a8,448e5849-8b55-41fe-b282-41ea4566f9e5,Jonathan Miller,blackburnmichael@example.com,PROD-5151,Implemented 5thgeneration intranet,Clothing,5,873.22,2026-03-12T00:51:09,completed,paypal,Spain,Port Timothy,4366.1
0fe725f1-5431-44ad-9518-f4ed3d280bd9,9c4012f4-5110-4baa-bf75-af59fe204efc,Alejandra Valdez,devin36@example.net,PROD-1122,Integrated static application,Food,10,508.37,2025-12-22T05:38:36,cancelled,paypal,Greece,Moralesside,5083.7
716494c9-3812-424f-86cf-3709a7066dcf,93f271cd-dcfb-4a1d-8979-b4e52dd85bfa,Donald Ashley,andrewwells@example.net,PROD-2282,Customizable demand-driven definition,Books,9,924.37,2025-06-07T22:15:43,pending,bank_transfer,Bolivia,West Michael,8319.33
4cbd4101-e08e-478b-b142-e27cd2a4f672,2b462464-f51a-4f18-b7f6-bcfcbd1cd99f,Barry Walker,matthew80@example.org,PROD-2523,Ameliorated impactful architecture,Books,6,732.99,2025-08-31T23:08:22,completed,credit_card,Dominican Republic,Port Robinport,4397.94
b0febf66-7576-4f82-a080-c21cf12dcb1a,3b22f93b-9eef-4815-8817-b9801def1fd5,Marvin Murphy,ashleyrocha@example.com,PROD-4143,Multi-layered contextually-based encryption,Sports,5,22.16,2026-06-03T21:36:32,completed,credit_card,Rwanda,Anneshire,110.8
91e3d365-db03-4ec7-ae42-c957663ca8e8,c6a1811e-d6bf-4438-93b4-ae3c57454073,Larry Glass,kimberlyanderson@example.net,PROD-4705,Polarized high-level application,Electronics,5,679.04,2025-09-14T10:13:22,completed,paypal,Iraq,East Amanda,3395.2
9a93d513-bd75-47e3-a62d-e26b4cab6b91,1b69edbc-f63c-4c32-a669-d66c5a098cec,Theresa Gibson,shawn31@example.org,PROD-7949,Innovative 4thgeneration instruction set,Food,9,642.79,2025-11-05T21:36:22,completed,paypal,Cambodia,Lawrenceberg,5785.11
ca07135d-41e1-4cfe-bd5e-3024e0f76a7a,44143a77-8fd2-4e2a-b44f-6796cfb87061,Sabrina Daniels MD,michael64@example.net,PROD-5531,Grass-roots value-added structure,Electronics,9,718.48,2025-10-14T12:23:14,completed,credit_card,Honduras,East Alyssa,6466.32
e31446c7-d7c0-4604-acf8-066f5b098dcc,6047bb1d-ece0-4d4f-9203-d3de6a29bd42,Melissa Warner,laura63@example.net,PROD-6368,Open-architected coherent secured line,Electronics,10,195.55,2026-04-15T02:12:44,pending,bank_transfer,Vietnam,North Brianburgh,1955.5
be9ade1f-4fa6-451a-8aff-dde421a89e6b,96f0606e-e2b8-4840-98aa-e9ec05076e56,Linda Jackson,patricia05@example.com,PROD-5277,Configurable well-modulated core,Electronics,1,371.02,2026-03-05T02:04:03,cancelled,credit_card,Botswana,East Stephen,371.02
73a90cda-4ba7-4de6-a6df-45fd2f4f4a80,40d4fea6-9647-494a-9e78-1148ab751863,Haley Salazar,karendowns@example.net,PROD-5995,Persistent executive customer loyalty,Electronics,10,341.26,2025-06-30T01:25:30,cancelled,paypal,Morocco,Wileyburgh,3412.6
ee06821a-c7d5-47e7-8cc4-ed9df6b2f015,a2934eda-a2ef-4787-bc0c-46af8f32c06a,David Blake,briana09@example.org,PROD-8928,Exclusive national encoding,Books,7,78.54,2026-05-02T20:33:07,cancelled,credit_card,Austria,Samuelborough,549.78
324569b1-8919-4a2c-b775-fe5315744a33,4395daec-5b39-4201-9827-743ba514354e,Maria Mcintyre,robertmcclain@example.org,PROD-7411,Optional composite support,Electronics,6,889.44,2026-01-13T15:26:06,pending,paypal,Luxembourg,Lake Gracetown,5336.64
80703716-e879-4bc6-9890-132f994faa3f,77c47eca-2086-4b84-b34a-2940c7ce6e1a,Elizabeth Harmon,vnorton@example.net,PROD-8996,Cross-group web-enabled artificial intelligence,Clothing,10,716.95,2026-02-02T03:13:16,completed,credit_card,Madagascar,Lake Haroldfort,7169.5
9268cfa9-9ef2-4cd1-a21f-d18fe4b5856d,15acd0db-18dd-4c22-9eef-caab6586d857,Steven Lopez,christine65@example.org,PROD-3523,Seamless asynchronous structure,Food,4,551.41,2025-10-30T20:13:28,cancelled,credit_card,Thailand,Port Brucebury,2205.64
208b1556-3e55-4942-900e-2a568dfab240,ded84442-2e32-434a-bdac-71fc8f727cb7,Charlene Gutierrez,jjohnson@example.com,PROD-5886,Streamlined homogeneous info-mediaries,Electronics,10,933.55,2026-02-24T17:09:51,cancelled,paypal,Mozambique,West Michelle,9335.5
0e1abfc8-720c-44f5-a38d-18c98deb0678,e3daf6a5-0286-45b2-9cfe-c9075c992ca7,Donald Miller,gonzalezrickey@example.com,PROD-6419,Persistent user-facing functionalities,Electronics,4,872.63,2026-05-02T12:03:02,completed,paypal,Armenia,Goodchester,3490.52
1ec859eb-33c4-4960-82e6-c4f64da74f61,f2ab393e-021a-4760-b336-be67659e0385,Lacey Wilson,gonzalezshawn@example.org,PROD-7490,Managed tertiary core,Electronics,3,141.71,2026-05-26T12:42:55,cancelled,paypal,United States Virgin Islands,Rodriguezbury,425.13
97fb17f8-4909-4f8c-baa9-20c79a95caca,dd4c1c04-a5ad-4aa4-80b6-1dca6fa78565,Mary Harrison,medinathomas@example.com,PROD-4660,Innovative tertiary hierarchy,Clothing,4,506.53,2026-02-10T17:30:20,pending,credit_card,Botswana,Scottmouth,2026.12
7f75730d-57e7-4707-9776-29692faf1763,f4c7a111-1fe8-4d7a-85a6-9052a4101d35,Jonathan Roberts,dgamble@example.net,PROD-5957,Extended analyzing attitude,Books,10,120.72,2025-06-16T04:43:02,completed,credit_card,Montenegro,South Matthew,1207.2
f2d0a13e-db20-475f-8d7b-11a1c41bd24c,860101fe-dbf6-4500-a85b-4f522011f7b2,Nicole Hooper,ythomas@example.org,PROD-5931,Managed cohesive installation,Books,5,289.63,2025-08-15T16:51:36,pending,credit_card,Estonia,Patriciastad,1448.15
48d2eb46-0078-44ae-b8ef-b4284412e587,6503a702-aeb6-4b0f-9614-59f96301741d,Elijah Griffith,peter47@example.com,PROD-3618,Integrated executive Internet solution,Clothing,9,553.46,2025-06-24T17:22:18,pending,bank_transfer,Uganda,Port Patrick,4981.14
3eabc2ae-b6e6-4dd1-83d7-5865529611af,68fa5e4f-e8ff-4414-8efa-2b8973ec765b,Julie Matthews,whitenathan@example.net,PROD-8368,Seamless coherent focus group,Electronics,2,452.01,2026-01-25T21:37:13,completed,bank_transfer,Albania,New Sherriport,904.02
3563c2ba-69a9-4ab5-8246-fcd9fafebaf2,70c98bb6-c1fc-469a-a2ef-797312267e92,Barry Klein,cbarker@example.net,PROD-9050,Networked foreground info-mediaries,Books,4,788.14,2026-05-24T20:28:22,pending,paypal,Netherlands Antilles,Ortizshire,3152.56
0f3f92f1-be59-432f-9d49-9247a25bbcd6,a592d30c-31d7-47f5-926c-1613732c4538,Russell Hall,brian48@example.net,PROD-4965,Function-based encompassing encoding,Books,10,122.88,2026-01-15T15:35:34,cancelled,bank_transfer,Western Sahara,Nicholasburgh,1228.8
c95b8777-4b10-4f77-9f58-e220bc17fb72,73f70df9-1307-45db-8d38-8915e3274480,Derek Watkins,michaelrollins@example.net,PROD-7524,Team-oriented bifurcated Internet solution,Clothing,8,268.79,2026-05-22T02:47:27,pending,paypal,Burundi,Fosterview,2150.32
f3604f6f-591b-4c90-83f3-803336f0d45e,23a81126-055e-4b8c-aa9f-6c5a886999f7,Christian Armstrong,anajohnson@example.com,PROD-7023,Business-focused exuding middleware,Food,9,932.9,2026-06-04T01:13:05,cancelled,credit_card,British Indian Ocean Territory (Chagos Archipelago),Lake Donna,8396.1
0cbefa9d-1886-433b-bf6e-68ebe21eb536,8dbfcafb-545c-44f8-a112-69c0c92b0b54,Matthew Gray,tapiajames@example.net,PROD-3824,Organized cohesive info-mediaries,Books,6,81.35,2025-11-25T01:48:02,completed,paypal,Senegal,Parksside,488.1
c8d08f9e-7214-4e22-b129-e6310dd10d3a,1a9eee65-8c9f-4999-b496-061c76a1dd84,Hannah Nguyen,yorr@example.net,PROD-7195,User-centric analyzing synergy,Electronics,10,128.82,2025-06-13T07:22:22,pending,bank_transfer,Sri Lanka,Lake Davidland,1288.2
2940d875-13fa-495e-9ee1-a50d29fdf313,ed0ea8bb-8d51-4a5a-9cc1-7b33fe84d29b,Derrick Colon,gregorypierce@example.org,PROD-6510,Cross-group national focus group,Books,4,349.04,2026-04-07T09:24:29,completed,bank_transfer,South Georgia and the South Sandwich Islands,South Stevenmouth,1396.16
eaaa0681-2aa8-4685-9e49-d6f34dcd3664,87862317-8325-4185-b84e-7fcc7e84e214,Katrina Dyer,marksanchez@example.org,PROD-4564,Progressive mission-critical benchmark,Electronics,2,814.36,2026-04-07T22:53:27,completed,credit_card,Tunisia,North Kenneth,1628.72
32274f45-ce56-47c9-8d65-15fe03f8f809,d9782e11-a9c1-4812-ada4-b18a76e4e84c,Daniel Gomez,willie42@example.net,PROD-3625,Programmable interactive open system,Clothing,5,269.35,2025-09-15T00:47:18,cancelled,bank_transfer,Christmas Island,South David,1346.75
172e93a1-bb33-41d7-ad73-46ec1ce42ec4,e907d72d-45df-461f-bbc1-2f18aa7775ec,Mary Bailey,olivia00@example.com,PROD-4791,Ameliorated zero tolerance Internet solution,Books,1,685.21,2026-01-30T12:23:08,cancelled,paypal,Belarus,New Morganland,685.21
6838d35d-972e-4846-9e54-22bb0b132f44,701817fc-5fd3-4a87-b8d8-b23570612936,Hector Hall,bellmichael@example.org,PROD-8328,Cloned object-oriented hierarchy,Sports,5,549.41,2026-03-15T14:09:09,pending,paypal,Burkina Faso,Bradshawshire,2747.05
b5a47016-72c4-49b6-bd2d-bec5abad321e,7e97e99b-d162-4cf1-b201-8aec950b6d8b,Brian Williams,bonniethomas@example.org,PROD-6469,Vision-oriented client-driven ability,Clothing,9,139.21,2026-03-06T05:38:38,pending,credit_card,Iraq,East Stevenstad,1252.89
c2ea2997-ab7b-4f6d-a0d7-2a3a133c28d1,e2bdb18e-fa1e-43b2-bf96-307b246d8078,Corey Jones,timothymercado@example.net,PROD-1848,Multi-layered multi-tasking hierarchy,Books,8,749.58,2026-01-19T15:25:20,cancelled,credit_card,United States Minor Outlying Islands,Bartlettfurt,5996.64
c101e443-bd77-4798-b18c-523e90733c13,c001a353-deb1-4d1e-97b4-d449674e38a8,Jacob Martin,carolinesanders@example.org,PROD-4324,Fully-configurable 3rdgeneration extranet,Food,9,697.28,2025-06-19T03:47:02,pending,bank_transfer,Romania,East Kristenport,6275.52
b745d801-66a9-4a12-b5f9-b90d381f866e,7ec1d823-e22e-49fe-9cff-3a6fe6b4999d,Kimberly Johnson,matthew03@example.com,PROD-6019,Secured clear-thinking circuit,Electronics,5,854.75,2026-04-17T17:40:43,completed,bank_transfer,Bulgaria,Markmouth,4273.75
b34969c7-6edf-4abb-8e71-de82e03faab0,f68488c9-e48e-4a70-8c90-e478bb2b68d2,William Willis,hickscourtney@example.com,PROD-1479,Open-source real-time hardware,Sports,1,625.03,2026-05-11T10:27:17,completed,credit_card,Seychelles,Hollyberg,625.03
49483a16-f29d-4ff4-815c-0580b982e09c,a9840519-0ce6-4194-9f34-8809cc9e7360,Jamie Hudson,melissa08@example.org,PROD-3769,Adaptive value-added analyzer,Books,10,741.67,2025-06-17T04:37:21,completed,paypal,Tunisia,Stephenside,7416.7
ba98a2a2-9648-4d85-9166-ea4b0b1b9b4d,7beea8ba-364d-4e28-9d8c-743ece8d52cb,Jason Lara,phoward@example.org,PROD-6676,Managed attitude-oriented instruction set,Books,4,250.79,2025-07-29T20:56:42,completed,bank_transfer,Holy See (Vatican City State),Bentonville,1003.16
8f6eccac-a710-48a7-8ce1-b0b2e96ddefb,198733f7-fba7-4bfc-b8da-25ba3b2f85cd,Michelle Grant,kristinweaver@example.net,PROD-8213,Re-engineered asynchronous success,Clothing,1,520.45,2025-06-19T07:16:20,completed,bank_transfer,El Salvador,South Erinborough,520.45
505e0c9b-7652-4ba4-9e96-f496645e13f4,630fded2-d74b-445d-bbd8-cee2444063af,Brian Bond,alex29@example.net,PROD-4244,Adaptive optimizing array,Books,9,509.28,2026-04-26T01:09:54,completed,bank_transfer,Zimbabwe,New Edwardmouth,4583.52
92085d6a-2a57-4a3a-9ba2-e7906e823b9f,72a80780-4635-4338-a5a5-118f69369619,Elizabeth Frank,jerry19@example.org,PROD-7573,Assimilated 5thgeneration functionalities,Food,5,886.89,2025-07-25T01:20:56,cancelled,paypal,Greenland,North Julie,4434.45
64dafd14-7787-47e7-b6be-8dd7f14b3dee,1c758401-c3d4-4551-9f41-8e4a715911d8,Diane Davenport,laurahiggins@example.com,PROD-2064,Organic explicit model,Clothing,1,97.99,2026-02-16T12:11:03,cancelled,paypal,Antarctica (the territory South of 60 deg S),West Patricia,97.99
5ce116f1-9c52-4192-9a84-f4bbefd1054a,2ba646e7-92ac-4269-b239-1a51424d18a4,John Alexander,jessica15@example.org,PROD-5791,Persistent didactic info-mediaries,Sports,2,84.1,2025-09-14T05:59:13,cancelled,bank_transfer,Singapore,Lake Josephton,168.2
d9be423a-98d4-416e-93ef-4cea4096149b,07d3c0ed-211e-43d4-bf99-7cf77d880eb2,Dr. Christopher Adams,rodriguezkimberly@example.com,PROD-5342,Fully-configurable demand-driven matrix,Sports,10,660.54,2025-09-16T05:34:26,pending,bank_transfer,Northern Mariana Islands,North Jeremy,6605.4
e8141d28-89a2-4824-a3d1-758eee72fc1a,25ee74f7-9f8d-4b85-ae8f-5ab4edfe33a8,John Wilson,morenojustin@example.org,PROD-1223,Integrated contextually-based functionalities,Books,5,338.27,2026-01-14T11:29:51,cancelled,bank_transfer,Egypt,South Jamesshire,1691.35
9df90d7e-8580-48a4-bff7-b7d41e47dd89,96fcd313-3b69-4597-b990-c1d07b48ddcb,Patrick Wright,adamjohnson@example.org,PROD-5150,Compatible high-level workforce,Food,2,621.72,2025-11-08T04:46:03,cancelled,bank_transfer,El Salvador,New Susanberg,1243.44
955750c9-31f6-400f-a41a-b24ccd6b7177,f1bf0b3b-76d9-464b-a13a-0482c1ede7cc,Jonathan Lane,eric61@example.com,PROD-5704,Devolved analyzing process improvement,Electronics,5,758.24,2025-09-07T20:23:22,cancelled,bank_transfer,Netherlands Antilles,North Samanthamouth,3791.2
d70a039e-30f3-43a0-a3b4-dd3efbc255c8,95de751c-b597-4919-9502-c0f4ed147cd6,James Henderson,anthony55@example.org,PROD-2143,Cross-platform static parallelism,Books,7,133.45,2026-03-04T17:14:55,pending,bank_transfer,Saudi Arabia,North Michael,934.15
b2cab09a-d7c5-4f24-b870-7d09dacf8d91,ec79a3fd-bef5-4fbc-abb5-3a5bbf66c269,Kathryn Brady,timothy75@example.org,PROD-4004,Visionary bottom-line contingency,Electronics,1,132.94,2025-09-27T18:05:22,cancelled,credit_card,Bahrain,Hortonburgh,132.94
786ed9d4-3c41-4f29-85b7-c545f3177318,b44d3705-af75-4d77-9a2d-72d2833ac45f,Stephanie Davidson,rebeccasmith@example.org,PROD-6328,Cross-platform intermediate installation,Food,7,936.9,2026-05-29T08:54:58,pending,credit_card,Poland,North Heatherport,6558.3
9d436fab-d43a-40fb-aef5-922a56dfb683,045007b6-1c0c-419e-9ae6-b937027d6aac,John Wheeler,oguzman@example.com,PROD-3132,Inverse neutral function,Books,1,790.56,2025-08-19T07:19:12,completed,paypal,Nepal,West Brandyside,790.56
c34746f7-d02f-4f2e-8265-bfdb6d094790,8628a146-aa50-4754-910d-40abdab4cb3a,Molly Winters,josephanderson@example.net,PROD-1144,Organic composite leverage,Books,6,605.67,2025-09-03T06:00:17,pending,credit_card,Lithuania,Russellland,3634.02
0e9f66e9-3d04-470a-9d18-92c685c452b3,307cf95a-13d4-48dc-a0e7-e3e5211b30ff,Jennifer Arias,yvonne31@example.org,PROD-5575,Ameliorated discrete forecast,Food,5,359.48,2025-11-16T12:22:41,cancelled,bank_transfer,Rwanda,South Emily,1797.4
5dd6c7ae-6c41-45b8-938d-20c37dc9ccdd,f1112042-c227-455c-9071-21596d895f9f,Travis Kramer,haguilar@example.com,PROD-7656,Re-engineered didactic database,Sports,7,774.66,2026-02-15T09:33:35,cancelled,credit_card,Italy,West Tracy,5422.62
c4fda96d-c070-4d4d-8a04-397865d592fd,839e77ee-4851-44e6-b9fc-04f9d1c3dd8d,Gregory Brown,carrolljacqueline@example.net,PROD-2445,Realigned secondary orchestration,Electronics,10,747.89,2025-07-05T08:15:09,pending,bank_transfer,Mauritius,New Jasonburgh,7478.9
51ed33c9-7d6c-4e4b-ae68-a98696cfd92c,7f7a5ff2-a7cc-4358-bffe-ad53fd2c08bf,Pam Pruitt,fullerthomas@example.com,PROD-4434,Configurable bottom-line initiative,Sports,3,371.07,2025-07-09T14:25:13,cancelled,bank_transfer,Lao People's Democratic Republic,Port Robert,1113.21
fdc5cc5d-9b93-4b63-9973-325700226a91,bc7dda01-47ba-4f1f-8adb-65d3398329dd,Sara Reed,flucas@example.com,PROD-3679,Triple-buffered cohesive infrastructure,Food,3,110.54,2025-09-21T02:15:57,pending,paypal,Martinique,Pollardview,331.62
9c3d02a8-43f5-4bc2-9cc8-d05b79e6796c,8cc07901-6ee1-4330-8b16-14dedef9a8a6,Zachary Brewer,lgarrett@example.net,PROD-9696,Focused interactive model,Books,1,381.17,2026-04-14T08:41:13,cancelled,credit_card,Niue,Kathleenview,381.17
7889d99f-deac-4e1a-96c8-57c754fbdddc,fd3a0c05-1fdf-412b-9f59-dd3294196f01,Ryan Allison,paulmaldonado@example.net,PROD-1338,Reduced attitude-oriented implementation,Sports,6,749.06,2025-08-30T06:27:02,completed,bank_transfer,Trinidad and Tobago,South Latasha,4494.36
0eac089a-74cd-42a5-bf37-b300915976f8,a89e2540-f408-4264-baf0-059849f894f9,Maria James,walter05@example.net,PROD-3665,Monitored transitional migration,Books,2,230.78,2025-09-24T03:35:01,pending,paypal,Armenia,West Patriciatown,461.56
2c80839a-64d5-4b22-a5f5-d754a906dd7d,2ec904dd-9d5e-48a5-84a0-bf836420188a,Steven Garcia,damonconrad@example.com,PROD-8741,Virtual disintermediate hub,Books,2,437.9,2026-05-28T23:54:48,cancelled,bank_transfer,Paraguay,South David,875.8
1529258e-cfc1-434f-a933-847c08516485,fd3a713a-22d5-44ab-8ebe-cbd8256bc6e3,Brian Fry,olee@example.com,PROD-3231,Realigned tertiary open architecture,Sports,7,156.75,2025-08-06T20:51:30,cancelled,credit_card,Iceland,Nguyenport,1097.25
5f107a27-fd59-4c69-9f44-74fa0b4b28c1,4de2bebe-4c10-44a9-b30d-f1a1e3291e69,Shawn Ray,jamie44@example.com,PROD-8677,Quality-focused exuding challenge,Electronics,1,716.95,2026-02-02T08:22:55,cancelled,credit_card,Palestinian Territory,Port Rita,716.95
e2a003ad-3bdf-4928-80ed-7f52e9e19b4e,3ab4cf18-315c-4d0b-976d-e1fb13dc5e22,Cynthia Horton,wendyhenry@example.net,PROD-1355,Persevering scalable encryption,Clothing,9,443.79,2025-06-21T02:54:58,cancelled,bank_transfer,Palau,Melissaton,3994.11
51fdbbfb-dac7-4e59-82b5-d2f7a1b9f35c,39ddf861-d1bb-4804-8211-8d11f19e15b2,Cheryl Stewart,deborahharris@example.net,PROD-4398,Versatile bottom-line implementation,Clothing,8,563.87,2026-04-28T10:48:42,cancelled,bank_transfer,Israel,Port Manuelview,4510.96
8d753009-9a7d-479f-b3b2-e0c3aa44878a,0d48542b-4551-4535-b5d6-9add44d431e2,Sydney Hunt,fcole@example.com,PROD-5045,Exclusive zero administration instruction set,Books,9,230.64,2025-12-29T15:38:02,pending,bank_transfer,Holy See (Vatican City State),Port Jose,2075.76
e35af22f-a5f9-4de3-9ee8-cdb25e66df19,5446034e-5edf-4225-8a31-822be03b0482,Nicholas Mitchell,bruce17@example.com,PROD-8917,Customer-focused hybrid productivity,Electronics,9,438.69,2026-04-23T16:17:34,completed,bank_transfer,Sweden,East Brian,3948.21
d694868b-23dd-4239-8d05-a6393f4431bb,2a4b2d0c-1d5c-439c-b7d9-e10a66161771,Charles Johnson,rmartin@example.org,PROD-8640,Virtual even-keeled adapter,Books,1,318.32,2025-10-12T03:41:42,pending,bank_transfer,Monaco,South Dakotashire,318.32
f3ec99ab-785a-49be-a811-74c7537d1491,092663d6-6f2a-4a30-a64d-b117d1aab64a,Louis Jenkins,jsmith@example.com,PROD-6108,Automated systematic access,Clothing,9,292.68,2025-11-10T11:46:53,completed,bank_transfer,Czech Republic,Port Adrianamouth,2634.12
0fa6fd09-ad9b-4b2f-822e-bd1dae859564,ba7abbc4-59ab-481a-aad0-bc6fd568216f,Barbara Lawrence,joelmorgan@example.net,PROD-7758,Reduced human-resource workforce,Clothing,3,83.68,2026-01-12T02:21:55,pending,credit_card,Botswana,Underwoodport,251.04
4443c487-3af7-4eb5-bb4f-a128277c5769,6b36c1ab-6008-4d65-8204-9efc6a8f446a,Jack Lin,john48@example.com,PROD-8245,Compatible intermediate data-warehouse,Food,5,151.19,2025-08-26T01:06:58,completed,bank_transfer,Svalbard & Jan Mayen Islands,Perrybury,755.95
801440b1-7666-44b3-b0aa-ca0c87728962,d2bf4947-0c4b-4623-947b-7591601a721a,Jonathan Cole,icarter@example.org,PROD-8298,Quality-focused leadingedge portal,Sports,9,875.52,2026-03-11T02:02:03,cancelled,credit_card,Spain,Port Tinaville,7879.68
e957be0b-dabf-4246-9ec5-c19be99dba12,38a85575-7d7e-4113-9841-64daebbbbbaa,Sean Gomez,amysmith@example.org,PROD-4972,Secured 6thgeneration utilization,Food,7,297.02,2025-08-22T08:37:58,completed,credit_card,Tuvalu,Ericville,2079.14
4a3da8fb-d653-4835-8c77-d59563ae9f4b,0c30bced-62cf-4588-ad88-2464ec809359,Tyler Blanchard,bellrebecca@example.org,PROD-2991,Adaptive 4thgeneration software,Electronics,10,887.96,2026-04-15T14:51:09,completed,bank_transfer,Qatar,New Troymouth,8879.6
9ad60d27-86dc-4c8a-b898-b995c2247828,21c4874a-1a97-4338-a747-9de59b7fb2f2,Melissa Hernandez,tyler22@example.com,PROD-7471,Pre-emptive cohesive collaboration,Sports,2,247.24,2025-08-15T03:22:39,pending,credit_card,French Polynesia,South Brandon,494.48
02cab3df-ce46-4cf5-8a01-cfdb573fc5a5,e8d9a2af-d4a4-4be6-861e-851f539d33fa,Scott Willis,flowersmelissa@example.net,PROD-4602,Decentralized next generation application,Clothing,6,108.22,2026-01-29T05:14:44,cancelled,paypal,Ethiopia,Russellstad,649.32
f1652183-a720-471e-aed4-eed682eaa377,6505b78b-a050-4a6d-a531-6054986d8ae9,Heather Yoder,yhill@example.org,PROD-7250,Reverse-engineered local benchmark,Clothing,1,528.25,2026-05-26T23:36:53,cancelled,credit_card,Palestinian Territory,Lake Tony,528.25
71deec20-7394-44a3-b196-9817766fbbd8,7c88c018-204c-451b-ac30-7750df433d6e,Evelyn Howard,markfoster@example.org,PROD-1412,Focused asymmetric conglomeration,Electronics,7,465.2,2026-02-18T08:26:29,completed,credit_card,Libyan Arab Jamahiriya,Haroldborough,3256.4
38164a41-295e-41e9-ac23-64213c1ac241,9196ee35-ded9-4d02-9f58-38a2db462b6e,Mr. Zachary Martinez,jasonlang@example.org,PROD-8439,Exclusive transitional application,Electronics,8,291.81,2026-05-31T17:37:22,cancelled,credit_card,Madagascar,Lake Robert,2334.48
d8dbb8c1-408a-449c-91f0-7adee1f47338,49e94b8e-616d-472f-8dd2-25f626482873,Andrew Atkinson,rayfrank@example.com,PROD-7111,Compatible value-added concept,Books,8,243.05,2026-03-15T09:01:11,completed,bank_transfer,Christmas Island,Port Timothybury,1944.4
419ce3ec-91d6-4c8e-b21b-91f40712c76b,b7156acf-9028-4df1-adeb-97206c5c7603,Sara Curtis,marcoclark@example.com,PROD-4235,Vision-oriented dedicated moratorium,Food,6,959.13,2025-07-21T10:32:37,pending,paypal,Lesotho,Reginastad,5754.78
4a77aade-5e23-4d87-b9b6-47f17a3edfe1,4fce1207-b2ed-42f0-9911-b63ca843ebe6,Michael Walters,josephkeller@example.net,PROD-1422,Profound national capacity,Books,2,414.4,2025-07-08T02:53:17,cancelled,paypal,Grenada,Michaelberg,828.8
70e83924-197b-4344-b207-36705963e57e,e27e3f75-aa48-46b5-ba1b-89397da8ac86,Kendra Conley,jamie28@example.org,PROD-3563,Face-to-face tangible Local Area Network,Books,3,196.75,2026-03-05T00:41:39,cancelled,paypal,Suriname,West Amanda,590.25
50b91048-66c9-4d22-9320-2bd1251fc590,21e08eed-7511-431e-8c4a-2cf95b587a30,William Hamilton,becky68@example.org,PROD-2049,Public-key modular flexibility,Food,9,778.14,2025-11-07T12:28:42,cancelled,bank_transfer,Estonia,Josephchester,7003.26
620f1b51-5b00-46ad-a70d-abd1473fad14,2674cef4-787b-416d-a493-debbe26c0d1b,Crystal Wallace,grivera@example.org,PROD-2348,Reduced static data-warehouse,Food,6,773.97,2025-08-12T04:36:51,pending,bank_transfer,Tonga,East Bryanburgh,4643.82
759a14be-2f6b-42a7-b418-275477869543,9333a65d-489c-4d2c-a733-1a689444bce4,Katherine Ford,williammcintyre@example.com,PROD-6442,Cloned homogeneous flexibility,Electronics,2,537.28,2025-07-30T13:00:01,pending,credit_card,Albania,North Ryan,1074.56
c1a293c2-661e-4842-81c2-8f3c8f8d7a7b,e98df564-0d41-48cc-b317-adb8073889eb,Michelle Gross,ashley20@example.net,PROD-7327,Horizontal human-resource moratorium,Books,4,718.24,2025-09-30T04:41:20,cancelled,bank_transfer,Namibia,North Courtneybury,2872.96
6d23918c-7923-464b-b521-8a3a8ef7227d,99258d7e-df66-485a-809a-d75597958583,Grace Dyer,williamedwards@example.com,PROD-5643,Object-based asynchronous benchmark,Electronics,4,638.42,2025-10-23T16:32:41,pending,paypal,Guyana,North Scottburgh,2553.68
83bc8360-3ddc-4369-8cf4-98554e3dde63,968fb6ee-9423-4410-85c1-75d6e073c8db,Matthew Jackson,dnorris@example.org,PROD-5915,Balanced empowering complexity,Food,7,22.99,2025-11-07T19:43:00,cancelled,paypal,Bhutan,New Sandrabury,160.93
1ad064b4-66d7-424e-bdac-d99bb89a68b4,e60fedc3-ce16-43ac-870b-6878a6257eb6,Robert Perkins,leemarilyn@example.org,PROD-8885,Face-to-face foreground infrastructure,Books,1,788.57,2025-07-11T13:09:15,cancelled,bank_transfer,Guernsey,North Darrylville,788.57
edcb41c4-1eb2-4265-980d-8933271f274c,1a7fe62d-75ec-4720-a44a-db2852d35153,Tara Waller,kelly26@example.org,PROD-4126,Synergistic zero administration ability,Clothing,4,402.45,2025-09-03T18:58:17,pending,paypal,United States Minor Outlying Islands,Crystalton,1609.8
dea2a866-7f40-4597-a54d-55c15ab345a2,844a56df-9a08-4a01-90e1-3c23260d80a0,Mrs. Alexandra Murphy,jacob54@example.net,PROD-9820,Multi-layered grid-enabled core,Clothing,5,984.34,2025-07-01T09:55:13,cancelled,bank_transfer,Mayotte,North Tom,4921.7
6e93d469-f6ee-4f40-9e81-2e06cbd0a4cb,bbba50c4-0410-4932-9827-02980d841b93,Andre Martinez,edwardgarcia@example.org,PROD-7227,Polarized bottom-line budgetary management,Clothing,2,852.78,2026-02-24T15:47:36,cancelled,bank_transfer,Bermuda,New Michael,1705.56
beb09488-8dfc-40ac-92d6-796866d079a3,f8ba9400-c2f6-4575-9864-48af86b27c10,Christopher Houston,davisjacob@example.org,PROD-9904,Persevering upward-trending standardization,Food,1,772.1,2025-06-29T01:55:46,cancelled,bank_transfer,Ghana,New Sandra,772.1
b176cccd-e4bc-4a2c-ba5e-6e0cc4fb689e,8508cf13-eb15-4084-934c-4398bca4e702,Diana Brown,nguyengina@example.org,PROD-6146,Universal leadingedge artificial intelligence,Sports,3,604.82,2025-11-18T23:10:53,pending,bank_transfer,Maldives,Melaniefort,1814.46
66799377-1933-4b0d-a0b7-5935c3218dd3,bbcf25b4-cf21-4fe6-ad35-6d7d8ec34de8,Judith Smith,ohudson@example.com,PROD-4809,Implemented logistical software,Clothing,4,764.76,2026-03-20T19:55:17,completed,credit_card,Malaysia,New Carriechester,3059.04
15e2dd79-d841-467f-81aa-1ad78eb8b791,adddc6da-7a21-493f-8897-75423f78e3f2,Joseph Burke,johnperez@example.org,PROD-9081,Configurable solution-oriented open architecture,Sports,6,941.01,2026-05-01T05:32:06,pending,bank_transfer,Iran,East Priscilla,5646.06
5f6d1ad4-025e-4a30-b239-f6cba9ffb556,605a843b-350c-44ea-98c0-0faa07d82e3d,Sarah Marshall,xwoods@example.com,PROD-7592,Robust contextually-based strategy,Sports,1,240.47,2025-08-23T09:45:14,pending,bank_transfer,Monaco,Nathanmouth,240.47
a6a994c2-8a44-473d-89b9-e09050fa86f9,b7bcd47a-2d2b-4bef-82f9-add9d4cbcea7,Andrew Kim,michael37@example.org,PROD-4979,Cross-platform motivating process improvement,Sports,10,782.03,2025-10-16T00:22:10,completed,paypal,Saint Lucia,New Victoriaport,7820.3
2cef18c9-6a38-49b4-92fd-892b9ee53c28,fa98e6cc-ccad-42b3-8e0d-3a28bb11c046,Robert Manning,gschroeder@example.com,PROD-4538,Networked radical utilization,Electronics,8,666.9,2026-03-06T00:56:06,pending,credit_card,Turkey,Mccannborough,5335.2
aa77dff2-044f-4ded-af3f-986b72dbd94e,5eefc1d1-9e75-417d-9717-69257c6a2e81,Jordan Brown,robert27@example.net,PROD-9545,User-friendly modular artificial intelligence,Sports,6,637.03,2026-04-20T17:37:42,cancelled,paypal,Ireland,Jessicamouth,3822.18
886bac45-0a9c-46dc-af56-74d6518c86f8,9ee46536-ffff-42e5-811b-470aed86c80a,Denise Garza,riddlemichael@example.org,PROD-6033,Profound asynchronous interface,Clothing,5,418.85,2025-10-24T01:03:55,pending,paypal,Bermuda,Lake Stacy,2094.25
b06d8f7f-a9b7-4c68-927a-f5c5e517ade4,575b110c-59bf-4e11-887f-192cdd670d2e,Jill Gilmore,jeffholder@example.org,PROD-3495,Innovative dedicated approach,Food,6,300.05,2025-10-09T01:11:10,cancelled,paypal,Finland,West Ana,1800.3
90f28413-23bc-42ff-b32f-f67337f12b6f,64e293aa-9376-4530-a4bb-231f976f7e90,David Erickson,stephanie48@example.com,PROD-5438,Re-contextualized needs-based parallelism,Sports,10,53.7,2026-04-13T08:41:33,completed,credit_card,Syrian Arab Republic,Port Austinstad,537.0
425f41fa-a440-4ab2-a5fc-1aa56813c9cd,67e81eca-d1ed-4720-b4cf-7745459ef46e,Tina Fernandez,suzanneewing@example.com,PROD-4478,Realigned secondary conglomeration,Sports,4,855.64,2025-09-11T06:36:20,completed,bank_transfer,United Arab Emirates,West Ralph,3422.56
a52aac34-10b8-422e-b725-51d8ff8db55f,a9f69808-bcb1-4e1a-8390-f8c596418b73,Thomas Thomas,stephaniewoods@example.com,PROD-4161,Versatile modular encryption,Clothing,2,598.35,2026-05-03T20:36:26,pending,bank_transfer,Antigua and Barbuda,West Maria,1196.7
f433fba7-8aaa-4a7c-a648-76a495b8e229,f42cd720-2500-43f3-8615-c49852520c3c,Jesus Nguyen,pdickerson@example.net,PROD-5460,Fundamental 5thgeneration parallelism,Electronics,4,696.37,2025-12-01T16:09:31,pending,credit_card,Croatia,South Steven,2785.48
e4ea63d5-d6f1-4fa4-b5ec-3bb030cb8a7d,4e73756c-3a97-4828-b604-d81e439149c7,Jason Young,grahamsabrina@example.net,PROD-3921,Integrated next generation encryption,Electronics,10,446.52,2025-06-19T09:29:58,completed,credit_card,Netherlands Antilles,Lorrainechester,4465.2
cb72a64f-3459-4d1d-9a81-5e43dedfeacf,d5492703-882c-416a-a382-488b3184ea20,David Sims,millerkaitlyn@example.com,PROD-1788,Streamlined logistical definition,Books,1,497.97,2026-04-03T19:07:36,completed,bank_transfer,Canada,Riveraside,497.97
b7023817-d3de-4061-80b7-f6f54fd17dc5,fa302b8e-f27e-4f5b-91b6-73777ed7d0f4,Heather Lewis,yorktroy@example.com,PROD-2534,Self-enabling national matrices,Food,5,81.59,2025-12-26T19:31:46,completed,credit_card,Libyan Arab Jamahiriya,Amandabury,407.95
085651cf-ba5a-416c-b149-e659c0c68146,7a13bc71-6b88-4c2e-a81e-2950ed469b6f,Ian Watson,glenn82@example.net,PROD-8407,Right-sized asynchronous architecture,Electronics,1,669.75,2025-08-17T10:58:38,pending,paypal,Barbados,Rodrigueztown,669.75
6f5c98a7-4adc-4d2f-8012-3f769aeb2a4d,2d01c763-ad9e-44b0-89da-bca419966b04,Ronald Pittman,charlesbrown@example.net,PROD-5025,Expanded responsive circuit,Food,3,514.69,2025-11-06T14:12:12,pending,paypal,Peru,Morristown,1544.07
52eb55b7-ee3d-4cc7-86d2-f46f77f33c59,85beaa27-e1a6-4803-aabd-ac86889d1f54,Dakota Carney,daltonzachary@example.org,PROD-4657,Open-architected solution-oriented architecture,Electronics,9,840.09,2025-11-10T09:55:51,pending,bank_transfer,China,Shermanland,7560.81
ba140bd5-990e-4e60-bbbf-e7462acd8ece,b36147fb-d3ba-4491-ba1e-49da441779d7,David Smith,stanley13@example.org,PROD-9131,Organized systematic website,Food,6,377.68,2025-10-07T04:06:29,cancelled,bank_transfer,Luxembourg,Port Meghan,2266.08
c911bfdf-a37a-4213-a12c-fd828668d8f8,e2bbbf19-d750-492c-a472-a70ddc2b06a3,Joseph Rodgers,zmitchell@example.com,PROD-3677,Advanced user-facing flexibility,Books,5,182.89,2025-10-27T15:02:47,cancelled,paypal,Belarus,West Kevin,914.45
c895ed4a-ad5c-42eb-a48f-1226a734bfdd,97688115-dfce-4e83-9262-90eb59fe32a9,Carmen Smith,wgonzales@example.com,PROD-4065,Decentralized human-resource extranet,Electronics,2,945.59,2026-02-07T19:04:27,completed,paypal,Angola,Angelbury,1891.18
b1ac7af3-9163-4e13-8be6-a0aa15923808,ee7fca44-088d-4ce4-8056-4250d28c6651,Tonya Holland,wallaceann@example.com,PROD-2327,Optimized national architecture,Electronics,9,895.18,2025-08-13T22:38:42,cancelled,paypal,Guinea-Bissau,Smithburgh,8056.62
f36225f4-4ace-4b53-afa8-cc9a7aa0975e,29d62b4f-1960-4775-8b8b-d4e16340f744,Michael Howell,jennadiaz@example.com,PROD-5720,Re-engineered responsive approach,Food,1,571.11,2025-12-11T07:58:04,cancelled,credit_card,Macao,Lake Ericfurt,571.11
50d8ec85-2168-41d4-8bf5-ef6f9f918745,d5609258-4037-4c90-8f81-d115442fefcf,Amy Webster,martinmatthew@example.com,PROD-7188,Business-focused foreground benchmark,Food,2,441.06,2026-03-02T12:06:14,completed,credit_card,Afghanistan,Lorraineberg,882.12
817bbe52-7308-4a6e-98a4-693a32cdf73e,09dd8d00-f5ad-4dbe-90af-d228fdcaf80f,Joseph Walker,tiffanycruz@example.org,PROD-6988,Multi-lateral demand-driven open architecture,Sports,2,49.25,2025-08-16T05:46:06,cancelled,credit_card,Finland,Port Danielview,98.5
aaaa8494-f913-4b33-a168-d1742caef9f2,42a584d2-ffd3-43ee-842d-dc3963284360,Maria Knox,jamessanchez@example.org,PROD-8246,Cross-group background matrices,Sports,6,44.18,2025-11-25T23:15:58,completed,paypal,Macao,West Aaron,265.08
f45d30ae-4fea-4bd3-b0f2-db0a0ad1c076,6aaef273-f60d-4a37-b101-f655f5fdcf98,Renee Reynolds,markpham@example.net,PROD-1241,Polarized fault-tolerant strategy,Electronics,4,337.82,2026-04-13T09:04:10,completed,credit_card,French Polynesia,Maxville,1351.28
fa843892-425f-4beb-81e6-f71cd5702ec8,0aab1f3d-032c-4197-81ea-edde26819937,Julia Benton,loganperez@example.net,PROD-3742,Persevering uniform superstructure,Clothing,1,152.85,2026-05-22T11:30:03,cancelled,credit_card,Portugal,Lake Scottmouth,152.85
cbff8ad9-eb50-4078-af6d-e072458a1ab2,2d7da075-8906-445f-a522-1f9c3d47856f,Dana Reed,andersonkenneth@example.org,PROD-7542,Innovative hybrid capacity,Books,6,438.87,2026-04-29T12:47:22,pending,bank_transfer,Iceland,North Michaelmouth,2633.22
1ed57f04-667f-4912-8553-7d4befd87b83,9f530a5c-fa23-4288-bdb9-af9376c7a135,Wendy Garcia,tross@example.net,PROD-1187,Integrated next generation architecture,Electronics,4,985.52,2025-07-12T23:27:51,cancelled,paypal,Palau,New Michaelhaven,3942.08
bb564af1-5069-4833-a924-a2580bed9c47,25b3a810-931a-4b80-aa1a-88f841ed91a4,Andrea Mclean,sarahmonroe@example.org,PROD-8913,Organized zero administration focus group,Sports,9,778.95,2025-08-30T14:05:22,pending,credit_card,Guyana,South Sarah,7010.55
08aafb5f-18d9-4c03-a06f-9c9e999086cd,4f798512-10d2-49b7-a77c-e2b4539a57e9,Adam Rogers,vdavis@example.net,PROD-7822,Object-based intangible hardware,Food,2,502.45,2025-10-28T16:32:22,completed,paypal,Barbados,Tammyfort,1004.9
9423284c-8d2c-4b89-ad45-d2f7775846cd,bccba55d-b8b3-4a46-ab96-284568399284,David Archer,sherrycoffey@example.com,PROD-3622,Function-based zero-defect concept,Clothing,1,992.97,2025-10-31T17:25:46,cancelled,bank_transfer,Mauritius,Gibsonfurt,992.97
47f8bb8f-d569-4dc5-850b-fc9c0bbdea2d,e6489bac-d5ca-4fc7-b36d-061dc8aa49ff,Erin Castro,christopher40@example.com,PROD-7812,Open-source optimizing open architecture,Books,4,491.67,2025-06-14T00:50:33,pending,credit_card,Latvia,Tiffanystad,1966.68
62261e9e-ff4a-4389-b167-acdf59fd1c8c,228186bb-11f1-428b-86ee-19642a619c49,Shelley Taylor,dawnphillips@example.net,PROD-4411,Re-engineered client-server matrix,Clothing,8,219.77,2025-07-24T08:10:11,pending,credit_card,Bouvet Island (Bouvetoya),Lake Tannerville,1758.16
21a92a92-e27a-4167-b8ad-6ac497400a94,96f82cf6-4916-437c-b024-3c8578590f07,Tabitha Gilbert,ynguyen@example.com,PROD-8332,Reverse-engineered asynchronous contingency,Food,3,422.29,2025-07-11T05:31:25,completed,paypal,Cameroon,Blaketown,1266.87
9abeabd1-77a5-434e-a313-20f5d6ebbd54,b458b22d-94ae-4924-a3a0-9f72fc3abf96,Laura Moore,ericaarcher@example.org,PROD-4543,Versatile fault-tolerant ability,Sports,1,517.46,2025-10-20T05:34:04,completed,credit_card,Saint Vincent and the Grenadines,Garciaton,517.46
25404112-5ac6-40d6-ba0f-c5a9d28cbd13,2149a85b-177a-43d4-bf2c-eaeeb2c5975f,Alyssa Taylor,masoncraig@example.net,PROD-7614,Optional interactive service-desk,Electronics,10,72.16,2025-11-23T01:02:12,completed,paypal,Eritrea,East Jaime,721.6
1d712cff-871b-47ab-9ec6-5814bf12a45c,4aa6f626-f2c5-4bdc-89b3-301af66cbd6e,Nicholas Newman,jennifer79@example.com,PROD-6739,Business-focused uniform Graphic Interface,Clothing,6,989.09,2025-12-14T14:48:54,completed,bank_transfer,Mongolia,Crystalport,5934.54
ad785aad-98d5-4c5f-aaeb-ccd67ee514ed,24262620-3064-43c8-b27e-a313601e2caf,Sean Hoffman,theresa92@example.org,PROD-8822,Horizontal systemic adapter,Sports,4,651.94,2026-02-28T19:43:41,cancelled,bank_transfer,Niue,Ryantown,2607.76
7779fdb0-102b-4a4b-a429-28641d594b18,7e204fb7-465a-4b85-8bd4-8ada616e2f80,Dennis Heath,zdunn@example.net,PROD-7083,Versatile disintermediate data-warehouse,Food,5,531.36,2025-09-14T09:03:26,cancelled,bank_transfer,Tonga,Amyfurt,2656.8
46a1ac20-9b56-42fd-a4df-9857167f1a8e,73a0aaac-b7d6-442f-bfef-b3d81748d505,Ruben Brady,james44@example.net,PROD-9489,Exclusive bottom-line strategy,Electronics,5,685.39,2025-11-01T09:02:29,pending,paypal,Maldives,Moorechester,3426.95
22a0c44d-da2c-4298-95dc-fe0fb11d74a5,36f3bf79-8837-4113-904a-2b0950ffd575,Sonia Sheppard,reyeskylie@example.net,PROD-2520,Ergonomic tertiary collaboration,Electronics,6,453.9,2025-07-17T17:31:38,cancelled,paypal,Italy,West Dustin,2723.4
96524f91-84a7-4cb1-9659-683e1055f834,1eb0e5e0-9c7e-4c92-8833-14b543a386f8,Karen Wilson,dsmith@example.net,PROD-1970,Compatible 24hour help-desk,Clothing,6,123.09,2025-11-08T01:47:49,cancelled,paypal,Thailand,Benjaminfort,738.54
bf158117-1e56-4e08-9444-e9f05a62039f,accecc81-77b8-4dd6-a7fc-001b23135e5c,Rachel Vargas,cunninghamamanda@example.net,PROD-5945,Inverse clear-thinking capability,Books,6,210.98,2025-12-31T20:45:26,completed,bank_transfer,Turkmenistan,Sarahfort,1265.88
de3ee8b1-54d4-4b10-a419-d64a59abaef8,dc15437d-20ff-4037-bc41-a3761698a9af,Shaun Craig,kristinejones@example.com,PROD-2505,Profit-focused didactic core,Clothing,8,981.26,2026-05-01T16:29:47,cancelled,credit_card,Svalbard & Jan Mayen Islands,Port Bryantown,7850.08
c544070b-9c68-4b6a-b4e0-2e61d2afcc34,0407b027-6723-4b6a-b6e5-88f8b6ee3289,John Rasmussen,stephen46@example.org,PROD-8796,Realigned multi-state extranet,Books,10,329.08,2026-03-11T02:54:43,pending,credit_card,Indonesia,South Brian,3290.8
11e5f568-6251-473d-bcd6-34ebf6a31025,4cea5d67-1332-40b5-bc75-f11a7aaa51c3,Alyssa Coleman,tammy78@example.com,PROD-6078,Ameliorated actuating project,Food,4,284.49,2026-05-16T14:57:57,completed,paypal,Malawi,New Spencershire,1137.96
4cb3e448-ae6a-4c65-ac7b-45e313113489,3e4abbc8-4dad-4d18-a0c0-832eaf819605,Timothy Harris,corey77@example.net,PROD-2938,Ergonomic local challenge,Books,8,727.93,2025-07-15T03:17:49,cancelled,credit_card,Bahamas,Maryshire,5823.44
454eb9d5-b872-49b6-9d83-1bace9cfd826,c656a3e7-49c7-4bbd-a854-f33721a90c3b,Jennifer Robbins,williamsloretta@example.com,PROD-8382,Sharable hybrid middleware,Clothing,9,957.92,2025-06-08T04:17:45,completed,bank_transfer,Pakistan,Port Steven,8621.28
886bd2c7-ef11-4b1f-ab2b-b507c21d03bb,7eba6627-f13a-44eb-9ca1-c7031bce30de,James Johnson,yupeter@example.org,PROD-5545,Enhanced scalable intranet,Books,4,287.61,2025-08-27T15:06:54,pending,bank_transfer,Christmas Island,Port Vanessamouth,1150.44
e2fc756a-14ac-4301-9316-9c0ff27f9275,d1ce5cba-6d38-4f19-acba-d46c8636a62e,Jasmine Lee,olopez@example.org,PROD-6683,Polarized heuristic structure,Books,1,120.43,2026-03-15T14:00:29,pending,credit_card,Vietnam,Port Bradley,120.43
f6dd10ab-3eb5-4203-bce7-eb3378e12a4d,c4f72448-294b-4293-ad50-57927b5f08f8,Clinton Reynolds DDS,william34@example.com,PROD-7458,Cross-platform attitude-oriented throughput,Food,5,78.02,2026-04-05T09:32:14,pending,credit_card,Sweden,West Scott,390.1
7bdb2f8d-d559-4206-ba51-bc2d2bd28aff,43e0e41d-b934-4895-947f-3f1b90318dc6,Alice Roy,amandagomez@example.org,PROD-2355,Seamless national attitude,Clothing,9,382.51,2025-12-21T20:33:46,completed,bank_transfer,India,Martinberg,3442.59
8fc05bf2-5004-4094-a88b-e7fa9f63fb9a,f0d57f25-cbeb-4887-a666-8d661afa06f8,Kelly Rivera,charleswilcox@example.com,PROD-6289,Re-contextualized responsive analyzer,Sports,6,895.59,2025-10-18T18:20:40,pending,bank_transfer,Dominica,Lake Michael,5373.54
4fb3cb66-e566-4939-a8c4-a54785afb2d5,8f8e460a-6323-4a36-a057-041722c4d1ee,Erica Goodman,joseph94@example.net,PROD-3585,Pre-emptive mobile Graphical User Interface,Electronics,7,371.18,2026-01-19T01:03:29,completed,paypal,Portugal,Lake Miranda,2598.26
7ac1f5db-f32a-4f38-913d-c7e374369305,54c33d94-9504-4bff-ba77-9d23e28727c4,Joseph Ward,roberta73@example.org,PROD-8065,Organic multimedia database,Clothing,5,25.68,2025-06-13T23:38:38,completed,bank_transfer,Honduras,Chenview,128.4
f6a1fb4c-33da-49a3-be1e-f67b9ad5d0c1,2e2626f5-d662-4b02-86da-e7d067eaa0f8,Michael Rodriguez,stephaniepearson@example.net,PROD-6801,Profound logistical hardware,Food,9,321.0,2026-04-15T19:23:04,cancelled,paypal,Turkey,West Kevinhaven,2889.0
44cac774-3c02-4453-8d9b-4e8257f91577,eb7d811b-e1f2-4886-995a-35d94611267b,Shane Mcfarland,brianchavez@example.org,PROD-9589,Centralized empowering pricing structure,Electronics,10,709.14,2025-06-18T02:49:52,completed,bank_transfer,Costa Rica,New Kimberlyfurt,7091.4
cbefb63a-0d0f-4373-ad49-7408adcbd803,840083d2-4b83-455c-9d06-9e7ddd61c8c0,Taylor Kerr,johnstonjudy@example.com,PROD-2106,Upgradable client-driven Graphical User Interface,Food,1,991.66,2025-08-21T17:41:53,pending,paypal,Paraguay,Jessicaberg,991.66
0e3ffdf5-2e2c-4e0a-9851-ed8dbf6db5d6,04decb53-b0b0-42c3-a0ea-07ffdb171ea9,Ashley Strong,kristenmiller@example.com,PROD-7806,Diverse responsive moderator,Electronics,9,670.74,2025-07-17T07:25:55,completed,credit_card,Niue,South Christianshire,6036.66
2a7419e7-de22-4a7a-a277-11d1021f49c5,05a92ab0-433f-4f36-b1ab-8a65e0af37c7,John Gonzales,bakerchelsea@example.com,PROD-5695,Multi-layered object-oriented collaboration,Books,7,908.89,2026-05-10T04:19:12,cancelled,bank_transfer,Pakistan,North Larry,6362.23
14f3ae3a-879c-4846-9396-4c45ed72b266,289c5752-8459-4fe8-b921-1ab719c65fdb,Aaron Martinez,pricecharles@example.net,PROD-9931,Switchable intangible array,Books,1,710.41,2025-08-12T08:36:46,cancelled,credit_card,Swaziland,North Vickifort,710.41
8ae43744-38fd-41ba-bfa2-7dd8cb4e1046,a6b22e29-bcd3-4658-bfff-db34e6fb672a,Eugene Knight,cuevasscott@example.com,PROD-3288,Function-based client-server software,Sports,7,348.45,2025-09-23T23:21:04,completed,credit_card,Denmark,Flemingburgh,2439.15
9ca43122-47fe-4ac4-a046-750e283a0f8f,a007a4fb-e301-4d57-9d25-e2fc5ff142f8,Jeffrey Bowers,jason92@example.org,PROD-6163,Multi-channeled bandwidth-monitored productivity,Food,3,358.33,2026-05-28T04:57:17,completed,paypal,Liberia,Christinastad,1074.99
31d03816-9473-4952-8c7b-a8b2d938f0f0,ab890089-fbba-4e7e-bd7c-60b1ce741b7e,Jonathan Vasquez,leeallison@example.org,PROD-7641,Phased static Internet solution,Sports,5,677.14,2025-06-20T04:27:28,cancelled,bank_transfer,Iraq,Michaelmouth,3385.7
79259374-ff03-4eae-be38-d150b6d9a17e,8953d96e-72b0-4e43-aa4f-2524482b8b05,Sheryl Nelson,angelascott@example.com,PROD-1732,Decentralized national matrices,Sports,10,682.41,2025-08-08T01:22:41,completed,bank_transfer,Lebanon,Lake Jasonbury,6824.1
43c2bd70-2893-4652-8318-b79dc317d79e,3aa46ffc-5776-4926-b361-e990b4eefc6a,Collin Fry,phillipscorey@example.net,PROD-7235,Advanced eco-centric groupware,Sports,10,64.73,2025-12-18T13:46:48,pending,paypal,Iran,Clarkborough,647.3
13de6069-9174-4342-b677-a0a1d35dadb7,8fb5142b-1d37-4ec2-8cc8-cedb0fdca280,Seth Mclaughlin,dixonrobert@example.org,PROD-3576,Versatile reciprocal productivity,Books,10,465.25,2025-12-03T18:18:50,pending,credit_card,Cameroon,West Emilyview,4652.5
b3e26128-1d01-4267-a24a-5e0fcfbea86d,a13c47fc-0868-4830-8da4-ff23a68a5101,Lori Combs,ggibson@example.com,PROD-1636,Open-architected hybrid attitude,Books,4,323.85,2025-10-30T09:49:05,completed,paypal,Afghanistan,North Christian,1295.4
2be64085-34ee-4c16-8176-a22e1a9df16b,dc2e2477-ee4f-478c-93fb-edfe6bd9a86e,Megan Santos,julie00@example.org,PROD-3857,Expanded disintermediate instruction set,Food,3,92.6,2026-03-04T04:24:50,cancelled,paypal,Monaco,Stewartport,277.8
759af639-937a-4a9d-a918-fa818ae5e787,b0f642b4-e31a-4ee5-8e62-0818328f5df1,Jodi Taylor,hernandezmarvin@example.net,PROD-2725,Centralized intermediate analyzer,Food,7,611.37,2026-04-04T15:59:00,completed,bank_transfer,San Marino,Port Mary,4279.59
3eacdf15-2229-432e-9d45-3ff233964ab6,e2c71007-35c9-49d5-a936-bf84f7e97948,Leslie Brown,jamesowens@example.com,PROD-8263,Pre-emptive systemic product,Electronics,7,87.62,2026-03-16T16:39:51,pending,bank_transfer,Pakistan,New Billyside,613.34
e40dd980-dd06-40f3-aa5d-a992ae5ca1e7,02028ab7-a5c8-42f0-ba7b-1ee1bb7bb6b1,Natalie Murphy,garciamariah@example.net,PROD-3676,Multi-tiered solution-oriented ability,Sports,9,988.44,2026-04-13T20:31:45,completed,paypal,Central African Republic,Wilkersonborough,8895.96
bbb081f8-3ec4-428c-898c-8f2579555d32,2603721e-da9b-4484-9187-14d363f58d15,Tara Gomez,heather20@example.net,PROD-2988,Visionary 5thgeneration encryption,Clothing,1,902.83,2025-07-12T16:17:15,pending,credit_card,Maldives,South James,902.83
f5321b19-352b-4b69-90ec-e9748ddab7f9,4a0680ed-b4e9-4219-99b9-4b62ef55e72a,Katrina Henson,psmith@example.com,PROD-1682,Extended modular adapter,Food,7,795.64,2026-03-03T13:05:52,cancelled,paypal,United States Minor Outlying Islands,Reedtown,5569.48
bf76872c-8957-4a7b-9adc-76240267e5c6,ac954f87-fc2c-4de0-b651-675976ca62d1,Candace Wilson,zunigamichael@example.org,PROD-7063,Triple-buffered didactic leverage,Clothing,2,541.5,2025-11-14T00:36:37,completed,credit_card,Sweden,West Scott,1083.0
74ac6247-7f80-47f2-92ee-af4b49aef41e,ed70951d-cc3f-40d9-b8ae-d6396af2d9dd,Nicholas Dixon,andrea19@example.net,PROD-2197,Optional foreground support,Food,4,244.05,2025-08-06T11:31:59,pending,credit_card,Trinidad and Tobago,Jasonfort,976.2
53d43c70-e2aa-4f66-b1d5-aee475e0b876,ba70ba0b-8ec8-4688-abc5-9989ac7adc14,Holly Carrillo,sayers@example.com,PROD-6878,Realigned 5thgeneration secured line,Food,4,211.67,2026-05-22T23:14:11,completed,paypal,Cambodia,Seanhaven,846.68
c354e6a4-9ffd-45e6-a36d-1f54fef9be84,6702f4c9-3e08-40fa-bc9f-4a96a8f1ef80,Brandon Garcia,nelsonwilliam@example.org,PROD-7152,Synergized mobile strategy,Books,6,586.63,2025-12-29T23:50:58,cancelled,paypal,French Polynesia,Piercefurt,3519.78
8fd41d0e-41db-4490-8227-168002268696,42c12552-d9d8-49f9-895f-142e6b3e50af,Wendy Jackson,leslie57@example.com,PROD-4821,Progressive multi-tasking orchestration,Clothing,6,940.43,2025-12-02T11:20:54,cancelled,bank_transfer,French Southern Territories,Lake Connie,5642.58
1d77b00a-9788-4b02-9d87-1b8556409748,ac804734-7475-4400-b0dd-6a320c93ae86,Dr. Tiffany Taylor DDS,amandaschultz@example.net,PROD-4342,Function-based non-volatile complexity,Clothing,8,585.4,2025-09-23T01:33:08,completed,paypal,Pakistan,Lake Michael,4683.2
34aea794-646e-46b6-88be-1943e5018a88,3a413dc0-1d3c-4366-a293-c72c5d8692f0,Christopher Johnson,larryjames@example.com,PROD-6079,Multi-channeled hybrid Internet solution,Books,5,347.49,2026-04-15T06:42:17,completed,bank_transfer,Cape Verde,Michelleside,1737.45
54bf37e0-828c-43c3-a4b0-5ff27e56f5f0,3cbeac8d-eb27-4c46-81dd-ef41cf441a45,Bryan Thompson,adavis@example.org,PROD-7394,Ameliorated content-based benchmark,Books,4,806.63,2025-09-14T05:29:35,cancelled,bank_transfer,Tanzania,East Hollyton,3226.52
1ccd13aa-ac7e-4bd4-abb1-ab61c3a8108c,de6d9cb9-20be-4f6f-957d-fdb719fee2dc,Karen Ellis,lauriehughes@example.com,PROD-4329,Quality-focused reciprocal budgetary management,Books,1,375.15,2025-12-12T06:11:31,cancelled,paypal,Bangladesh,West Maureen,375.15
909ef5b0-0393-44c3-ae82-b6e2c49dc281,a6213606-d3aa-498e-a3d5-17bc0c98272b,Samuel Erickson,jim68@example.com,PROD-8920,Monitored responsive info-mediaries,Food,7,805.31,2026-03-17T13:19:33,cancelled,paypal,Morocco,Staceyview,5637.17
916f03ce-9a01-4371-a3a9-916443fcdc2e,0056ae2f-211c-47ab-8c1b-a0fda667dcc5,Rebekah Austin,samanthahiggins@example.org,PROD-6010,Vision-oriented value-added synergy,Sports,1,162.95,2025-11-03T19:56:28,pending,credit_card,Sao Tome and Principe,Lake Sara,162.95
e222a479-2005-4c05-9bef-06cb71be7485,360e062e-ff4c-4bc2-9adb-b47fbd143b29,Jennifer Hernandez,lhall@example.org,PROD-7658,Managed web-enabled knowledge user,Electronics,10,228.51,2025-09-28T09:44:58,completed,bank_transfer,Anguilla,Brayburgh,2285.1
58d127dc-9dcd-4952-ba81-ea67689764a0,da9c7842-4e72-498a-99e4-608a98ba42fa,Andrew Lewis,ralvarado@example.org,PROD-3082,De-engineered bi-directional Internet solution,Electronics,4,720.66,2025-12-29T14:06:55,pending,paypal,Qatar,Ryanbury,2882.64
437d6230-2778-42c8-b84f-bf27194abb55,8053d6bd-7e23-4b9f-af18-d5957a9bee7d,William Lynn,michael09@example.org,PROD-4658,Ameliorated background implementation,Food,10,886.61,2025-12-31T14:53:50,cancelled,paypal,Saudi Arabia,Lake Danielmouth,8866.1
53b3ae0c-0e1b-4ebf-b004-04b9ccfe3e05,e01f574e-2e92-4d15-9eae-0f6674efd1a4,Kelli Huber,dmorrison@example.com,PROD-8927,Realigned multi-state Local Area Network,Electronics,4,536.7,2025-11-16T08:44:12,completed,credit_card,Antigua and Barbuda,Jamesside,2146.8
3c5119ac-a1a7-43a2-bbc6-cbf1efa771e7,aac748f2-ce65-49f6-8621-2edc662ca97b,Christian Brown,loriflores@example.org,PROD-2806,User-friendly multimedia support,Sports,5,964.5,2025-07-01T11:32:56,cancelled,paypal,Madagascar,Cindyfort,4822.5
36bd3f35-1a63-4c47-8f09-9701d41f302f,10766075-3a42-4a09-97dc-5834756574ef,Angelica Mcdonald,allisonnguyen@example.org,PROD-4301,Synergistic foreground middleware,Food,10,124.41,2025-08-16T04:40:50,pending,bank_transfer,Saint Pierre and Miquelon,Samuelburgh,1244.1
189777ad-ec43-43c2-a56b-9f2d0f961da8,a6f2bfb8-bfa9-4b8b-be43-34ea4f9418f7,Jeffrey Baker,richardsonjoshua@example.net,PROD-5550,Fundamental non-volatile access,Clothing,5,341.73,2026-03-08T20:45:57,pending,credit_card,Reunion,New Patrickport,1708.65
3b8f4f56-771c-4b19-b62e-6cfdff8fd8ac,609ae96c-c89d-4c4f-8192-3cc36ddd7583,Tina Hopkins,jasonroberts@example.com,PROD-8282,Universal heuristic artificial intelligence,Clothing,2,544.17,2026-03-03T10:21:49,cancelled,paypal,Ethiopia,Port Linda,1088.34
fcace3f6-1547-477f-848c-e2479637a099,b5ade7d6-2d15-4911-9edb-70bf1d98eb5f,Lindsay Anderson,ljohnson@example.com,PROD-8350,Diverse multi-tasking utilization,Electronics,3,750.04,2025-10-10T13:06:32,pending,credit_card,Northern Mariana Islands,New Ricardo,2250.12
f0f75471-52d8-4019-8953-c0216370b8d0,82e1d50b-bdd6-43c8-88c1-dd1a6b039131,Patrick Smith,donald31@example.com,PROD-9788,Triple-buffered explicit info-mediaries,Food,8,452.15,2025-09-05T23:16:46,cancelled,credit_card,Botswana,North Paula,3617.2
15e32652-339e-4698-8331-5fda291b7c67,028b9c91-eb2f-4ec3-9bad-9eda88d101cd,John Collins,bryantmichelle@example.net,PROD-9140,Programmable modular utilization,Books,2,956.99,2026-02-08T23:39:49,completed,paypal,Liberia,West Jerrymouth,1913.98
6e1b7258-d845-4ad3-95b1-0542cf4dc347,ebe10025-b534-4c77-b2c4-d9196872cb79,Bobby Warner,aaron90@example.net,PROD-5054,Reduced upward-trending initiative,Clothing,3,192.78,2025-11-09T02:43:39,completed,paypal,Paraguay,Roberttown,578.34
fa142e1c-1637-4c12-aed8-4c35db5c0331,73c50d37-ec62-4e26-a06c-4f941ea7ce3d,Lori Arroyo,ronaldespinoza@example.net,PROD-3989,De-engineered 6thgeneration help-desk,Food,7,107.42,2026-01-28T01:11:21,pending,credit_card,Guadeloupe,Adamsstad,751.94
cda1fc3b-17ab-4368-81f0-11cecb2b758a,38b6e1d7-9bf2-46b8-9f0a-2a15b4efbb5b,Amanda Davis,vsawyer@example.com,PROD-1410,Advanced intangible approach,Sports,5,825.29,2025-12-11T03:36:24,cancelled,bank_transfer,Cuba,Mcmillanside,4126.45
0798cd2a-14c9-43ba-9ad1-ae7c306d81e9,f1ffb45d-0062-4de0-bf48-e08fd4815362,Kathryn Garcia,ashleynash@example.org,PROD-7502,Enterprise-wide fresh-thinking help-desk,Sports,5,191.26,2026-04-13T10:15:58,completed,paypal,Solomon Islands,West Sherriburgh,956.3
343aa9a4-d6b7-4398-9825-0bea37e906e1,411f99cf-8020-4737-98f8-34664d09840f,Craig Bishop,adam13@example.org,PROD-6959,Assimilated 6thgeneration extranet,Electronics,1,411.9,2025-12-04T17:55:34,cancelled,paypal,Guyana,Carolfurt,411.9
a95a217c-862b-4c30-8172-089c9fcbbdf9,002cda7d-2e2b-4b51-a288-fdc3fbe3bdf6,Julie Jones,yroberts@example.org,PROD-1192,Customer-focused web-enabled algorithm,Sports,9,129.5,2025-10-03T07:01:13,completed,credit_card,Christmas Island,Adkinshaven,1165.5
4bdb0a97-8898-4f79-8067-44213409f1f8,b51db10e-0213-4af1-a4fe-f963b53a3ecf,Cynthia Lee,michael25@example.net,PROD-2777,Sharable global extranet,Clothing,7,981.55,2026-03-05T05:53:09,pending,credit_card,Svalbard & Jan Mayen Islands,Porterville,6870.85
ce7b8569-2f5b-4571-998c-56a1f7628040,e42505f7-1400-471a-b07f-061e88763573,Carol Wood,nicholas99@example.org,PROD-9291,Multi-lateral composite structure,Clothing,5,126.01,2026-05-18T00:35:03,completed,credit_card,Gambia,North Ashley,630.05
4c45e78b-d47f-4e17-a8fa-e5db0fbb0d5f,721c3429-46ca-4585-b33d-2e16bd1f30cf,Jeffrey Perry,jennifer64@example.org,PROD-8986,Future-proofed dedicated Local Area Network,Books,4,515.7,2025-12-25T10:47:58,cancelled,bank_transfer,Cook Islands,South Elizabeth,2062.8
d70532a4-7681-4d8f-85f5-e961aa8fb0b9,9814daf7-7dcc-4887-986d-4b7408c5d9ac,Matthew Campos,davidperkins@example.org,PROD-2913,Reverse-engineered static open system,Books,9,183.69,2025-07-20T19:09:57,completed,credit_card,Marshall Islands,Lake Eric,1653.21
7e07a838-c9a3-499a-a526-fb99fbe314a5,30d7452c-d353-4698-a918-52db3e52c86b,Roy Grant,barronbrett@example.net,PROD-3086,Cross-group tangible neural-net,Clothing,3,363.91,2026-04-14T17:27:38,cancelled,paypal,Tuvalu,Davischester,1091.73
d5f1fd0e-f0ba-4538-95bc-b253e55e5326,ae448fcf-bb36-4e25-b4b9-a478c3a31738,Jennifer Lopez,carrie30@example.com,PROD-7994,Vision-oriented demand-driven analyzer,Clothing,3,253.09,2025-09-01T09:31:42,cancelled,bank_transfer,Montserrat,Cindyview,759.27
8bc7c947-61ec-49d3-a448-a165362ae1fc,0512fdbc-28a3-4bb8-b00a-8c74a25b34d7,Wendy Bauer,smoody@example.net,PROD-9123,Ameliorated client-server neural-net,Electronics,10,842.19,2026-03-22T07:41:35,cancelled,paypal,Japan,Lake Shelly,8421.9
306c521d-4bf9-4ec0-96e5-b05ef07073c9,cf84c091-57b4-44cf-9e6c-41c77bb04d9c,Stephanie Robinson,michael72@example.net,PROD-9191,User-friendly 24/7 workforce,Clothing,5,293.34,2025-07-15T05:53:04,pending,paypal,Ireland,Jesusfurt,1466.7
c6b2129a-545e-45e6-a970-8cd5ec06cba6,01187417-8283-48a8-9849-9bd742120396,Angela Horton,mcgeegilbert@example.com,PROD-4068,Synergistic attitude-oriented concept,Sports,5,56.55,2026-03-18T04:24:24,pending,bank_transfer,Mauritania,Lake Nicholas,282.75
4dedd6ae-0fa3-4754-a6eb-0501ca6c6173,d39bda41-bb34-4865-b98c-f8cc73226bb1,Jacqueline Reyes,welchdouglas@example.org,PROD-8917,Innovative foreground Graphical User Interface,Clothing,3,682.27,2026-03-26T18:27:21,completed,paypal,Czech Republic,South Peter,2046.81
2e9bd706-8d48-455e-a300-584367a26e9d,46552d63-821d-4458-9b0b-e4ad2a6119b1,Amanda Knight,jamesmaddox@example.org,PROD-6776,Customizable regional infrastructure,Electronics,7,995.6,2025-12-11T11:51:46,cancelled,bank_transfer,Bermuda,Andersonport,6969.2
ac91fd74-cf9c-4624-a086-1629f6dc6e1f,e4151bf9-e342-46d4-bee9-367dff1d2c3e,Amanda Robbins,saunderscarlos@example.org,PROD-6765,Focused interactive ability,Books,1,877.68,2025-07-29T11:08:18,pending,paypal,Argentina,West Ryan,877.68
85c5810b-2ba2-425f-89f0-1ee007bc9a04,1e28c860-8ac7-42ed-8953-1fcaa4212ec9,Randy Rivera,qmcclure@example.com,PROD-4366,Enterprise-wide secondary database,Electronics,8,626.15,2026-02-21T18:54:20,cancelled,bank_transfer,Paraguay,New Matthewmouth,5009.2
246b4f62-4dc0-4f15-937a-45c76d7f1543,94d2366c-1548-4efc-a24f-a5aebd72793a,Richard Miller,johnsonjason@example.net,PROD-3538,Decentralized methodical flexibility,Clothing,1,440.12,2026-04-11T07:59:57,completed,bank_transfer,United States of America,New Tyler,440.12
3bc4b982-b1eb-4a2a-a2ab-2729e225e478,ea22850c-a7de-4bef-908e-d22f8fecf4fb,Teresa Buckley,xjensen@example.org,PROD-3772,Persistent local focus group,Books,5,287.51,2025-07-29T18:03:30,completed,paypal,Pitcairn Islands,Malloryberg,1437.55
93a0cdfa-f59c-420f-911f-d35373316172,2ea5ccf3-0208-4f68-a48a-55eacbfcf0c1,Connor Henderson,jbeck@example.net,PROD-2668,Synchronized exuding forecast,Food,6,690.59,2026-03-22T00:19:01,completed,credit_card,South Africa,Prestonside,4143.54
27927eb8-aa98-42b4-82ec-4f45a2eebe7e,a790bb2b-8753-4e79-9905-88c658039dea,Melissa Ford,woodardbradley@example.org,PROD-1026,Reactive value-added migration,Electronics,10,491.98,2025-09-29T20:12:13,completed,paypal,Korea,New Brenda,4919.8
56569bf2-6ce2-428f-bfd7-c83bf3789be6,e9f25ac7-9121-46d6-9336-d6153f55a1a6,Catherine Odonnell,daniel84@example.com,PROD-8502,Sharable 24hour toolset,Food,5,202.92,2025-11-20T02:28:16,completed,credit_card,Reunion,Weaverfort,1014.6
570ffe3b-7f1d-4047-9fa5-0f674441c37e,f5552ec7-4cda-4847-b3a8-f2be9cbb7228,Steven Mendoza,robert31@example.net,PROD-6317,Adaptive demand-driven hub,Sports,6,511.82,2026-04-25T20:42:56,pending,credit_card,Czech Republic,North Lindsey,3070.92
91935de5-e46b-4864-aef2-4f2cec1b7b65,9e34fc55-519c-44cc-b620-2ea2f15e04e1,Nicholas Taylor,xbowen@example.org,PROD-8795,Managed systemic flexibility,Books,10,693.48,2025-07-15T20:30:11,pending,paypal,Chad,Newtonberg,6934.8
0cacfac3-2348-49c2-af1a-92a48a38b78f,1c84a3b5-fadb-409c-b377-782d0106e5c6,Jessica Dawson,jennifer04@example.net,PROD-8731,Team-oriented 4thgeneration extranet,Clothing,7,633.99,2026-04-21T16:47:48,pending,paypal,Guinea-Bissau,North Sherry,4437.93
ea511863-3a05-4e63-884f-63c1ebef6f13,8baad2b5-0c6c-4c2f-bfb3-3624758a14af,Alexandra Howard,aford@example.com,PROD-2591,Polarized 3rdgeneration Graphical User Interface,Clothing,9,492.5,2025-08-25T23:17:52,pending,bank_transfer,Australia,Sanchezville,4432.5
adacedc2-753a-46b8-b2d2-02ae9f0f46b9,e4e1bc9b-07e3-40e8-bf60-692e7e897512,Jack Berry,danielletorres@example.com,PROD-8941,Multi-tiered attitude-oriented attitude,Sports,9,981.63,2025-09-15T23:50:51,pending,bank_transfer,Djibouti,East Timothystad,8834.67
a66fb436-21b2-4bc1-bda2-5c51261f0cd4,bcbbf8a5-c7c7-4e24-bb0b-60f2c6784d92,Jasmine Delacruz,thompsontracey@example.com,PROD-8636,Innovative national alliance,Electronics,1,337.67,2026-01-22T05:00:25,cancelled,bank_transfer,Paraguay,Olsonburgh,337.67
bda70d78-2bad-4039-bebc-79ff35f174ab,3f04c445-8f12-4762-961a-a2b37f549633,Kathy Martin,holdendustin@example.org,PROD-7546,Programmable mobile neural-net,Food,3,321.17,2025-10-21T22:10:22,pending,paypal,Fiji,Calebmouth,963.51
40caaa89-c160-4740-9837-29c1f57749de,a4c41351-bfee-4394-9a41-e67dc02fa9a9,Anthony Rubio,kevinjenkins@example.com,PROD-2276,User-friendly impactful encoding,Electronics,4,30.0,2026-01-18T04:57:10,cancelled,bank_transfer,South Africa,New Scott,120.0
c65e55c8-398f-4302-8d77-df07fa34a48d,0a540be2-9e64-4898-b909-be79b7bbc479,Mark Miller,ehawkins@example.org,PROD-4528,Switchable grid-enabled groupware,Clothing,8,805.66,2025-12-11T15:45:59,cancelled,paypal,Peru,Lake Jaime,6445.28
092b0560-462a-49d6-b147-8f0ddf32a13c,32b6092d-f402-43f0-820b-a7ec8d00fb69,Travis Beard,cwright@example.net,PROD-9464,Right-sized system-worthy collaboration,Books,2,56.02,2026-01-15T18:48:16,cancelled,bank_transfer,Montenegro,New Joe,112.04
192b7b05-e228-4960-9f1b-6af2eeb8f1f5,461b7ba1-d828-4d03-a6aa-4ecb5b5a0483,Melissa Holmes,justin11@example.org,PROD-7571,Multi-tiered 5thgeneration contingency,Sports,2,371.16,2025-09-17T11:24:51,completed,credit_card,Mali,Lake Kyle,742.32
e106d8bd-e13f-4a09-8954-da8ad2381eb6,d998e6d3-cf3f-4b77-a64c-57a443d04da0,Jon Hutchinson,vanessa98@example.com,PROD-6746,Horizontal bi-directional application,Books,5,86.01,2025-09-02T12:52:07,completed,bank_transfer,British Indian Ocean Territory (Chagos Archipelago),Joshuamouth,430.05
a3847d61-a89f-43b2-a329-97d25e53e938,eb7fe4b2-a8a6-4350-9f35-3e8dafc966a4,Melissa Flynn,waynechambers@example.net,PROD-9151,Sharable multi-state neural-net,Electronics,7,301.57,2026-05-10T22:05:33,completed,bank_transfer,Poland,Nicholsmouth,2110.99
185ad2e7-f253-4855-a6db-9885d5646f1f,627597f8-2f17-4004-86ba-3913150f5daf,Stacey Daniels,mathewscynthia@example.org,PROD-8381,Mandatory zero tolerance software,Food,9,541.18,2026-01-13T16:37:07,pending,paypal,Netherlands Antilles,Hendersonshire,4870.62
0ca66e10-db02-4ffe-b10c-c23bb294c82f,9b5fc078-729b-4f4a-8b6e-2a8c03c2dca9,Danielle Martinez,benjaminburton@example.net,PROD-9792,Profound bottom-line approach,Food,1,445.42,2026-04-04T00:17:26,completed,credit_card,Saint Martin,Cristianshire,445.42
458312aa-ad74-410c-87b5-0967082c292c,bd3cf9f5-4a97-4415-a8ed-f65036fc11f3,Tina Smith,joanna86@example.org,PROD-4919,Ameliorated grid-enabled encoding,Sports,1,331.16,2026-02-16T08:15:58,pending,bank_transfer,Spain,Reginaldfurt,331.16
a47dabd6-0027-43ad-a79a-835664f1a366,6fb78f2b-91e6-4915-ac48-db81e1c4fcca,Cheryl Vaughan,brian12@example.org,PROD-2456,Multi-tiered eco-centric policy,Sports,7,365.18,2026-05-09T18:56:56,cancelled,credit_card,Nauru,New Ashley,2556.26
923776e8-fc97-4422-941d-1e749374efc1,27f82faa-0bbc-4688-82e4-063aa04e9436,Whitney Schultz MD,loganwalter@example.org,PROD-7961,Extended modular extranet,Books,1,585.51,2025-09-21T01:08:01,cancelled,credit_card,Bahamas,South Edwardborough,585.51
25d9999b-3b59-4f98-ac48-02d56ed33434,65cd04ff-6d74-4417-861b-0e72d375d10c,Lori Herrera,uscott@example.com,PROD-9533,Future-proofed intangible alliance,Electronics,1,535.82,2025-08-14T07:55:14,completed,bank_transfer,Mali,Mckinneymouth,535.82
c1f652a4-e662-48b1-8672-ec90c4711028,a7748bd1-36fb-4e97-b765-58d009c928f0,Richard Sanders,hrosales@example.org,PROD-4579,Expanded even-keeled open architecture,Electronics,1,28.09,2026-03-27T12:41:15,completed,bank_transfer,Myanmar,Baileyshire,28.09
ee575b62-1bc0-466b-9f86-8d8c91f5eb6e,3fe7a353-db34-4517-9312-0694bf1d851b,Barbara Johnson,mrice@example.net,PROD-9390,Proactive empowering synergy,Sports,9,535.58,2025-12-22T04:05:23,cancelled,credit_card,Guatemala,Veronicabury,4820.22
60d9e2ea-c773-400b-89b6-b99dc34dd95a,2d1b5d8b-c1a6-44ea-8e12-7ab642fd6b65,John Hall,williamkoch@example.net,PROD-5462,Phased uniform Graphic Interface,Sports,9,708.49,2025-09-06T10:20:51,completed,credit_card,Cambodia,South Kyleborough,6376.41
3c6bd3bc-76d5-47e2-a08d-a234d3e26b17,ccb793b8-e7e0-4375-b5be-bdc5abd7903f,Cynthia Scott,christinedavis@example.org,PROD-3780,Automated value-added budgetary management,Electronics,2,60.7,2025-12-12T01:04:29,completed,bank_transfer,Kuwait,Grahamberg,121.4
881feafe-6ca4-4f2c-a0aa-abb75aab80e3,b945285c-c925-4899-93a6-67559f747915,Spencer Ortiz,stephanie86@example.net,PROD-4912,Organic maximized groupware,Electronics,10,253.21,2025-09-01T19:30:57,completed,bank_transfer,Australia,Johnsontown,2532.1
ab239f74-756f-4db1-aeb9-1e90f52fc527,870de563-53e8-4bac-9517-dbe74daa779a,Pamela Morgan,alejandro41@example.com,PROD-7082,Visionary foreground open system,Food,5,70.82,2025-07-20T11:18:17,pending,credit_card,Belize,Meganhaven,354.1
68311ce9-a234-4b14-bb38-d639d30d23d3,66886dd4-2e36-40d0-9f5c-b7702f62274c,Thomas Nixon,ibeck@example.net,PROD-8845,Customer-focused contextually-based approach,Electronics,8,879.58,2025-07-03T15:50:46,completed,paypal,Ukraine,Jamesside,7036.64
403e7470-0ad9-4fec-92a9-eb9024f35aee,a0f55e6b-5883-4706-9c54-87a126e45ecf,Courtney Figueroa,destiny36@example.net,PROD-3196,Customer-focused incremental model,Food,5,465.5,2026-04-28T08:43:14,pending,bank_transfer,Guatemala,Parkertown,2327.5
709d195f-8738-4725-b880-1fcd1a98ddaa,6bbb6d10-e8fe-4966-a17d-ff63c0d567e9,Mitchell Butler,kenneththomas@example.com,PROD-8654,Triple-buffered dynamic forecast,Electronics,9,884.16,2026-02-03T20:27:28,cancelled,bank_transfer,Gibraltar,New Thomas,7957.44
1aeafc2b-7ad2-46c0-a822-8556bd23234f,68e17041-4dad-4eb7-a2d1-9ee3713ccf55,Diane Johnson,bethanyhenderson@example.org,PROD-3741,Versatile value-added array,Clothing,9,785.23,2025-10-10T09:21:41,pending,paypal,Pakistan,West Mary,7067.07
c25e5006-57ad-4577-9d86-8db88b83f3ee,f8eb72cf-724e-4917-bbff-28ff71dec1a4,Nicholas Collins,natalie06@example.org,PROD-5926,Polarized stable application,Sports,9,539.29,2026-05-21T18:42:14,pending,bank_transfer,India,Espinozaside,4853.61
130ccaa0-1d28-463a-9335-88d1f7083b59,f9d224e4-1ec4-4f42-8a95-e8ef3a329955,Jesse Melendez,natalieward@example.com,PROD-4403,Compatible even-keeled concept,Books,8,786.21,2025-10-07T22:12:08,cancelled,bank_transfer,Aruba,Port Diane,6289.68
e5a7d303-683a-4b24-932d-291ec4514322,6285bb64-b7a5-4fd0-879f-62202c1ce205,Mr. Joseph Smith,whitejose@example.org,PROD-6383,Organized systemic groupware,Books,10,328.83,2026-01-22T05:22:23,pending,credit_card,Cayman Islands,Lewisland,3288.3
88bd12a6-6ab1-495c-83e4-0c2d2b49aec3,cac5f1b4-2920-4c2a-994f-2eaadd140e26,Sharon Chang,albert12@example.net,PROD-3227,Vision-oriented empowering model,Food,4,324.19,2025-12-20T19:11:57,cancelled,credit_card,Singapore,Lake Christopherberg,1296.76
8a47bab9-6ccb-4e56-9c8b-e1c2efdf7056,571b7a10-06aa-4b20-b4ac-38959a97f25b,Christopher Schmidt,corteznicole@example.com,PROD-5897,Customizable real-time matrix,Books,6,751.51,2026-01-04T16:17:03,pending,credit_card,Kazakhstan,Thompsonhaven,4509.06
9f5a59d0-b43c-44d0-88ca-3d165afe950f,8dc3e2a7-07ba-40ca-a4eb-a58fea978402,Stephanie Daniel,williamskevin@example.org,PROD-6337,Digitized 24hour workforce,Food,9,532.41,2025-07-15T06:36:18,cancelled,bank_transfer,Timor-Leste,Raymondtown,4791.69
f07b8106-bbcb-493b-b997-4b3fdb7a534d,8b4e10c4-9e5e-4ab7-bbef-e812f5e4537d,Jeremy Miller,parkerjennifer@example.com,PROD-8717,Up-sized heuristic initiative,Electronics,4,899.96,2025-10-26T09:15:17,completed,credit_card,Guernsey,North Shannon,3599.84
446411e2-94a4-47ad-9afe-2bbd8f0ce715,5157d374-cdc2-4eb7-a37a-e9218b7408f0,April Welch,pkelly@example.org,PROD-5924,Realigned mobile capability,Sports,3,764.01,2026-03-16T09:59:17,pending,bank_transfer,Martinique,Victoriaton,2292.03
e70b3bd2-5d52-4cad-ab7f-6b37497cfbac,c0181689-5a7b-4763-93a0-264816f2264e,Claudia Golden,dylangray@example.net,PROD-1116,Future-proofed multi-state capacity,Sports,3,668.45,2026-04-26T11:40:27,completed,credit_card,Algeria,North Juanborough,2005.35
e8654cce-d053-4b9e-9204-b01873100e4a,4b4bfa61-0eb3-4d38-a7c8-930df436efbd,Margaret Howe,reginacooper@example.net,PROD-3889,Re-engineered encompassing support,Sports,7,429.34,2026-04-22T01:06:15,cancelled,bank_transfer,Equatorial Guinea,Atkinsfurt,3005.38
cdf09272-7b88-48e9-b32e-c1c01034e5df,abfb843f-8328-4642-a046-e8b9a3afd36d,Bryan Clark,zlove@example.org,PROD-3326,Object-based reciprocal help-desk,Clothing,8,982.18,2025-09-08T22:27:22,completed,paypal,Saint Helena,Richardfort,7857.44
fb51ccb4-bed7-4979-b748-a52eb06e66e9,cd11267f-4a5d-4219-8fac-310d7cca0aeb,Ryan Washington,sabrinawoodward@example.org,PROD-4594,Implemented non-volatile instruction set,Sports,2,655.86,2026-05-22T18:52:47,cancelled,credit_card,Algeria,North Tanner,1311.72
fd87042e-08d9-4fa5-ae93-1a23521f1603,6917a1ff-9c44-4fbe-963b-a181751a6337,Angel Keller,qgarcia@example.com,PROD-8826,Programmable hybrid support,Clothing,8,750.5,2026-02-25T20:31:37,pending,bank_transfer,Montserrat,Port Josephstad,6004.0
c7cd6c5d-1ebd-4712-bde7-bfdd20afe340,6d67dcc9-3ed1-4a37-bd6e-2d06d4ade869,Meghan Chapman,ariel40@example.com,PROD-7340,Reverse-engineered reciprocal algorithm,Books,7,406.56,2025-09-13T15:59:53,pending,bank_transfer,Guatemala,South Alexandra,2845.92
74799d02-d76b-40fe-9dba-3308031cca9c,17509c37-6bc2-4654-b285-b98454ac98a2,Bonnie Thomas,bdelacruz@example.com,PROD-5528,Vision-oriented 6thgeneration middleware,Food,5,145.82,2025-12-26T06:20:55,pending,paypal,Zambia,North Kristi,729.1
4e97a70b-8499-48dc-9c4b-589ef1eb3833,9db5496a-4496-4da5-a5d2-de29ff499352,Derek Baker,bestjacob@example.net,PROD-7882,Polarized needs-based benchmark,Food,9,886.61,2025-12-09T12:16:30,cancelled,bank_transfer,Nigeria,Juliaview,7979.49
f9e0641f-c6ec-43e7-bae9-ec5939d0c420,cea3b184-2412-4d4e-b21e-54b7c42122d8,Stacey Adams,jflynn@example.org,PROD-1105,Managed leadingedge capability,Electronics,5,461.87,2025-07-08T15:10:29,pending,credit_card,Saint Barthelemy,Tanyafort,2309.35
02427e32-7bb2-4a55-8c80-38c18400b922,f5d02a67-59fc-498c-9f0e-be1faff85512,Derek Joseph,tyler11@example.net,PROD-6302,Vision-oriented attitude-oriented focus group,Food,7,314.77,2025-10-13T07:49:48,completed,credit_card,Myanmar,Carlosville,2203.39
664fc024-3165-46c9-b2eb-3c28ff27ab5a,175ab8cc-5b41-45ca-879d-5b626ef24fce,Kevin Peterson,xshepherd@example.org,PROD-2039,Reverse-engineered uniform structure,Books,6,635.91,2025-11-12T14:49:36,completed,paypal,Afghanistan,Jonesfurt,3815.46
18b37b0d-0a76-4aa1-a2b4-ab474d9c8f55,5ecc76b1-b8bc-4bcb-81eb-07e74bd4e812,Kevin Russell,hillaimee@example.org,PROD-4418,Cross-platform dynamic encryption,Food,1,710.32,2026-02-07T20:23:13,completed,paypal,Aruba,New Jennifer,710.32
0c548e5a-e597-4c9f-8837-eb39ae09512c,f123f3c7-1080-4323-ac12-2e4e75d2c87e,Edward Davis,oallen@example.org,PROD-9857,Compatible needs-based methodology,Sports,1,336.52,2026-03-10T01:28:59,cancelled,paypal,Eritrea,Jonesborough,336.52
9cea640b-6184-427d-8b36-b7b91748f595,b95af76f-0cac-463e-84eb-7f4ec0db817e,Zachary Simon,brian83@example.net,PROD-9603,Configurable upward-trending workforce,Clothing,3,321.15,2025-10-23T21:55:54,pending,paypal,Russian Federation,Nicholasfurt,963.45
a882c78c-92d1-4496-9b91-678ce315e0aa,ad1cbcfc-fc14-430e-8110-d3a34d2b1ee3,Angel Blake,alexanderchristopher@example.net,PROD-3670,Right-sized fault-tolerant leverage,Clothing,3,787.49,2025-12-02T05:19:49,pending,paypal,Latvia,Port Brittany,2362.47
6146d777-e964-421b-ba51-5ea919ed671f,cfed0ae4-2c94-49f2-80f5-5e2488864216,Sharon Price,danielashley@example.net,PROD-9489,Centralized intangible process improvement,Electronics,7,753.09,2026-04-17T12:03:12,completed,paypal,Rwanda,Johnsonside,5271.63
dd7ad7a5-5317-4f3d-b994-5d6dc5fa4d1d,741993ca-7c8d-4278-80e1-2ef8d2ee8190,Carol Lee,jeremiah27@example.com,PROD-3039,Seamless leadingedge hardware,Clothing,10,625.73,2025-07-02T21:47:01,completed,credit_card,Guatemala,Chavezfort,6257.3
e9dfc7ea-d3fc-4874-ac2b-171819592ff8,725f9381-2899-467f-8282-d2a3058efed0,Brenda Sullivan,lopeznicole@example.com,PROD-5477,Optimized responsive complexity,Sports,9,744.54,2025-06-12T00:36:29,cancelled,paypal,Japan,West Jacob,6700.86
ba98466e-856a-4d49-9de1-31053e072a34,484c8744-ee40-4ab3-b67d-47812e402aa9,Rachel Gentry,timothy35@example.org,PROD-5732,User-friendly 24hour function,Books,10,593.57,2025-12-06T13:53:31,pending,credit_card,Guyana,West Danielhaven,5935.7
8504b639-75ff-4665-879f-59d446d341b6,d7f0af19-12d4-4590-991f-0df32935ac66,Richard Young,billyayala@example.net,PROD-6424,Quality-focused discrete task-force,Sports,6,594.23,2025-08-09T19:55:38,cancelled,bank_transfer,Vietnam,West Jennifer,3565.38
693c3ef8-a0dc-45d2-9212-f34d1ffc6d0f,734305f5-6404-4423-bea9-adb326894743,Brandi Wright,qrivera@example.org,PROD-9123,Profit-focused fault-tolerant time-frame,Food,6,797.55,2026-04-25T15:21:23,completed,bank_transfer,Switzerland,Lake Mark,4785.3
b20e5465-3903-48e8-be0e-7ee569e1a2b7,41b644a4-4e45-4317-9758-57fe9a1b8dff,Julie Tucker,johnsonalexis@example.org,PROD-2205,Reactive eco-centric complexity,Food,8,661.61,2026-03-11T19:38:43,completed,paypal,Iceland,Michaelbury,5292.88
5bc06123-f44a-4306-b67a-e0226aa910f0,3b7910b5-b41f-4f0f-b372-a060f6c0d493,Darrell Bell,michael20@example.com,PROD-4125,Streamlined web-enabled groupware,Clothing,4,49.29,2025-12-27T19:58:42,pending,credit_card,Turkey,West Natalieshire,197.16
88c35146-73b7-405d-a039-0fdd2988126a,b4c5c462-41d7-43d0-ae24-037ef287af2d,John Byrd,cummingschristopher@example.org,PROD-5167,Compatible interactive knowledgebase,Electronics,9,911.11,2025-11-19T19:10:11,completed,credit_card,Puerto Rico,New David,8199.99
03f0bc67-28b9-438d-8d8b-df935ea27d4f,4e851d80-b3ee-409a-bbf8-7ab86a3c106c,Katie Lowery,cheryl62@example.net,PROD-2483,Digitized bifurcated capacity,Food,2,533.53,2026-05-29T21:19:33,pending,bank_transfer,Iraq,Lake Robert,1067.06
012fa3d2-f86c-45d5-984a-a4dcdc8f04e4,fc5842bd-54a7-443b-a9b9-2f3a445766cd,Shane Campbell,morrislarry@example.com,PROD-5817,Synchronized global contingency,Clothing,2,945.26,2025-07-04T07:20:51,pending,bank_transfer,Falkland Islands (Malvinas),Jamesmouth,1890.52
ed90a4af-9336-4c70-a838-aabbe90e3546,be59b73e-33e1-4f73-9513-43c1f131e0e9,Brent Miller,brian18@example.net,PROD-8991,Reduced human-resource project,Sports,7,866.62,2026-03-11T14:21:12,cancelled,paypal,Guadeloupe,East Jeffreymouth,6066.34
8ffc032c-b167-4ec3-a24d-dce7c4bf04ac,c152c45b-c79c-4847-a6b9-ffd97ca7e192,Curtis Gomez,theath@example.org,PROD-3944,Streamlined executive architecture,Clothing,3,862.14,2025-08-15T07:33:53,completed,bank_transfer,Macao,Millsside,2586.42
4ff3fac2-bc0c-47ae-a2b6-f5c0288a6232,3ef6884b-2c19-4918-a315-14f135e63ef9,William Ramirez,boylejason@example.com,PROD-3644,Fully-configurable asynchronous success,Clothing,3,788.03,2026-03-22T08:25:02,completed,credit_card,Malta,Lake Mariahstad,2364.09
17a252e1-0d29-4e36-9a85-8c8dbc899052,30d5a727-5d07-45ee-801f-fd8efebf19a8,Jessica Phillips,hwhitney@example.org,PROD-8676,Persevering coherent intranet,Electronics,8,842.9,2026-04-15T22:06:02,completed,credit_card,Bahrain,West Maryland,6743.2
548db89c-6b57-4fe2-9704-5570460ed980,e2404186-46ef-4ef2-8623-8ed8073f1029,Kenneth Martin,glentran@example.net,PROD-7547,Synchronized executive adapter,Books,9,527.44,2026-05-06T11:49:04,pending,paypal,Moldova,West Joseph,4746.96
0431276f-c9ba-47c1-8636-6f38ce090915,4fc4c89a-6f3b-4f34-ac58-7679fb598cbf,Michael Brown,aguilarlisa@example.org,PROD-5578,Phased multi-tasking data-warehouse,Clothing,9,56.23,2026-02-07T00:34:01,cancelled,bank_transfer,Iceland,West Anthony,506.07
8cf5b4a7-5b02-4c38-9ed6-70ee4f73ca98,01567179-c13b-4d1c-863f-ad4128917e9c,James Jones,phelpsdouglas@example.net,PROD-9873,Secured 4thgeneration benchmark,Books,4,767.51,2025-12-26T21:16:30,pending,bank_transfer,United States Minor Outlying Islands,South Peterland,3070.04
d4793c65-4d26-413f-aec4-0c6fcc198ca8,5048c373-5ce7-4054-aa26-cbd12639ed66,Kelly Pham,bradleyaaron@example.net,PROD-2068,Business-focused 24/7 capability,Clothing,7,38.11,2025-09-10T06:13:22,pending,paypal,Western Sahara,South Ashley,266.77
9ff4f648-516d-4bdd-89ac-93be9b03d041,7f00fe81-6c16-43f1-906c-4864dc93a8b8,Adam Sanchez,bmoore@example.com,PROD-1739,Phased bandwidth-monitored Local Area Network,Books,6,541.07,2025-08-17T03:58:46,pending,bank_transfer,Dominican Republic,South Sarah,3246.42
1dd3cd2c-263b-4867-9269-81483194b07d,4f324b3e-63cf-4e19-ae97-3ed17fb28c04,Frank Tucker,wwallace@example.com,PROD-3333,Stand-alone hybrid implementation,Clothing,5,21.5,2025-11-15T03:54:46,pending,paypal,Ethiopia,Rogersmouth,107.5
5c6af862-a381-4117-97cd-ea271cbcc139,c90bef0b-317a-481a-8bd4-a8932737c0af,Rodney Jackson,elizabethpeters@example.com,PROD-4242,Integrated 24hour hub,Electronics,10,74.5,2026-02-27T08:45:24,pending,bank_transfer,Cambodia,New Susan,745.0
46d1252d-f976-4c15-a6be-ddedb3071665,4d0e6808-0197-4ca6-8501-92f436db871d,Mr. Christopher Mckinney,bishopmitchell@example.com,PROD-4700,Seamless asynchronous leverage,Clothing,3,546.99,2025-08-16T20:55:44,cancelled,paypal,Maldives,West Ericburgh,1640.97
1bdd9edb-bf4e-4dc1-8afc-3b170bc619a5,efa251d5-4b1d-49b0-87f1-05d20d3713be,Jesus Baker,melissawood@example.org,PROD-1268,Multi-tiered methodical moderator,Books,8,300.02,2025-09-09T23:50:25,pending,bank_transfer,Zimbabwe,Port Kimberlyborough,2400.16
6e522a4a-6128-43bc-b956-d206b2494b5b,0582aac8-00f3-4a0b-9d76-ac5cc9d34110,Megan Harrell,kayladeleon@example.org,PROD-1308,Public-key high-level challenge,Books,10,456.26,2026-04-04T00:41:40,completed,credit_card,Portugal,Jessicaview,4562.6
4050d06e-3278-455e-9e9e-586bbb964780,32988944-33b2-41a7-ac3a-5b7998b147fd,Savannah Hernandez,wlindsey@example.org,PROD-1272,Self-enabling regional intranet,Books,8,124.23,2025-07-18T02:15:47,completed,credit_card,British Indian Ocean Territory (Chagos Archipelago),Rebeccaport,993.84
2373b04d-efec-452a-b6ae-4bda081045d4,ac605eaf-84db-4cd1-a084-e998b6f18e87,Larry Banks,adam13@example.net,PROD-5566,Multi-tiered scalable software,Books,6,469.75,2026-03-28T02:35:31,completed,credit_card,Saint Pierre and Miquelon,Robinsonhaven,2818.5
c139772b-7bac-4985-8bd4-3a6e37ed2909,f6c1f358-490f-412f-b614-bc2970ab5bb4,Emily Wilson,jacksonzachary@example.org,PROD-4785,Centralized eco-centric leverage,Books,7,894.66,2026-04-12T15:15:24,cancelled,paypal,Jersey,Lake Lawrencemouth,6262.62
81b85ae6-cf32-4d55-b59f-3c777162a07a,c194b29e-5968-49f6-b2f4-922d31bfd306,Robin Howell,tracyguzman@example.net,PROD-9415,Centralized leadingedge open architecture,Electronics,7,290.69,2026-03-02T07:23:30,completed,credit_card,Dominica,Lake Ariel,2034.83
045436c0-5963-4eac-93f3-0789bae90e53,05531d8b-22c0-4413-9d34-fec856b0db4a,William Myers,julia53@example.com,PROD-9564,Managed stable collaboration,Books,9,869.35,2026-04-05T01:11:26,completed,credit_card,Bahrain,West Rachelberg,7824.15
6a9b3e24-7ce9-4f2e-aef2-6932f9637aa4,e1426dce-4a7f-4b5f-addf-1a247ee9d8c9,Melissa Hicks,jessica99@example.net,PROD-4063,Multi-lateral interactive core,Clothing,10,493.79,2025-08-11T05:16:15,cancelled,credit_card,Turkey,Lake Brookeshire,4937.9
59b905bd-811d-45d1-bec2-0d0190a9f47f,fd5554a6-22fc-4de7-b9fb-819d6d9f60dd,Ronald Castro,matthew83@example.com,PROD-9377,Virtual zero administration knowledge user,Clothing,8,902.62,2026-04-21T12:52:10,pending,paypal,Venezuela,Hernandezport,7220.96
fd197ac6-2e2a-440d-b4a8-1542399de0b0,a8c37b15-6880-42cb-9140-1bbf65a3da26,Allison Nguyen,brownjohnathan@example.org,PROD-2266,User-centric content-based access,Sports,9,329.16,2026-01-10T10:27:10,completed,credit_card,Netherlands Antilles,West Janet,2962.44
fd6371d6-a156-4fc5-acec-79318eec92c9,2426ea93-aa68-4851-8833-47a1a77de635,William Burnett,jimscott@example.com,PROD-6902,Profit-focused mobile synergy,Sports,8,415.68,2026-03-03T21:39:40,cancelled,bank_transfer,France,Paulfort,3325.44
9e9d81a7-ed3d-4f73-bb8d-7e0558fcf43e,b2d2a4fe-0a7b-44aa-a66d-c8cec03b3ad2,Melissa Gonzales MD,mckinneygrant@example.net,PROD-7614,Organized asymmetric adapter,Books,2,180.58,2025-11-08T09:19:34,pending,paypal,Bahrain,Cherylmouth,361.16
4e15d525-966e-4805-91df-af4b0531ead2,2c274b4a-4ef4-40f5-aca4-6b6a22d24f5c,Stephanie Jackson,millerdonna@example.org,PROD-1416,Object-based intermediate standardization,Clothing,1,550.62,2025-07-26T02:02:28,completed,paypal,Cape Verde,North Amber,550.62
906ca0b4-e6e1-4bbc-b940-e6a0e2326dda,df3c502f-3bb2-4240-b850-243623c36b08,Rachel Fitzgerald,adam49@example.com,PROD-2255,Configurable 4thgeneration info-mediaries,Food,10,119.53,2026-03-17T18:47:11,completed,credit_card,Vanuatu,Stoneburgh,1195.3
85409b53-64cf-4b23-ba00-e6b416954788,e7f90721-7e56-4602-91ce-fd6d36529d91,Dylan Collins,greenchristopher@example.net,PROD-5288,Optional composite help-desk,Electronics,3,802.2,2026-03-08T04:46:48,cancelled,paypal,Togo,Port Rossborough,2406.6
e0332a96-afb7-40e4-ad01-3eeda7abaa35,3a79e41a-d687-43a8-beb8-a7a5209cffd7,Gina King,bishopbryan@example.net,PROD-4737,Synergistic systemic intranet,Clothing,3,340.91,2025-08-08T07:29:25,pending,paypal,Honduras,Lake Stacyland,1022.73
2b47372f-d135-4dc6-abf6-d2a705a9f155,7d72a3df-afda-4065-ada5-d78e2cd1718e,Jeffery Bell,catherine81@example.net,PROD-7386,Up-sized 6thgeneration algorithm,Clothing,3,454.88,2026-03-31T22:25:09,cancelled,bank_transfer,Fiji,Aaronfurt,1364.64
57d0c87d-4c7b-430e-a23f-61138a7b5429,e736be56-abaa-40d7-bd79-9a12332f7557,Corey Reyes,michellelee@example.org,PROD-2147,Face-to-face methodical middleware,Books,7,44.37,2025-09-28T02:25:38,pending,paypal,Botswana,Paynefort,310.59
2cc006b3-bc62-46f1-9f91-20c8a77b0e5a,a23d0ef4-9bcd-4e95-888b-43599a855d85,James Booth,wallacejerry@example.com,PROD-5345,Cross-group 3rdgeneration approach,Food,4,10.02,2026-03-08T10:21:45,pending,paypal,Kenya,Loganville,40.08
d8906227-cb1b-490c-8e4f-706b5e0f8509,15d23f72-0573-4ada-98b1-393d6454cfa6,Alexander Evans,ashley43@example.net,PROD-9737,Triple-buffered homogeneous focus group,Sports,2,189.61,2025-11-18T23:19:23,cancelled,bank_transfer,Algeria,Bryantberg,379.22
007cfd69-ea5d-4fe8-b518-e15681ff798e,30ee3402-635c-445d-8ad5-14bd94fc764b,Christopher Farley,amandachurch@example.net,PROD-7019,Object-based methodical strategy,Clothing,4,701.86,2025-08-30T16:15:39,pending,credit_card,Timor-Leste,North Dannytown,2807.44
568b0655-3a46-4528-94e4-a3ebf9dd31a8,3c72defb-dd6d-40a9-a581-00cc583662a0,Mr. Lucas Davidson PhD,nicole14@example.org,PROD-1278,Operative eco-centric Graphical User Interface,Food,1,860.25,2026-03-20T19:01:53,completed,credit_card,Puerto Rico,South Aaronchester,860.25
849dfe0c-75e5-4415-b3ad-30c4deace4d4,5a3ed783-a306-4fe4-9fa0-00555dd7764d,Marvin Wilson,joshua49@example.com,PROD-6519,Self-enabling zero tolerance flexibility,Books,7,707.01,2026-02-25T17:22:40,completed,paypal,Netherlands Antilles,Staciebury,4949.07
9c26d191-365e-45da-b0b2-0bef9d3b8673,a31ce90e-f123-4e9c-b401-60fc5fd7cf72,Wanda Cooper,silvabrent@example.net,PROD-8123,Inverse contextually-based migration,Electronics,4,725.04,2025-07-13T08:39:00,completed,paypal,Cayman Islands,New Rebeccaberg,2900.16
614f8586-2819-4277-9740-bf4c4100220a,0a8b93ea-23d0-432a-b7ba-5b98db1114e9,Joanna Hall,allisonlee@example.org,PROD-5605,Digitized mission-critical infrastructure,Electronics,7,702.07,2025-08-18T12:32:02,pending,paypal,Sao Tome and Principe,Port Marissastad,4914.49
1396c477-c68c-46a5-b2cb-f53ac95e7d46,36908bc8-6b2f-41d8-8ff4-956a8ca995ca,Thomas Watkins,kevinmercado@example.org,PROD-9472,Advanced interactive middleware,Sports,5,352.16,2026-05-26T06:41:43,cancelled,bank_transfer,Somalia,Myerstown,1760.8
a7fd50e8-ec96-49c5-a6a2-ea9a8e6a8d12,0ae28093-334b-4f42-9ebf-b9556841db41,Dr. Stephen Hawkins,kellygaines@example.net,PROD-5651,Down-sized actuating hub,Sports,1,41.16,2025-06-30T15:31:13,pending,paypal,Greece,South Paulfort,41.16
b8a6c28c-48d8-4186-8cfe-40394b258481,ab4f77bc-9237-414f-83da-f34da9662c51,Anna Brooks,molly15@example.org,PROD-2478,Implemented dynamic attitude,Food,9,125.95,2025-06-13T15:38:17,completed,paypal,Guyana,South John,1133.55
a302bc47-41be-4f7c-8734-aab4c58ffcd0,266697bf-6ffd-4855-a842-22a064c458e0,Rachel Ball,ubrown@example.com,PROD-5324,Team-oriented didactic database,Sports,6,381.87,2026-02-08T19:37:43,pending,credit_card,India,Alexland,2291.22
0e5328c6-e54e-4e72-b54b-86039477b7b3,7b8d874c-ea67-41e6-999c-b443aacf80e7,Sharon Fisher,hernandezshawn@example.net,PROD-9651,Function-based interactive algorithm,Sports,5,519.45,2026-06-03T19:42:23,completed,bank_transfer,Panama,Jennifershire,2597.25
feba09ea-9bb6-474a-b14d-ad874c92e1c6,13326e88-e774-4da1-bcdb-a96a2e5d3420,Joseph Arellano,fedwards@example.org,PROD-4331,Operative coherent firmware,Clothing,4,346.19,2025-09-30T11:46:05,cancelled,credit_card,Guinea-Bissau,New Michaeltown,1384.76
456edd70-3007-414a-84c6-290f96624563,e6755922-dd06-4ba1-8d19-336ced2f7324,Rachel Davis,betty50@example.org,PROD-4425,Self-enabling human-resource installation,Sports,2,646.98,2025-10-12T01:43:52,pending,paypal,Nigeria,Annton,1293.96
24e6d5dc-3dfa-4483-8f62-c5377d14370c,e9ca61de-aded-48e2-9f08-6efdc1229032,Juan Dennis,kathy27@example.com,PROD-9684,Robust intermediate success,Electronics,2,919.16,2025-09-17T21:47:28,cancelled,bank_transfer,Kazakhstan,New Angelafurt,1838.32
01dff8d8-91a7-470a-b2ad-86e7ce1805fb,6ae28bc5-edec-4a08-80c2-ead5a1b3e78b,Bonnie Thomas,brandicook@example.org,PROD-5278,Reverse-engineered cohesive synergy,Books,2,307.93,2025-07-04T07:36:49,pending,bank_transfer,Latvia,New William,615.86
ffb39373-2a4b-4259-881c-ffdc146fb5b4,c77a48cc-481e-4ae7-ad0a-902cfd840f02,Joseph Sandoval,qperez@example.net,PROD-2452,Exclusive holistic monitoring,Clothing,6,335.35,2025-08-29T21:52:39,pending,credit_card,Bahamas,West Christina,2012.1
0a5b31f4-f8b8-4a59-a1eb-b1033388c167,7a2fd0e6-724b-4188-854d-5bc120b96e31,Calvin Hansen,susandavis@example.org,PROD-6883,Universal radical core,Clothing,10,490.23,2025-06-18T03:55:49,cancelled,bank_transfer,Burkina Faso,East Laurashire,4902.3
61d70681-efcf-4f23-8303-221507d0def4,7ac588c0-ab18-4dfa-9ed4-fad37f324aa4,Mark Ray,jason54@example.org,PROD-8982,Managed fresh-thinking challenge,Books,8,944.28,2026-03-27T20:31:21,completed,bank_transfer,Netherlands,Katherineville,7554.24
5cc608a6-2d25-4902-a6b1-e8dd719aa354,6371e146-f081-4b78-9725-961dd52533a7,Anthony Carroll,david59@example.com,PROD-9956,Persistent bi-directional attitude,Sports,6,122.63,2025-09-26T07:48:41,completed,bank_transfer,Indonesia,New Julia,735.78
b48558ae-81da-46fd-9e1f-496b6a9ed4f4,4d53d92e-bcb5-490d-b60b-0d024cbef04f,Luke Francis,henrykyle@example.org,PROD-3731,Progressive systematic focus group,Books,7,564.9,2026-03-04T22:07:46,completed,bank_transfer,Bahrain,Cochranstad,3954.3
d99ba47c-4b46-4e91-ad69-00be1f3de4c6,3d6b14df-5211-4051-b529-6d83b59f2c34,Bonnie Evans,kimberly19@example.net,PROD-4135,Cross-platform dedicated architecture,Clothing,2,489.95,2025-10-07T13:29:53,pending,paypal,Honduras,New Travishaven,979.9
4eea718e-0394-42be-84ae-d0937fdefd58,98d54989-af9d-422a-9f49-c4764dd19ee3,Scott Drake,coxbrian@example.org,PROD-7509,Cross-platform demand-driven success,Clothing,4,314.27,2025-06-27T07:46:02,pending,credit_card,Costa Rica,Port Cheryl,1257.08
d51d03f3-89c9-4735-af26-ef6e0fcc3ee4,2614921f-9581-4443-96e3-4a1a72301aad,Mrs. Patricia Nelson,dpotter@example.org,PROD-1544,Synergized reciprocal productivity,Food,7,940.33,2025-09-17T13:53:04,cancelled,bank_transfer,Spain,Amandashire,6582.31
d5505793-4007-4465-836c-a316d378afc9,fb56e8ad-95e3-4ec3-a2fe-13a47bd6596f,Nina Sanchez,stevenperez@example.org,PROD-6937,Digitized solution-oriented groupware,Electronics,7,810.08,2025-12-29T16:47:02,pending,bank_transfer,Iraq,Danielberg,5670.56
43ab820d-98a8-47bf-b639-684cae22fbc6,686b7fc6-4b3b-4cae-8cb2-bd22a7b6d1a0,James Mcmillan,maureenbrown@example.com,PROD-8154,Pre-emptive foreground access,Books,2,91.87,2026-02-26T08:17:40,pending,bank_transfer,Guinea-Bissau,South Kristentown,183.74
47755ace-f307-478f-9e9a-8bcbfbf77eba,b98fa18c-e5b3-44d6-82c0-2b1a365a6f2e,Benjamin Peters,ffrederick@example.org,PROD-6212,Switchable global concept,Sports,4,821.94,2025-09-28T08:50:34,cancelled,bank_transfer,Uganda,West Laurenside,3287.76
0b8dde11-a434-4a21-832a-d663e2d18d8b,e623aea5-8891-42bb-8bcb-e9561b331d06,Brittney Zimmerman,william83@example.net,PROD-1521,Robust logistical knowledge user,Books,6,764.44,2025-08-17T03:34:18,cancelled,bank_transfer,Nepal,Susanstad,4586.64
63b36c36-df8a-400f-b998-27dd405d93ea,14cedc71-a118-4072-8082-b6b07306e2e4,Abigail Campbell,williamsdanielle@example.com,PROD-6480,Universal bottom-line knowledge user,Books,2,731.84,2025-08-24T07:26:02,cancelled,credit_card,Svalbard & Jan Mayen Islands,Port Sonyaburgh,1463.68
c4029a0e-2bae-4642-881f-6149c6feef33,0bf0072d-8094-4091-aa42-c288093a26e9,Charles Martinez,jamie41@example.com,PROD-2379,Realigned logistical paradigm,Food,4,849.02,2026-04-27T14:01:14,pending,bank_transfer,Madagascar,Lake David,3396.08
8c4dec4d-953c-428b-90fa-3c95d55e61b7,ec1f6d49-d32c-4132-b7d1-c1b8a3a233d1,Stephanie Vance,morganryan@example.net,PROD-8240,Diverse dynamic Internet solution,Electronics,5,109.36,2025-12-28T00:49:58,pending,paypal,Martinique,Davisbury,546.8
025ffb5c-b657-4908-9413-b572f4a3dfd7,ceac420a-a79e-4ec0-9cc1-0ae1f444b66d,Kayla Bell,scottevan@example.net,PROD-1164,Function-based multi-tasking forecast,Food,2,670.7,2025-08-05T14:24:28,pending,credit_card,Pitcairn Islands,Graceport,1341.4
e8cb83d0-89f4-4156-b28b-e7cdb443f1b5,3cc6ab9d-e090-4dc7-9ce9-9a0a307ca650,Shelly Lowery,jacobjennings@example.net,PROD-3045,Business-focused motivating Graphic Interface,Clothing,1,902.68,2026-02-07T12:37:07,cancelled,credit_card,Tuvalu,Hamiltonside,902.68
0bde7826-90f7-4095-a034-2915a1ac8dea,0d19e627-da83-45f3-b9d4-5e1ce654dd4b,Justin Stanley,david48@example.net,PROD-6702,Decentralized multi-state benchmark,Clothing,8,556.46,2025-10-14T22:11:59,pending,bank_transfer,Mexico,New Tinachester,4451.68
97635975-4a56-424b-800f-ee5e5039acc4,b145019d-d99c-49eb-a86c-d3f7eda1983c,Adam Ware,taylorboyd@example.org,PROD-4290,Configurable tangible algorithm,Clothing,4,910.69,2026-01-17T23:33:52,cancelled,paypal,Guatemala,East Amanda,3642.76
3588c38c-1c6d-48af-8b47-fd55f6f7812c,69c7d6b8-afdb-40a6-b871-c3ebfb20eb77,Madison Lawrence,danieljesse@example.net,PROD-9891,Persevering analyzing capacity,Books,10,286.09,2026-04-21T05:44:37,cancelled,credit_card,Czech Republic,Port Maureenhaven,2860.9
828a310b-022a-428c-b496-b0880972d430,313aead8-ab8b-4005-9aab-dd5a995b701d,Amanda Mathews,wandareyes@example.com,PROD-5014,Pre-emptive 5thgeneration approach,Food,2,54.12,2026-04-23T10:32:05,pending,credit_card,Brazil,New Steven,108.24
14395a96-2b0d-484b-a540-e72e45dd581d,d5872e55-5503-40e7-8154-e038533d21bf,Miss Amber Butler,charlesmackenzie@example.net,PROD-7322,Fully-configurable system-worthy core,Sports,9,826.58,2025-11-20T02:34:01,pending,bank_transfer,Martinique,New Joanna,7439.22
724fe1ad-5e67-4851-ba27-a67dd7956a7e,74781725-9ce0-49a2-872d-e7b38b0336a7,Kendra Hernandez,carlsonanthony@example.net,PROD-6754,Seamless attitude-oriented algorithm,Clothing,7,38.4,2025-12-20T14:12:50,cancelled,bank_transfer,Svalbard & Jan Mayen Islands,North Davidberg,268.8
002a8189-f652-4d26-8554-cd6b929179b5,73e7c154-b7b1-4f8c-ab10-ecffa7998910,Elizabeth Clark,kaitlynmurray@example.com,PROD-4922,Innovative holistic model,Sports,10,118.48,2026-05-11T08:52:10,cancelled,bank_transfer,Brazil,Greenstad,1184.8
5c6a9d18-0ee8-4e3a-9d5d-0e87a19db7b6,fdb7e2d6-c3a3-40a5-b53e-b4f913933ecc,William Ortiz,sarah30@example.org,PROD-4578,Face-to-face foreground orchestration,Sports,2,858.95,2026-05-29T19:40:13,pending,credit_card,Uganda,Port Tammyside,1717.9
e232fc13-f085-4309-9620-15f1b000228a,ee764900-dd20-4f4b-a600-299266c784a6,Kevin Rose,kellymunoz@example.org,PROD-4205,Secured actuating archive,Clothing,10,619.26,2025-09-29T09:32:09,pending,paypal,Iceland,West Steven,6192.6
2d68794f-7f71-4e44-abf0-bb2dcfdf3abf,14a03650-7bdd-49eb-8ee6-5a13463c1dbd,Sabrina Rodriguez,peterhughes@example.org,PROD-7284,Progressive system-worthy core,Sports,9,218.35,2025-12-06T06:16:18,completed,paypal,Northern Mariana Islands,West Jerry,1965.15
03ee4ef2-be11-4123-a6eb-8fd7ba3d8f54,51f4557d-f8ed-48a5-8350-b0429f24e7f1,Margaret Anderson,timothycollins@example.net,PROD-6686,Configurable foreground software,Food,2,503.18,2026-05-04T10:23:57,pending,credit_card,Marshall Islands,Perryburgh,1006.36
f890f2f5-e81e-4784-b4f6-4e56386de39f,d203491d-89be-4296-bcde-6d8e9bdac881,Gabriela Becker,xsullivan@example.net,PROD-6833,Virtual tangible pricing structure,Food,3,568.27,2025-08-16T22:07:29,completed,paypal,Djibouti,New Timothyport,1704.81
8214c79f-9745-4739-b1a5-5f51f547e610,c749aa88-62aa-48e4-9457-6eb8e041350e,Angela Griffin,alanhale@example.net,PROD-6369,Seamless fault-tolerant standardization,Clothing,9,794.84,2026-05-19T23:50:22,pending,paypal,Estonia,Lake Patrick,7153.56
20dbc82e-8139-4d99-88dc-1cf02a8a0f25,1681c3a7-010c-45e3-8327-a16d30b42954,Angela Cobb,danielle64@example.net,PROD-3021,Up-sized fresh-thinking productivity,Clothing,1,784.62,2025-09-09T01:27:48,completed,bank_transfer,Philippines,South Ricky,784.62
d7d9addf-3d4a-4302-804a-a6360b1111a2,c5ad8898-3d30-46f1-a136-f42102324d69,Andrew Moore,sbaker@example.net,PROD-8601,User-friendly object-oriented approach,Food,3,799.5,2026-01-05T11:40:12,pending,bank_transfer,Czech Republic,Huntertown,2398.5
cad6cc18-07b5-4841-b7cd-898008ff5cd5,3150f14f-7e4e-409f-84f8-3f5866c2da94,Joshua Little,jenniferbradley@example.org,PROD-7206,Universal zero-defect monitoring,Electronics,6,553.94,2026-06-01T12:37:22,completed,bank_transfer,Cote d'Ivoire,Dwaynefort,3323.64
72447ec9-2a20-4ecd-ae70-a3802899c2cd,eccb28f6-98fc-4e2f-8772-242986dd4fc3,Stephanie Ramos MD,allenmichelle@example.net,PROD-5473,Focused intangible frame,Sports,7,262.21,2025-10-10T16:06:43,cancelled,bank_transfer,Lithuania,South Nathanberg,1835.47
accf304c-32b1-4b77-9dcb-f60e831a9e0a,f7ad0058-381d-4c78-830a-9b70819dc27f,Jack Stewart,adam12@example.org,PROD-8767,Cross-platform impactful firmware,Clothing,6,66.23,2026-04-03T19:38:19,completed,paypal,Saint Kitts and Nevis,South Christian,397.38
c94a4f2d-8536-4df6-984c-142df7c35403,83dcd78e-5d4c-4cfc-aace-723b648075cf,Laura Hansen,maldonadotara@example.com,PROD-7035,Versatile multi-tasking capability,Books,6,81.5,2025-09-03T03:54:06,completed,credit_card,Cocos (Keeling) Islands,Michaelside,489.0
fd5e098b-fc20-4452-8d27-d24137c25bd0,9b764b8c-dab7-4db5-8fa5-e0dcaa747349,Taylor Giles,rodriguezrobert@example.org,PROD-6220,Devolved hybrid project,Food,6,68.38,2025-09-07T20:35:27,cancelled,paypal,Cote d'Ivoire,Manuelbury,410.28
b492ef06-b5a4-4846-a8e3-bdd98d73db65,57da00f8-63b6-4a82-8d25-9ebe1499da9f,Jeffrey Foster,alexisgardner@example.net,PROD-2903,Optional systematic knowledge user,Clothing,8,762.25,2026-01-23T11:59:44,completed,paypal,Dominica,South Michaelmouth,6098.0
d55a7885-ac23-46e5-8f0b-e5b68ff79efd,932ac3ce-adae-4545-ac89-9cc5b1c7bb9c,Janice Torres,lucasmills@example.com,PROD-8398,Fully-configurable empowering initiative,Books,7,455.48,2025-11-30T15:54:05,completed,credit_card,Chad,Angelaport,3188.36
680725c5-09d1-4a07-b9f2-c057a9367235,003a4eeb-cac3-4527-ba8e-a5d58414a187,Carolyn Horne,williamspaul@example.org,PROD-6737,Ameliorated full-range capability,Books,4,623.56,2026-01-21T07:05:30,completed,paypal,Venezuela,Mooremouth,2494.24
d01c557c-d740-41f5-b770-0e333dd5c4d4,c4bab862-a8c3-4abb-8155-7edddbc929c7,Vanessa Lozano,jscott@example.com,PROD-7881,Compatible bifurcated forecast,Electronics,10,395.14,2025-12-27T18:53:31,cancelled,paypal,Timor-Leste,Parsonsberg,3951.4
a123b06d-c860-4b6b-a449-97b5ae95d28d,6124d956-4c19-4864-9cec-3200217a491d,Chase Payne,diane00@example.org,PROD-4028,Integrated motivating conglomeration,Food,4,165.62,2026-05-17T15:21:57,cancelled,bank_transfer,Yemen,South Paulmouth,662.48
ede48ab9-33b0-49e1-815e-b368577f2fec,610a8925-1f48-4daa-815c-51ad434ef193,Vicki Campbell,avilapaul@example.net,PROD-1202,Multi-channeled 24hour database,Books,4,233.73,2025-10-19T22:09:39,cancelled,paypal,Cayman Islands,Port Kathy,934.92
c9cff1b2-e5a9-4ffe-bc69-c6ee98983a37,cee83643-e420-4015-aeec-6492a5cd6e17,Timothy Roberts,margaretrussell@example.net,PROD-2649,Total composite alliance,Clothing,1,534.68,2025-06-19T01:46:06,completed,credit_card,Saint Lucia,Lake Stephenhaven,534.68
5896ad52-c3ee-4063-b2a8-142e26534f70,7a9bccba-4c3d-4f25-9fa8-05219d0a29f5,Nicholas Byrd,jensenmary@example.org,PROD-7872,Inverse maximized Local Area Network,Food,2,427.64,2025-08-13T04:31:27,completed,bank_transfer,Mongolia,West Nicole,855.28
3fea4a7f-9471-4bbb-8dbe-beff8b4736eb,34dc7393-d9f9-4745-9e40-4260755c7506,Margaret Woods,madisonhamilton@example.com,PROD-1812,Sharable zero administration focus group,Clothing,4,433.19,2025-11-03T03:48:02,pending,bank_transfer,Austria,Jeremyburgh,1732.76
15be9804-44bd-4402-ae64-f69495541ac6,dec4fdb5-ce67-44dc-b233-f96fdc132a3b,Diamond Arnold,kyle77@example.net,PROD-1440,Grass-roots 6thgeneration contingency,Books,1,863.7,2026-01-30T01:39:36,cancelled,paypal,Paraguay,East Michael,863.7
004207be-3b52-4df4-a402-d8da596f4379,ba3b1336-6120-46db-adef-c16e90be62cd,Christopher Johnston,barias@example.com,PROD-3609,Universal national neural-net,Books,3,360.82,2026-02-04T10:39:46,completed,paypal,Sri Lanka,Janefurt,1082.46
e17fde46-718e-4871-accd-0e80d8e5cb8a,5459d844-7374-415f-997c-b82645456a05,Vanessa Taylor,jasmine48@example.com,PROD-6687,Versatile context-sensitive system engine,Sports,10,10.26,2025-06-25T07:59:38,cancelled,credit_card,Hungary,Lake Sarahtown,102.6
a91e67a3-536c-4aaa-bc7b-dfae046aefe4,02a6d2cd-5844-435a-9d64-0090d69b85b6,Sandra Morales,eoconnor@example.org,PROD-4621,Fully-configurable zero administration challenge,Food,7,198.25,2025-07-24T10:32:41,cancelled,credit_card,Palestinian Territory,Hughesview,1387.75
afd1108a-6688-4cf0-862a-3b4d9eed2e78,6c0a1c89-2eb8-436d-aa88-ce10c71f4e80,Sharon Webster,theresaburke@example.com,PROD-2527,Automated fresh-thinking archive,Food,9,121.14,2026-01-24T10:16:30,pending,bank_transfer,Uzbekistan,Parkerberg,1090.26
d7fddb2c-5fb5-4b90-bef0-8d602953279e,760c400d-62ec-4a9f-a0cd-9b62e8ef95cb,Brenda Johnson,mitchelllauren@example.org,PROD-3454,Implemented value-added paradigm,Books,8,241.84,2026-04-23T05:27:02,completed,paypal,Singapore,South Christopherborough,1934.72
0e836c98-250b-4a85-b175-829cf0676309,c3463142-b56c-4f23-a91f-f7c8e7ef395f,Isaac Gonzalez,fporter@example.org,PROD-9076,Visionary user-facing focus group,Clothing,6,512.15,2025-12-26T17:45:29,cancelled,paypal,Cayman Islands,Bakerfort,3072.9
d63afbec-c23f-4868-8c75-f6ddcbda9694,4acae25a-7487-4089-bd54-bebe6a84c193,Amy Clark,thomas09@example.org,PROD-8220,Visionary zero-defect hub,Sports,7,601.7,2026-01-07T22:45:04,pending,credit_card,Saint Lucia,Maryland,4211.9
e6956bb9-dccf-4b5d-af3f-1d655ecfbbe5,4a9b3b86-c6b3-4a16-a3fa-468506a55a5a,Dana Moore,garciavirginia@example.org,PROD-1579,Persistent optimizing support,Electronics,3,719.67,2026-04-03T08:01:13,completed,bank_transfer,Madagascar,South Paulaport,2159.01
765d06b4-ae76-4bd9-907c-fa07bb304b92,32430012-10e3-4997-a9d5-a3079fb8cbad,Brandi Sharp,pattonkaren@example.com,PROD-6689,Public-key 24/7 approach,Books,6,565.21,2025-10-05T06:51:25,completed,paypal,Togo,Lake Robertview,3391.26
86328acb-6c76-4eae-9a3a-f5271d954f51,8f892feb-58e4-4552-ab77-444453d2e73b,Edwin Martinez,thompsonshannon@example.com,PROD-1000,Business-focused 24/7 project,Food,8,504.01,2025-08-06T03:29:42,cancelled,credit_card,Lebanon,Watkinsview,4032.08
fa3c9da4-aab9-49ba-9482-da489334cb2e,af935ba4-5666-4143-ab66-7f08046b4511,Phillip Williams,kirstenhale@example.org,PROD-8302,Up-sized zero administration extranet,Electronics,10,614.31,2025-08-24T17:37:38,pending,bank_transfer,Portugal,Williamland,6143.1
fd354f67-119f-4948-b89e-0b3083287ef9,9b47316f-ff07-4955-a133-74216fe539f1,Mallory Flores,michele66@example.com,PROD-9555,Public-key high-level forecast,Food,9,39.7,2026-04-20T15:01:40,pending,paypal,Martinique,Williambury,357.3
ed96b108-5f2e-43a6-8808-64c53379a157,3978dd48-d594-4cb7-b19f-c3a784739b8b,Maria Williamson,apitts@example.net,PROD-1489,Adaptive composite hardware,Sports,10,949.66,2025-09-03T22:45:21,pending,bank_transfer,Falkland Islands (Malvinas),Brandiville,9496.6
cabf1a5f-eafc-4640-a0ee-f6155079cad6,87cd87f2-14e4-45f2-a640-375de2885ffb,Charles Tucker,billy91@example.net,PROD-4849,Mandatory systemic success,Books,7,991.05,2026-01-29T08:22:50,pending,paypal,Panama,Marcusstad,6937.35
f87bd2a8-8f5d-40d9-8099-2e97fe8fd1f0,022db964-dc4f-44f8-937c-421b0d9d5de3,Jamie Lyons,tracydaniels@example.com,PROD-5037,Compatible cohesive pricing structure,Electronics,7,579.76,2026-02-12T19:14:01,pending,bank_transfer,Cameroon,South Cassandraside,4058.32
a77fea53-decc-4814-866e-97467a1b51aa,922526e7-9ca4-4934-8d18-09d9fa0fc55b,Tara Cross,smoore@example.com,PROD-8308,Business-focused 24hour migration,Food,1,843.56,2026-02-21T12:08:36,pending,paypal,Spain,East Brittanymouth,843.56
1c44b234-60ef-4e2d-a60e-fa4f9e806c0c,ddc41ff8-b257-4091-ad53-67e27caec21e,Arthur Carr,carlosmartin@example.org,PROD-1232,Streamlined incremental system engine,Sports,6,973.92,2025-11-25T20:28:25,pending,credit_card,Guatemala,South Stacyton,5843.52
52bf5d94-e884-49d1-a142-19ccdcfb6064,28db91dc-d14e-4fdd-accf-7522b8670c85,Julie Smith,jamie69@example.net,PROD-7848,Visionary 3rdgeneration migration,Books,6,470.76,2026-03-28T13:15:28,pending,credit_card,Bhutan,North Richardhaven,2824.56
95eb9bca-6d44-4eb5-9a8b-d5e4d3366b02,53b686d3-6032-42be-a734-33a7b24d2422,Lydia Banks,hwilson@example.com,PROD-1782,Cloned local interface,Sports,6,909.75,2025-12-25T06:05:52,completed,credit_card,Botswana,Ewingfurt,5458.5
a40a9a66-c4e8-4520-ae97-1ccbc6e65bc5,3e4a6a7c-3e8d-4816-beae-8563cc61215a,Kathleen Ramirez,brownethan@example.com,PROD-6057,Seamless 3rdgeneration policy,Clothing,8,273.6,2026-05-14T09:36:04,completed,paypal,Maldives,New Megantown,2188.8
e5db4946-9310-403f-bc23-9d8ec2c57604,b3dcd25a-fd54-4825-9145-b2b8d2facdf9,Marcus Petersen,nanthony@example.org,PROD-6799,Virtual even-keeled analyzer,Electronics,6,214.23,2026-01-15T02:42:18,pending,credit_card,Turkmenistan,New Jimmyfort,1285.38
4386aa36-a58e-45db-88e6-c5c41116bbc1,dc351d29-f171-4203-9efa-c65a4863818b,Gail Andrews,dustinmckenzie@example.org,PROD-3926,Balanced disintermediate focus group,Electronics,2,409.74,2025-08-23T22:12:10,pending,bank_transfer,Aruba,North Robert,819.48
e26f0eed-0889-43b6-a9c1-00434afa01a6,e68bf6cf-b53e-4fa4-a5f8-2c37c9c4cfa8,Karen Shah,barbara67@example.org,PROD-1166,User-centric client-driven architecture,Clothing,5,33.48,2025-06-09T18:39:45,pending,bank_transfer,Macao,South Jamesbury,167.4
45c8cfd6-93d0-47ea-b59b-dcfb3de8387f,9c199f30-3a8b-4051-824e-961441c8e67e,Lisa Morton DDS,steven75@example.com,PROD-1428,Profit-focused fresh-thinking utilization,Books,9,893.79,2025-10-15T08:01:18,cancelled,credit_card,Peru,Dylanfort,8044.11
4d5fc177-9c57-4e3d-84d7-cde64aa4efcb,9fc43a9f-47a8-4759-a08a-762e9279a266,Douglas Phillips,christopherdavidson@example.org,PROD-3193,Digitized maximized hierarchy,Books,4,514.07,2025-12-30T01:06:51,cancelled,paypal,Micronesia,West John,2056.28
33261974-de6c-4815-8f48-4e7b0a28e349,157b667f-322f-4954-b7ef-815e8839bf1b,Desiree Robinson,alexandriawhite@example.org,PROD-3075,Horizontal needs-based methodology,Clothing,8,265.96,2025-09-26T10:18:46,completed,bank_transfer,Maldives,Sextontown,2127.68
a75f26d1-b1c9-4f53-b7a5-4f5965ba6b43,8f393cf3-0110-4f2b-8c97-a23ecc69ca2e,Scott Harrington,woodwardrebecca@example.org,PROD-3599,Versatile explicit interface,Food,5,476.53,2026-02-17T16:46:42,pending,credit_card,Timor-Leste,Vanessabury,2382.65
fd03cd9e-03c9-4651-a3ef-9970d4af565d,7621857b-f2fa-4c3b-87af-4eb36b573d0b,Ashley Sandoval,michelle98@example.net,PROD-9310,Innovative radical system engine,Food,2,718.61,2026-03-19T15:38:28,pending,paypal,Faroe Islands,West Derrick,1437.22
41812eaf-0379-405b-ab34-97738925de48,75797145-5767-4834-9885-4b38055e33d1,Mathew Lopez,cfreeman@example.net,PROD-2408,Balanced multimedia throughput,Food,7,342.45,2026-05-02T19:23:37,pending,credit_card,Finland,North Marietown,2397.15
338f4000-23b5-4978-ae18-c13008a53185,229c6dc3-96f6-4010-8b97-8bbef607dd2b,Heather Mack,vegaashley@example.net,PROD-7030,Enhanced radical firmware,Books,5,622.17,2025-10-17T18:21:19,completed,credit_card,Uzbekistan,Hernandezchester,3110.85
2a085e86-0aed-4286-90e1-e43a51354f10,f3de41dc-29b6-4ebc-a8a7-fc8e5b0d22dc,Denise Patel,griffinabigail@example.org,PROD-6545,Quality-focused incremental middleware,Clothing,10,257.49,2026-01-07T18:16:56,cancelled,credit_card,Montenegro,South Leslie,2574.9
a8250b05-4edc-402b-a5b9-a7c92c399a82,7a7db641-715b-4922-9f0e-7f1c79e719e2,Terri Oliver,emmacampbell@example.net,PROD-1316,Down-sized responsive data-warehouse,Electronics,9,450.47,2025-09-18T14:30:52,completed,paypal,Myanmar,New Alexland,4054.23
4cbfaf61-cd50-4edf-ac1a-38b3b8c315f8,0678d7b8-3a98-4377-b345-99ddca7c16dd,Christopher Mccormick,trose@example.net,PROD-5468,Sharable value-added encryption,Sports,7,66.94,2025-12-11T04:57:14,completed,bank_transfer,Italy,Stevenmouth,468.58
21378b57-8340-46f1-ad70-190f7ae04acb,16aaa9c9-0993-4fe0-818e-5087dcd60653,Anthony Smith,christinehatfield@example.org,PROD-8747,Focused systemic infrastructure,Sports,5,17.24,2025-11-18T03:52:49,completed,paypal,Antarctica (the territory South of 60 deg S),Ibarrafurt,86.2
3bf6033e-3ccf-4a90-97f4-ce3c20f7a89c,5b411f70-5eb5-48fd-9ccc-9487d8fb6f33,Leslie Moreno,farmertravis@example.org,PROD-2495,Streamlined solution-oriented application,Clothing,9,434.94,2025-08-25T03:35:34,cancelled,credit_card,British Virgin Islands,Crosbyton,3914.46
92f48e2e-f82e-43f3-9409-cc4f1f840f08,20515166-4c5c-4b41-a4b1-adadfc8c2d9f,Edward Mclean,eweaver@example.org,PROD-3065,Total systematic open architecture,Sports,6,109.91,2026-01-28T18:17:17,completed,bank_transfer,Antigua and Barbuda,Angelaside,659.46
84669982-cc66-47ae-9a23-916a5cc52309,0e818110-4c4b-489f-9032-db5e77a73136,Morgan Knox,mfaulkner@example.org,PROD-2296,Digitized solution-oriented process improvement,Clothing,6,452.58,2025-07-26T06:12:54,pending,credit_card,Myanmar,Victorville,2715.48
0486718e-d36c-44c3-9529-4c826ab1c8a9,a0f20dfa-6c4f-47eb-91e5-4c5ced15ed56,Alexis Stewart,terickson@example.com,PROD-6935,Switchable leadingedge frame,Electronics,1,14.38,2025-09-14T18:16:05,cancelled,credit_card,Zimbabwe,Port Jamesbury,14.38
20a27f53-32ca-4904-acaa-655467f04ce9,6c58ff49-fdaf-4450-ac38-10ac5f08f6a4,Anne Wyatt,taylor46@example.net,PROD-3000,Team-oriented national array,Books,5,756.95,2025-09-20T11:53:20,pending,credit_card,Finland,Nathanport,3784.75
a2d25052-a600-460e-a3d9-cfb62fb5b9a3,014c5d75-ca9a-47b5-8c6b-c1e951075c40,Tyler Patel,lloydpeter@example.com,PROD-5247,Total static challenge,Books,6,955.11,2025-08-16T03:50:34,cancelled,credit_card,Sudan,New Kyle,5730.66
76ca0187-7eb9-4331-b8b7-ccbd54efdd1b,cfbf00d5-6f4e-433e-b150-24b70cbb7fee,Robert Smith,jamesnewton@example.com,PROD-7856,Seamless real-time data-warehouse,Electronics,1,419.36,2025-06-27T07:07:34,cancelled,credit_card,Swaziland,New Robertborough,419.36
27eb8ec6-5043-47b4-9e9e-911e64650dc1,a2aa5efb-8b2a-4188-b9de-fa46ca4891db,Rebecca Hunt,clementschristine@example.org,PROD-5644,Customizable intermediate utilization,Electronics,1,292.9,2026-01-31T02:29:19,cancelled,credit_card,Yemen,Hallton,292.9
853eb8cc-7377-4289-9ee1-5045441d86c5,acf801b2-ae77-462e-b851-d3942cc09f87,Donald Mcguire,redwards@example.org,PROD-8007,Fundamental asymmetric process improvement,Books,10,215.84,2026-04-28T02:15:36,pending,bank_transfer,Mongolia,North Robertborough,2158.4
92274319-adb9-45e0-9cd8-5c38afb100b7,509be152-7a3d-4982-aefd-2b96bab5ae18,Shannon Lee,melissasmall@example.org,PROD-6550,Phased 5thgeneration solution,Sports,2,709.19,2026-05-26T21:02:58,cancelled,bank_transfer,Gambia,West Jason,1418.38
5cfe79cd-c42d-4ad1-b713-d509da2de382,be70a8e8-14fa-4597-a5f8-3f435b7b6aa4,Lori Clayton,johnwarren@example.org,PROD-2023,Focused tangible monitoring,Food,4,990.15,2025-09-06T14:29:55,completed,paypal,Japan,Port John,3960.6
94363e22-6975-43fe-87a4-9867c3e8c61a,8c3d7557-4b57-4549-ae99-329ad51d29ae,Donna Vaughan,dicksonmelissa@example.org,PROD-8762,Operative explicit secured line,Sports,9,479.87,2026-02-15T19:41:35,pending,credit_card,Saint Lucia,West Carriefort,4318.83
99792eb5-2140-4206-b131-858a6014970b,76c5d969-494d-48e5-a75d-f4a556087680,Calvin Chase,matthewschristopher@example.net,PROD-6695,Fully-configurable local process improvement,Clothing,6,51.52,2026-03-07T20:12:57,completed,paypal,Norfolk Island,South Tammyborough,309.12
0207924f-51e3-4d58-be67-2bdadffc5b5a,523c4c8d-0e07-43d2-9a0d-c662305a2c19,Robert Cordova,garzatabitha@example.com,PROD-9228,Fundamental incremental utilization,Electronics,1,296.3,2026-05-28T11:16:26,completed,paypal,Czech Republic,Gomezland,296.3
3de5f840-d3c0-4531-a486-99bb75d529eb,8a57a50b-6685-4873-927e-b0c876d3f62f,Michael Smith,nathanvega@example.com,PROD-2756,Multi-channeled client-driven superstructure,Clothing,7,215.79,2025-12-13T08:05:24,cancelled,bank_transfer,Mozambique,North Carolyn,1510.53
2f9e7884-1fb1-4bd9-b679-33364c02dced,a479cb84-1cc4-44d8-9a89-164f6b077f84,Lindsay Bell MD,bcharles@example.net,PROD-1446,Re-contextualized bottom-line secured line,Food,4,398.24,2025-09-26T03:26:30,cancelled,paypal,Cayman Islands,North Juliehaven,1592.96
c2666827-48a1-41c9-b1bc-42b6c747ae87,2b427848-616f-4b91-8596-383fa1e9297d,Kelly Hickman,mirandabender@example.com,PROD-8838,Customer-focused static pricing structure,Electronics,8,14.48,2025-09-07T14:53:21,cancelled,paypal,Canada,Kellyport,115.84
3e7d31e2-0d5a-4ec7-ac95-fa8df3786624,9f8de9db-485f-40f8-98b7-6ccb40b368d2,Melissa Miller,kelly99@example.net,PROD-3038,Pre-emptive next generation data-warehouse,Sports,4,881.72,2026-03-09T23:12:56,cancelled,credit_card,Bulgaria,Port Morgan,3526.88
13fe6601-97f0-4668-a704-e0b0879c228d,d72fc3bd-73fb-4a1c-b972-8b833fc160c1,Kristina Garza,christopherdougherty@example.com,PROD-3847,Self-enabling solution-oriented knowledgebase,Food,9,688.89,2026-05-06T10:00:29,completed,credit_card,Mali,Kimberlyton,6200.01
d973fd49-7058-4eb9-9814-0ba7aae70ded,7cb4ce4e-8396-4146-8030-9da436c76f8e,Brandi Ray,cgarcia@example.org,PROD-8501,Vision-oriented demand-driven hierarchy,Clothing,1,253.67,2025-07-12T04:43:51,completed,paypal,Lithuania,South Rachel,253.67
0e38886f-11ea-419b-9ced-3604c4bed0f4,61e35104-0501-4ad5-853d-617f07a917b3,Thomas Davis,jaywalker@example.com,PROD-8608,Balanced maximized throughput,Sports,6,257.64,2025-06-23T09:20:03,completed,bank_transfer,Poland,South Rachelberg,1545.84
4d938281-1cbf-4845-94ba-5e5f39e49200,aa3a50fe-e3ce-47f8-8130-2fab7bf00688,Robert Martinez,charles61@example.net,PROD-2153,Multi-layered zero-defect complexity,Electronics,4,708.74,2025-09-03T19:18:32,pending,paypal,Belgium,New Terryland,2834.96
025eadbe-cc9f-4fd0-b7a7-983341970f3d,3d280fd4-6733-4e59-acb9-adda6c19cc21,Julie Simmons,zcherry@example.net,PROD-2866,Re-contextualized well-modulated approach,Sports,6,428.88,2026-05-29T14:41:05,pending,paypal,Svalbard & Jan Mayen Islands,Michelleside,2573.28
70ec4ce5-134b-4446-8cb7-075cb5273218,51c35619-9259-4887-8af9-511ba4051a1e,Christie Thompson,pbrown@example.net,PROD-5024,Inverse bandwidth-monitored protocol,Books,5,672.14,2025-09-06T04:34:29,completed,credit_card,Brunei Darussalam,Larsonhaven,3360.7
2e299195-a0b6-468b-baa6-b6ed912e2c71,4b8f81fb-c415-4962-a1dc-73a2b09b711e,Anna Bell,jasonwest@example.com,PROD-3359,Universal optimal hardware,Books,5,914.76,2026-02-09T22:18:49,pending,credit_card,Mozambique,Davismouth,4573.8
68c44950-8edf-437f-baf3-0e0abcdaeb5c,9b80141f-43d1-458a-89ee-007824aac2ee,Stacey Bright,ginafitzgerald@example.net,PROD-8956,De-engineered impactful leverage,Books,2,919.82,2026-06-04T01:22:26,completed,bank_transfer,Saudi Arabia,North Lindatown,1839.64
82dd271c-b72f-4f8d-a222-0e2e4337dcdb,4a330ad2-01a6-408a-82cd-f95f173f1114,Patricia Bowers,lindagross@example.com,PROD-7926,Mandatory 24/7 installation,Electronics,8,375.94,2025-09-22T15:57:32,cancelled,credit_card,Bahrain,Paulfurt,3007.52
10e55ab2-d0d7-4f50-b4e1-526c0e7bf6cf,e35cfbbf-a60a-4d14-9e0c-3c40a40788b1,Carolyn Crawford,ronaldmartinez@example.org,PROD-7536,Ergonomic incremental support,Food,9,29.05,2026-03-26T05:40:30,pending,paypal,Saint Vincent and the Grenadines,South Juliehaven,261.45
f4e1a03c-80b6-4a5a-86e5-6a2ab774c173,a3c5b9eb-b608-4c86-9a2e-abdbad98eddd,Jessica Rivera,goconnor@example.com,PROD-6988,Vision-oriented bottom-line product,Sports,9,135.24,2025-09-16T03:01:35,cancelled,bank_transfer,Seychelles,Ericstad,1217.16
4e95d4ef-35d6-4c96-b994-0bab2066dc50,a7e139bd-8e95-47b0-b9e5-e171378cde59,Tracey Young,melissamitchell@example.org,PROD-1505,Universal logistical paradigm,Books,4,405.7,2025-12-19T16:24:43,completed,credit_card,Central African Republic,Eileenview,1622.8
e52a4bb6-3623-45a3-9a36-959029813495,287da2bc-84b1-4141-a9bb-46cf9245a4fb,Jason Osborn,patrickcraig@example.net,PROD-4456,Advanced intangible array,Books,1,238.17,2025-09-27T13:16:43,cancelled,paypal,Belgium,Wallaceville,238.17
c3a493a7-ecb1-4d3a-ac19-fab6b804bc5d,86a1a739-4553-45f7-9017-0d6778653301,Kimberly Turner,louis49@example.org,PROD-8257,Implemented fault-tolerant knowledgebase,Sports,4,563.89,2026-01-03T10:56:49,pending,credit_card,Bangladesh,Davidview,2255.56
d7eeeb0c-c958-4b1b-b49c-e37facaa0750,384b7bc7-42f1-4816-95ff-8407a52d7e16,Michael Wyatt,christian23@example.org,PROD-5520,Persevering local encoding,Food,4,789.04,2025-09-18T11:10:13,pending,paypal,Japan,Castroburgh,3156.16
dd10ef84-43f2-456e-91be-705f9082df4e,25543aee-56ed-49a0-9d13-c25d6e42f7c4,Timothy Kelley,jennamoore@example.net,PROD-1243,Synchronized maximized projection,Electronics,6,180.16,2025-07-11T01:11:01,cancelled,bank_transfer,Botswana,Lake Katherinefort,1080.96
95430e64-ff68-4cae-894f-a8710f2ef695,0623f722-8c2e-4508-a860-c830e8797a15,Jonathan Hunt,susan57@example.com,PROD-3079,Decentralized 3rdgeneration service-desk,Books,10,176.56,2025-11-16T04:30:03,pending,paypal,Iran,North Joseph,1765.6
4c114b26-cb96-435b-84ea-63b8e5c6f55f,18999e6f-6065-4c77-88d0-8f78e1656aa3,Debra Adams,cwhite@example.net,PROD-3877,Switchable stable customer loyalty,Food,8,81.37,2025-12-22T06:09:58,completed,bank_transfer,Cambodia,West Desiree,650.96
eed9fae8-5192-4cdc-8022-4392027be932,df662f06-4532-4abb-a8e7-56eb26b6d798,Peter Guerrero,whitneyrichard@example.net,PROD-9685,Reverse-engineered grid-enabled definition,Clothing,7,146.86,2025-07-31T01:03:03,cancelled,credit_card,Colombia,New Raymond,1028.02
ea5c365c-1364-4318-9f39-9054f34f36bc,35a25fb3-a06c-46ff-bb55-efe7b78bc40d,Danielle Jones,paula13@example.com,PROD-8152,Mandatory cohesive intranet,Electronics,2,714.86,2025-08-08T14:27:40,cancelled,paypal,Monaco,Gordonstad,1429.72
70ff3aba-0a84-4b23-8a97-dc7ec15d9f8e,d9594e64-85b0-4431-89d6-4a7252244545,Alexander Soto,ehahn@example.com,PROD-9628,Object-based tertiary hub,Sports,3,29.17,2025-10-16T08:17:44,pending,credit_card,Ghana,Fernandostad,87.51
46380418-2ac9-4ba4-a7fe-725cfddf77a0,19172bff-6c4a-43ee-9e7f-fe65e67cad6b,Matthew Thompson,darylwise@example.com,PROD-1554,Organic bifurcated contingency,Sports,8,319.23,2025-07-14T05:56:51,pending,paypal,Mozambique,North Anita,2553.84
9fbd6f95-26b4-4c8c-b529-59f4ecd5b38d,c9d223fc-498d-4c4c-b68f-78b3bcba6370,Michael Sullivan,adam06@example.net,PROD-9310,Seamless contextually-based budgetary management,Books,2,39.83,2025-07-16T08:23:03,completed,credit_card,Georgia,West Monique,79.66
ed70092b-5cb9-4596-8876-2f04f1d0e27e,81fec9c8-02ac-4737-ac40-01ec86628b7d,Linda Kelley,smoody@example.org,PROD-7920,Compatible client-driven encoding,Food,3,710.59,2025-06-08T03:24:02,cancelled,credit_card,Singapore,North Melissaville,2131.77
bc9c98d3-2193-4747-81dd-2d90ca464eb4,60105b27-7be6-483e-9d55-28072608e55f,Michelle Robinson MD,elizabeth94@example.net,PROD-9036,Distributed full-range help-desk,Books,2,528.16,2025-08-30T05:58:10,completed,bank_transfer,Saint Pierre and Miquelon,South Anthonyhaven,1056.32
74754f68-79ac-406c-b3e5-376b7f18c721,fc1b15e1-a8c2-4459-86af-262555428801,Nancy Tapia,choiscott@example.org,PROD-7680,Exclusive multi-state analyzer,Clothing,6,122.65,2025-12-23T11:31:08,cancelled,credit_card,Congo,East Joshuaport,735.9
a60efffc-f2d6-4f5b-b672-f1a15b8d32dc,7f10f018-4471-4d0d-8269-e897af7d3dd8,Kerry Cook,hendersonkimberly@example.net,PROD-4042,Visionary real-time methodology,Food,9,564.65,2026-04-05T16:09:30,pending,bank_transfer,Papua New Guinea,Karenshire,5081.85
079aeeb8-6379-4fa4-969b-a8a176bf0106,b7781479-a04e-4746-a6bc-59d04794feea,Paul Murphy,tammycampbell@example.com,PROD-5651,Triple-buffered web-enabled protocol,Food,7,187.25,2026-05-14T09:43:54,pending,bank_transfer,Isle of Man,Laceyland,1310.75
ded7acb6-706a-46ef-a49b-0a18556e0f3a,9035a12e-045b-4468-b0ad-765c55946fdd,Brian Edwards,tonypittman@example.net,PROD-4148,Phased 4thgeneration structure,Electronics,4,304.64,2025-07-04T12:24:38,cancelled,bank_transfer,Kenya,Lake Michaelburgh,1218.56
3c632cbf-f749-4e0f-8c1a-b7759aa59091,9df86f4f-079e-420f-808c-e1af96514cc1,Eric Jones,robertescobar@example.net,PROD-7452,Horizontal holistic functionalities,Clothing,7,415.31,2025-12-09T06:32:20,completed,bank_transfer,Aruba,Lake Andrewview,2907.17
d0c416fd-7d83-4ab6-aec6-957c84ccb5a3,73fbfec2-eb2e-4453-8834-f0cfddfc32db,John Nelson,tevans@example.net,PROD-8390,Extended intangible ability,Clothing,9,870.58,2025-07-31T11:12:22,pending,bank_transfer,Madagascar,Taylorton,7835.22
e1f33cef-52cc-43cd-a71c-5ba6d045088f,2ccb9dc2-5c4a-43b8-a23b-8a84c3d54f4c,Jennifer Murray,joyce75@example.com,PROD-5919,Cloned value-added paradigm,Food,5,687.9,2026-03-02T02:23:13,pending,paypal,Tanzania,Port Michaelside,3439.5
dac2f566-7e1f-47b7-8431-b61974dc7670,61df1bca-656f-4548-8c64-98fa80ada2f9,Karen Pugh,qnelson@example.com,PROD-6645,Configurable client-server leverage,Electronics,7,67.83,2025-10-13T19:39:59,cancelled,bank_transfer,Trinidad and Tobago,South Scottland,474.81
0bb2dffc-f5ca-47b6-94b1-4a3570733996,cf7837a9-d795-4d32-857a-5571ab6b53a8,Jacob Collins,scott19@example.com,PROD-5408,Grass-roots zero tolerance matrix,Books,7,655.14,2025-06-17T21:48:03,completed,credit_card,British Virgin Islands,Emilyfort,4585.98
16e8520f-eb80-4586-8906-d2b41f3dbbf3,137c39e1-6ea0-4774-8a3c-c35a569915e5,Miguel Vang,juan12@example.org,PROD-6586,Switchable intangible complexity,Sports,7,934.47,2025-07-28T06:51:39,cancelled,bank_transfer,Kenya,South Mary,6541.29
7bb24325-a239-41db-a1fc-03fdc07e2d64,3d602f01-ed83-43e1-9f6d-1a8f721508a1,Paul Maynard,richard11@example.org,PROD-9659,Virtual 24/7 middleware,Food,10,40.18,2025-09-10T23:44:07,pending,paypal,Saint Barthelemy,East Jenniferfort,401.8
a7c9e7da-6ecf-497d-8f10-a3be87baeac4,8118afb1-ea04-43d0-9048-c6bf813236a4,Deborah Garza,bparker@example.net,PROD-5945,Re-contextualized high-level Internet solution,Clothing,2,922.0,2025-12-31T06:25:52,pending,paypal,Gambia,Port Lindseystad,1844.0
d8250792-5e70-4e71-b067-9d0dd77db785,e1c45c8a-85e1-4e01-9580-6998701d462a,Amy Curtis,williamssteven@example.com,PROD-1319,Cloned holistic circuit,Food,4,473.46,2026-04-17T15:25:13,completed,paypal,Grenada,Tarachester,1893.84
0d67c6ca-bf2f-460c-a39a-bcaae2b6958b,193867e7-3b71-4aae-9dcf-5ea7a8a70b4f,Megan Clark,youngmichelle@example.net,PROD-7640,Balanced value-added neural-net,Food,7,67.62,2025-11-15T00:34:26,pending,credit_card,Guadeloupe,Lake Rebeccamouth,473.34
c0e1eb13-13f7-44ef-8ac3-853790e743c5,e5c4d3ca-45af-45f7-911c-0955ff3f05f1,Gabriella Harper,jason15@example.net,PROD-2449,Synergized bottom-line focus group,Food,2,978.64,2025-07-02T09:05:55,cancelled,paypal,India,Stewartland,1957.28
ce36f18d-9c78-4d1d-9f01-659eba05d0ab,070d4083-1f5f-4e3c-8954-a85f4cb0b0a6,Susan Hoffman,pricemonica@example.org,PROD-1705,Realigned full-range workforce,Electronics,5,799.09,2025-08-28T21:42:12,completed,paypal,Suriname,Jessicachester,3995.45
ff59afe5-8356-4c34-ae97-03bb8c76b001,67609662-f3dc-4ca2-91d8-99f77a919665,Sally Leon,bradley57@example.com,PROD-4259,Cloned leadingedge Internet solution,Electronics,2,683.92,2025-10-06T15:27:55,cancelled,credit_card,Haiti,Aprilstad,1367.84
52cf4b71-b0b8-48e3-8067-f59329f56d5e,44450aad-6180-4a76-bd74-4eb0e27aa3a2,Ryan Martinez,nflores@example.net,PROD-4086,Cross-platform 4thgeneration approach,Clothing,6,536.32,2026-03-23T02:38:31,pending,bank_transfer,Qatar,Lake Ashleybury,3217.92
92188a50-d5a5-42f9-b75e-15d454c53cfc,3201b218-ec76-4385-bcfe-2af47341c930,Leslie Thomas,santoskatie@example.com,PROD-4943,Realigned next generation hub,Food,5,474.2,2026-01-07T01:46:58,pending,paypal,Korea,New Victoria,2371.0
37fc933a-f724-40ea-b1ad-c251eb4f9744,9f58096f-d138-4996-8f13-a140509092a7,Cynthia Reyes,jamie97@example.com,PROD-2807,Self-enabling demand-driven functionalities,Electronics,4,468.92,2026-03-10T12:03:38,cancelled,bank_transfer,Mayotte,South Melissa,1875.68
20510ff1-9c37-4a35-a7ac-3b93793f94bb,e60a125e-d0e0-4345-b0b6-22ebfc1a9345,Nicholas Evans,william93@example.org,PROD-7617,Pre-emptive leadingedge alliance,Sports,3,446.11,2026-01-30T17:49:48,completed,bank_transfer,Angola,Port Michael,1338.33
146ab4da-194a-46c8-b112-2cc7697a8552,041f51d1-cfe0-4cd5-88d6-76bda27b483a,Joseph Robinson,scott27@example.com,PROD-3521,Public-key discrete ability,Food,7,459.19,2026-04-06T11:59:47,pending,bank_transfer,Serbia,East Jeremyville,3214.33
bae57dbb-5d03-4162-ac0a-bfd89e9cf2a3,119bae81-1945-4ac3-8369-a0ac7a69fc62,Nicholas Baker,john19@example.org,PROD-3464,Operative clear-thinking parallelism,Electronics,4,36.49,2026-01-25T05:32:38,cancelled,credit_card,Finland,Lake Chad,145.96
b8ae47d7-47dd-4aa9-a2bd-683faf612fa4,044eaed4-8db2-40b6-bae5-3e3d88752559,Mario Brown,roblesbrian@example.net,PROD-9006,Secured 6thgeneration approach,Clothing,4,816.35,2025-08-07T02:44:27,completed,credit_card,Belgium,Lake Luke,3265.4
ae131b6c-bd9b-4217-b8c4-4d665294037c,e013b9e3-b676-49b0-a200-ab61a53288ec,Rachel Burns,xporter@example.com,PROD-4519,User-friendly 6thgeneration protocol,Books,3,989.45,2025-07-20T22:53:56,cancelled,credit_card,Mayotte,North Gregoryhaven,2968.35
aaaf0a0c-c169-4b49-b7c8-508528f043dc,cb316023-b660-4d18-9fb0-4c154f2cd4e3,Sarah Cameron,ureynolds@example.net,PROD-8710,Decentralized exuding standardization,Sports,2,638.16,2025-07-23T17:47:59,pending,bank_transfer,Liberia,Rileybury,1276.32
5c991549-f7d9-4ca9-93d7-f45ca78f9375,e1d19bf1-b8e8-46f6-8d65-cdef2184ec82,Steve Cunningham,jeffery31@example.com,PROD-8133,Distributed global adapter,Food,4,328.31,2025-10-02T14:51:41,completed,bank_transfer,United States of America,East Nicholas,1313.24
8d6b76f6-7c41-41b7-af9d-cb65565612eb,6d1f90eb-adf0-44a7-8d86-1762a3a998cf,Fernando Hester,erik91@example.com,PROD-5123,Synergistic dedicated complexity,Clothing,1,68.69,2026-02-18T16:05:21,pending,bank_transfer,Mayotte,Harrisonstad,68.69
2886dec4-5837-411d-aab9-b226c4a85223,3fe813ec-f434-4aa6-be81-53584a654e34,Matthew Scott,aweber@example.net,PROD-8752,Persistent content-based array,Electronics,3,83.78,2026-03-07T22:20:09,cancelled,paypal,American Samoa,Gregoryhaven,251.34
bf8b1ca0-dafa-4e86-9a2e-378c23ec93ed,f000d28f-5929-4816-b009-7934b115f701,April Solis,marctaylor@example.com,PROD-7109,Face-to-face dynamic productivity,Sports,5,500.39,2025-11-16T19:59:44,pending,credit_card,Iraq,New Tiffanyborough,2501.95
e7f07006-da64-4a57-8973-ba3f0e99485f,0858304a-2559-461e-b37c-281e53045660,Deborah Allison,odawson@example.net,PROD-8484,Customer-focused 5thgeneration parallelism,Food,9,587.62,2025-11-22T21:13:17,pending,bank_transfer,Latvia,Greenstad,5288.58
c97d9368-3fb0-49e0-bf3b-659abc525949,d2936ac8-0829-4e89-8c50-8596ce0da91f,Nicole Wiley,john35@example.net,PROD-1145,Programmable stable encoding,Food,9,943.49,2025-12-01T00:38:03,completed,bank_transfer,Poland,East Hannahville,8491.41
bc27233f-d3f1-4dba-b88a-beaccd6a4331,f68fd80e-4888-4b7d-9c62-933914cae8a7,Jennifer Alvarez,henrykaren@example.org,PROD-4071,Business-focused attitude-oriented hierarchy,Clothing,5,326.86,2026-04-21T12:43:30,cancelled,credit_card,Morocco,Port Patrick,1634.3
c49e5c04-aeee-4690-a775-1aed2a4d4124,570b94f2-150b-487f-8534-d37c89cca8ed,Michael Smith,kelseynichols@example.com,PROD-2633,Re-contextualized empowering orchestration,Books,4,696.38,2025-10-02T03:44:42,completed,credit_card,China,North Randall,2785.52
f8798f9a-95fe-48ff-a586-3cf70268032d,edd2aed4-c397-4f71-9748-8c480d8cec74,Joel Robertson,rachelmoore@example.net,PROD-3190,Business-focused optimal migration,Food,1,52.55,2025-06-29T20:20:21,completed,bank_transfer,Guinea-Bissau,Tylerview,52.55
c2c52577-9d49-4a66-963d-fbd8d6823897,47081445-991b-460f-83d5-fad14c93c292,William Pearson,sherry31@example.org,PROD-5763,Digitized real-time intranet,Electronics,7,986.62,2025-08-05T23:58:11,pending,paypal,Antigua and Barbuda,West Jeffrey,6906.34
6187f21e-8e85-4ffa-9fde-deea58165973,58e5342b-c45c-45b5-8628-208d46a43c6e,Dr. Melissa Ramos,marvinbrown@example.com,PROD-2640,Adaptive tertiary access,Electronics,5,525.21,2025-11-05T22:23:38,cancelled,paypal,Tuvalu,Gordonland,2626.05
58893707-c5cc-4b39-94e6-562c6caba365,bd1f52ea-8363-4229-82db-d544742303c9,Randall Kim,edwardsjoseph@example.com,PROD-9112,Future-proofed background extranet,Sports,7,980.94,2026-05-17T00:21:03,cancelled,bank_transfer,Canada,Rachelfort,6866.58
17d4c9df-5aed-4ea4-88ad-16241600626c,8b357f9e-995f-4db8-aa2a-61ca897d0adc,Andrea Armstrong,adrienne56@example.com,PROD-8453,Switchable background capacity,Food,8,337.54,2025-07-01T05:14:07,pending,bank_transfer,Faroe Islands,Lake Christinechester,2700.32
76d1ff3f-420c-4762-8211-fdbfdeb86b75,da15e3b9-0a4a-44ae-8bc0-ae87bdd85aec,Jasmine Fuller,awaters@example.com,PROD-1967,Reverse-engineered system-worthy analyzer,Electronics,9,843.39,2025-11-30T07:51:22,cancelled,paypal,Rwanda,East Roger,7590.51
4d775539-3f6b-4c9a-8688-54b2f52b328f,99157417-72bd-4722-82b4-97ac8280dc6c,Marissa Hill,richardsonjacqueline@example.net,PROD-6654,Networked cohesive matrices,Food,2,457.62,2025-12-13T23:50:17,cancelled,credit_card,French Polynesia,Jimenezville,915.24
437f4d78-8ff6-4e3d-9daf-624dcbfa05a6,c7d7e286-eaed-46a2-8129-12262e2c6c03,Joshua Wells,sloanjoshua@example.net,PROD-8294,Focused human-resource installation,Electronics,7,221.35,2025-08-07T03:16:23,completed,paypal,Spain,Thomasview,1549.45
870841f6-b483-4606-a594-9b90fa6ecb11,7809a6ce-a766-4e86-89bf-7acfe121e367,Jessica Baird,marygreen@example.net,PROD-7481,Object-based modular orchestration,Sports,7,727.57,2025-06-30T15:54:16,pending,bank_transfer,Guernsey,Cristianside,5092.99
d473a854-ffdb-49a0-892f-9cb46353f4b8,a9257081-66fd-4210-b89a-f2684f870d4a,Sarah Thompson,kevin36@example.net,PROD-3148,Intuitive 3rdgeneration model,Electronics,1,75.02,2026-04-19T12:56:32,completed,credit_card,Aruba,South Michaelfurt,75.02
91e3edb4-6b1c-48d3-aedc-3b0af17e442a,e9b47db7-41e7-4299-a1b9-c749cee4322d,Nicole Ochoa,ymccall@example.org,PROD-3604,Programmable dynamic frame,Food,5,282.16,2025-06-14T23:37:07,pending,credit_card,Saint Barthelemy,Blakestad,1410.8
fbea16d1-5bc0-4ea7-84ad-fe6d28b5b4c7,231298b9-8f26-43b6-9c40-ba7a685c262a,Brenda Garcia MD,christopher64@example.net,PROD-9721,Team-oriented next generation time-frame,Clothing,4,414.57,2025-10-31T15:49:30,cancelled,bank_transfer,Nigeria,Riggsmouth,1658.28
85377807-0bed-400c-8c3e-1763666a527f,230a122e-f174-4ba5-9b7a-1ea19572bc44,Randy Simmons,dortiz@example.net,PROD-4323,Profound maximized info-mediaries,Clothing,4,597.44,2026-03-29T05:08:24,cancelled,credit_card,Congo,Holmesmouth,2389.76
78388c57-4787-4c18-b3c7-9d611c358ecc,836c6415-7ef8-4507-905e-a221b14a27b7,Mallory Wilkerson,phyllis31@example.org,PROD-1815,Multi-tiered content-based initiative,Electronics,9,444.82,2025-11-01T21:05:07,cancelled,paypal,Anguilla,New Kendra,4003.38
f40f541f-1b2a-47ef-9022-30ea3f539ce3,0eedb686-8fdc-4d98-bae1-70ddf151e7d2,Susan Robinson,maria38@example.org,PROD-5596,Ergonomic systemic definition,Clothing,3,75.93,2025-12-12T06:15:00,pending,bank_transfer,Guadeloupe,New Michaelchester,227.79
f64a583d-5c3a-47a2-8a68-6d20e46e819f,10c3d533-2128-465c-9d6e-ac8e1724d870,Kathryn Christian,cindyhardy@example.net,PROD-5472,Multi-lateral 6thgeneration circuit,Clothing,7,428.69,2025-08-29T05:27:03,completed,credit_card,Swaziland,Yangmouth,3000.83
9868894b-ce11-44b6-8f21-0e117e115cd2,12d61edf-4460-4d3b-830a-8c8ca24e3350,Julie Lewis,haneyrobert@example.com,PROD-4582,Re-contextualized discrete installation,Books,5,982.57,2026-03-23T15:03:48,pending,credit_card,Croatia,Port Marthaland,4912.85
6c9242c3-caef-41c5-a217-c389a354f1d2,b1ec4def-14fe-45c1-af44-f8c074513d74,Jacob Rice,vmelton@example.org,PROD-4656,Balanced demand-driven flexibility,Food,1,981.89,2026-02-08T06:02:59,pending,paypal,Liberia,Lake Jaredview,981.89
9886e4b2-ac14-4b54-8eac-4ae1849a017e,1902e350-3c71-43b3-b383-b8104a78ddd8,Kayla Morton,jeffreyperez@example.com,PROD-9405,Digitized system-worthy synergy,Sports,10,39.65,2026-04-14T09:10:29,cancelled,credit_card,Kenya,Michelemouth,396.5
1edd0239-f2be-4e36-9403-ed1afcc7d719,fb451dda-15a2-4586-a4d2-7590e823a4ab,Richard Frazier,xchen@example.net,PROD-4218,Digitized eco-centric time-frame,Electronics,7,969.48,2025-07-20T14:58:07,cancelled,paypal,United Arab Emirates,Gonzalezborough,6786.36
08a63b5c-5fec-453e-9afa-2b470eda94ed,d648ed30-6f0b-4802-8aed-a0d106fadb47,Julie Mccullough,washingtondaniel@example.com,PROD-3147,Cloned secondary emulation,Clothing,3,776.3,2026-01-23T23:55:14,pending,credit_card,Kuwait,South Mary,2328.9
9ea9ee69-0019-4ea1-8bac-fabb6a7bfae7,51eb5839-c492-437f-a11d-76cbaca61ec5,Jay Bond,brownmichelle@example.org,PROD-8386,User-friendly impactful toolset,Sports,3,945.29,2025-07-21T17:42:12,cancelled,credit_card,Zimbabwe,Rodneystad,2835.87
a7f31193-bb4b-4a8d-bbe8-f189f7a498d9,552c4439-efc9-43ae-a66b-40c5b2e1cbe1,Daniel Johnson,donaldsonjodi@example.org,PROD-8632,Persevering asymmetric synergy,Food,3,722.18,2025-12-01T03:47:38,cancelled,bank_transfer,Saint Pierre and Miquelon,West Theresa,2166.54
040d5f3d-487a-4aa8-a0e4-542000b2ab2f,e3b732de-1095-487c-bd19-1c018fe61a4e,Kenneth Garza,swhite@example.org,PROD-6475,Down-sized content-based infrastructure,Sports,4,279.78,2025-12-01T01:56:52,pending,credit_card,Guadeloupe,North Joseph,1119.12
e1cdfe93-b218-4845-a9cc-f0fdc63ee8dd,b657f100-d635-4c84-921f-bb70f59e5b06,Michael Hernandez,susan84@example.org,PROD-6130,Cross-group scalable website,Electronics,2,578.09,2025-12-12T17:19:29,completed,bank_transfer,Brazil,Lake Nicoleburgh,1156.18
1229d90e-145b-4eff-9526-0b50c4fde0a9,0531f373-ff6b-4a7f-82e5-a1a370849de3,Jon Greene,ybrewer@example.net,PROD-8578,Decentralized multimedia orchestration,Sports,2,821.51,2025-06-15T21:30:08,completed,credit_card,Nicaragua,Lake Ashley,1643.02
baa54c9b-7dae-45ce-9d11-4b64e013db10,64a24d8c-99f2-409c-8887-52895d45f6c7,Brandon Hughes,jenniferclark@example.org,PROD-9521,Triple-buffered client-server superstructure,Sports,8,210.11,2026-05-28T15:10:39,pending,paypal,Romania,Morenostad,1680.88
ff2d16e6-9315-4cf7-b89d-45d9693e233a,52cad7ec-8473-408d-b6b4-ab949121c17f,Kenneth Pena,djackson@example.net,PROD-7005,Multi-tiered impactful moderator,Electronics,3,225.39,2025-07-23T16:42:39,cancelled,credit_card,Jersey,South Terranceberg,676.17
aeecb84d-1cfb-479c-be7c-4e4d81890832,f5749d9a-e5ab-453b-bb9e-b117d2e3c52c,Ashley Serrano,kevin14@example.org,PROD-9626,Innovative zero-defect productivity,Clothing,2,122.87,2026-05-09T06:28:10,completed,paypal,Norway,West Brandi,245.74
c3d28abf-0010-4d2b-9257-75b5b7ebed00,0582b314-44e0-415e-8e45-eda879e9c386,Angel Daniels,dana37@example.net,PROD-7745,Triple-buffered hybrid core,Food,2,735.12,2025-12-09T18:31:50,pending,bank_transfer,Cameroon,Kevinburgh,1470.24
ab5127b7-fa2e-4728-a411-12305aa580bf,2e5f1f8a-2306-48bc-a77e-e4c25297aa0c,Clarence Harris,ann63@example.net,PROD-5719,Adaptive bandwidth-monitored process improvement,Sports,8,335.6,2025-06-17T17:06:41,pending,bank_transfer,Cameroon,West Beckyfort,2684.8
810c0361-9bbf-40ea-b4d2-bd018eff353e,3a421023-43f6-4f89-be13-3b89adcad91e,John Allen,ureid@example.net,PROD-5946,User-centric homogeneous adapter,Books,1,53.85,2026-01-25T23:15:20,pending,bank_transfer,Italy,South Angela,53.85
c6a4ac24-406e-40d8-a6ac-629268704670,a7645bf2-0fe3-4189-bea7-2bc28d1a897f,Katherine Morales,sierra10@example.com,PROD-1937,Quality-focused incremental workforce,Sports,7,49.48,2026-01-01T08:20:39,cancelled,paypal,Panama,Weekston,346.36
1cc7d0f6-9ba1-4ed7-91d7-c9e982170016,bbeae592-2e70-4ee7-9fa5-ef794b79e75b,Jackie Johnston,ariana18@example.org,PROD-6817,Front-line bi-directional core,Clothing,9,557.83,2025-11-17T10:07:46,completed,paypal,Norway,East Nathan,5020.47
857baae1-2d56-4f04-b364-d19216dcfa04,c46e6c06-2721-4703-ba54-10f4ba53f99b,Melissa Wilson,yroach@example.org,PROD-7100,Optimized value-added contingency,Food,1,135.51,2026-03-19T11:55:57,pending,credit_card,Kuwait,Port Charles,135.51
fc60b409-d84a-4189-acc8-fbb4dbfa3a8b,cb4cd5e8-5313-4fc5-8cbe-36ab29eb4308,Kevin West,jack18@example.net,PROD-5128,Synchronized tangible matrix,Electronics,7,389.34,2025-10-25T15:29:17,completed,paypal,Latvia,North Jonathanview,2725.38
17665b9e-f288-421a-a407-4c3628f3040e,dea7bbc1-0809-418f-b1f4-1f9d8f6bee36,Chad Horn,william55@example.net,PROD-5431,Monitored system-worthy ability,Electronics,6,260.41,2025-11-02T04:05:11,completed,paypal,Serbia,West Edgar,1562.46
737fd0a7-bf79-4dcb-bd70-e283fc5963d3,d279d039-2ed6-47b8-939d-5da201869142,Jessica Torres,montesalexander@example.org,PROD-1206,Proactive context-sensitive support,Food,5,567.07,2026-04-06T23:46:08,completed,paypal,Luxembourg,Port Rachel,2835.35
3b271c6f-0ac4-47a3-b402-0d82874cf531,d49fdb3d-972b-4bde-895f-eae630541451,Christina Dunn,peggy03@example.org,PROD-7158,Face-to-face exuding matrix,Clothing,7,287.44,2026-04-09T18:52:20,completed,bank_transfer,Turks and Caicos Islands,Mitchellfort,2012.08
c3de0543-fd23-42d4-8fff-807e3dd4d7f0,2b5a0309-af53-49e6-a283-faa8e0329d60,Mary Cunningham,pettybrian@example.com,PROD-5619,Stand-alone asymmetric neural-net,Books,8,813.6,2026-01-11T09:50:27,cancelled,paypal,Puerto Rico,Grahamshire,6508.8
a3d230b0-cec6-448a-a74c-f3928925ffdd,3c81e79b-08b7-4a8f-b7b2-641f8db634c9,Samantha Henderson,fprice@example.com,PROD-4140,Multi-channeled secondary ability,Food,7,862.15,2025-11-17T02:55:40,cancelled,bank_transfer,Mayotte,East Andrewberg,6035.05
9cea51bb-d2f0-41ec-80b9-4528131b94e2,88198520-9ad6-488c-a984-9503e9a74f32,Peter Hall,wolfjulie@example.com,PROD-8113,Face-to-face well-modulated solution,Clothing,10,633.1,2025-07-27T23:32:32,pending,credit_card,Grenada,Lake Jeanetteberg,6331.0
cc9c60bf-c3bd-44bf-a5c5-7d09ed47e513,7f177318-7f6d-4879-9cd6-117a2512313f,Joseph Chavez,lisamyers@example.com,PROD-1498,Optional value-added benchmark,Clothing,8,837.33,2026-02-20T12:14:47,completed,credit_card,Svalbard & Jan Mayen Islands,Juliashire,6698.64
bcd711f1-7769-4d49-a174-b371f421a560,ef673fcf-9835-4ea7-a590-8e888d943634,Joe Mitchell,piercetyrone@example.net,PROD-6052,Up-sized analyzing emulation,Food,2,498.07,2025-11-12T21:24:09,pending,credit_card,Sierra Leone,Monroemouth,996.14
f8c58bdd-ba45-4a85-b630-4f2d8719bc9a,c8a54bba-0e85-48fa-a3eb-78bb0ef41b51,Andrea Gutierrez,finleykrista@example.org,PROD-1563,Stand-alone solution-oriented complexity,Food,2,607.14,2026-01-12T16:16:10,completed,bank_transfer,Kuwait,Brownshire,1214.28
2c903532-43f6-48f5-b103-ca3864195914,39fe9894-d331-4399-8e33-d3bafbae0172,Bryan Allen,nicole61@example.com,PROD-4669,Distributed value-added success,Food,2,753.33,2026-02-01T23:58:46,completed,paypal,United States of America,Kristenmouth,1506.66
c529ede9-0276-4187-aabb-7fd38f4d706d,cf320001-7f62-4c06-bcac-4ba9a8fb3ea9,Jacob Pittman,zsheppard@example.com,PROD-1952,Devolved optimizing firmware,Electronics,10,877.14,2025-09-21T09:47:49,cancelled,credit_card,Congo,Greenport,8771.4
acc1df0a-356d-4502-a7cb-bdef9346a7ca,583ac8ac-533f-4724-ba87-1f15b37ecf43,Elizabeth Obrien,thorntonmichael@example.net,PROD-3440,Right-sized encompassing neural-net,Food,6,221.83,2025-09-29T08:42:08,completed,bank_transfer,Eritrea,Port Tiffany,1330.98
f4cf1368-c5af-4c62-988d-c7f8c6ebb149,389b73bd-c501-4731-b782-086c71d8586a,Donna Jenkins DDS,patricia12@example.org,PROD-8191,Self-enabling encompassing customer loyalty,Electronics,4,413.75,2025-07-12T17:19:20,cancelled,bank_transfer,Zimbabwe,Westmouth,1655.0
d24e581e-8e19-4be7-a7cf-047ed6ba5bda,53af04b9-3682-4cc4-8760-0ec1bff6e8b4,Lindsay Sanders,tammy88@example.com,PROD-1787,Centralized transitional encoding,Food,7,391.17,2025-07-02T00:28:07,pending,bank_transfer,Uganda,Sandraview,2738.19
87ab8373-2037-4102-885a-81df3295e36e,b06f1b84-e26c-4aec-a330-39dc5ac7fe3a,Clinton Gutierrez,kristen35@example.org,PROD-7153,Horizontal responsive data-warehouse,Clothing,7,270.14,2025-07-25T15:13:49,cancelled,bank_transfer,Saint Vincent and the Grenadines,Shanemouth,1890.98
bb9b4f3e-b2b4-4a23-8133-d5ead3c9f80d,89e7dfa6-6e4f-4ee6-bef1-10ca72bcfc07,Mr. Mark Walker,jgarrett@example.net,PROD-4593,Quality-focused background task-force,Clothing,8,49.79,2026-01-23T07:48:09,cancelled,bank_transfer,Estonia,North Leslie,398.32
6adc9712-2a14-4138-bf22-954d1cbb118d,c893d1a2-3f0b-4948-8ca3-50f52bdb4fed,Daniel Martinez,angelicawilkerson@example.org,PROD-5157,Cross-group zero tolerance function,Food,1,395.94,2026-01-30T07:53:50,cancelled,credit_card,Martinique,Lake Loriview,395.94
650b6c31-9f5f-48c7-bf01-6772abba54da,78ffe669-43ac-4325-ab9d-e84ca09bc230,Danny Robertson,brandon38@example.net,PROD-7933,Visionary methodical open architecture,Electronics,1,664.42,2026-03-25T15:32:05,cancelled,paypal,Tunisia,Billyfurt,664.42
dda9e4d8-3254-483e-b7a4-893a70ad4afc,44b6a29b-8bf5-4b38-8b82-4f4d3d943c03,Diane Torres,mark34@example.com,PROD-4835,Front-line background projection,Electronics,6,898.81,2026-03-28T22:00:01,cancelled,bank_transfer,Monaco,West Josephview,5392.86
a5701cf9-8eef-4ee5-9fdc-f81cb6ca81af,33d53912-0c8a-49b2-b43b-5d1c63fa2c43,Kimberly King,williamharris@example.com,PROD-9379,Self-enabling asymmetric model,Electronics,5,486.93,2025-07-07T17:05:24,completed,credit_card,Mongolia,Port Kim,2434.65
3a26626d-fc64-4cb2-9d1c-f3433978e1e0,2c67ba8e-9071-4e9e-9640-aa99a1ccc369,Gabriel Martinez,kiaravaldez@example.org,PROD-4932,Polarized transitional pricing structure,Food,7,496.83,2026-03-16T04:25:14,completed,paypal,Saint Pierre and Miquelon,East Terrenceland,3477.81
ecaecd4c-0cf4-4755-bd49-1e095ce1fa0c,03d60dc0-1ac6-445f-b9e1-d3d57ab2725f,Jennifer Wright,claytonjennifer@example.net,PROD-6430,Secured discrete portal,Food,4,352.81,2025-09-23T10:11:50,completed,bank_transfer,Togo,South Michael,1411.24
4064d42f-55cb-4b6a-bf6b-bca187ee1c66,de1664f3-5b65-4a48-b23c-eebf61d06ae4,Ethan Johnson,clarence05@example.net,PROD-3178,Organic multimedia open system,Sports,3,578.78,2026-02-28T09:09:29,completed,bank_transfer,Iceland,North Robert,1736.34
d556db36-559a-498f-96f1-bbce339fa58e,557dce08-7c5a-4474-ab4e-f4368d6b955a,Taylor Cook,jessicawilliams@example.net,PROD-5775,Down-sized solution-oriented concept,Food,8,649.67,2026-03-07T18:52:07,pending,paypal,Congo,Johnfort,5197.36
b0005682-e466-4abb-ba4f-8cf64f4656dc,7763dd0a-66c8-4fbf-a7c5-efa96ba9847e,Kyle Davis,gabrielelliott@example.net,PROD-7259,Reduced composite extranet,Clothing,5,955.64,2026-04-21T23:11:31,cancelled,bank_transfer,Bosnia and Herzegovina,West Nicholasburgh,4778.2
9c8b6528-541f-4a01-98b0-bfe17aa7ff40,5b6195b7-3bae-481e-9e9b-ca0128f7a667,Tonya Bauer,smithfrank@example.com,PROD-3137,Switchable tertiary alliance,Clothing,2,248.18,2025-06-16T15:52:23,cancelled,paypal,British Virgin Islands,Florestown,496.36
3e5a18f5-cf8c-4d62-8b69-94912823f4d7,c0861438-c4f0-4b8d-bda4-400a5908c992,Eric Bell,george47@example.net,PROD-9752,Streamlined asymmetric focus group,Food,5,432.37,2025-08-09T09:52:15,pending,paypal,Montserrat,South Mary,2161.85
ed72c5fc-64ad-4b59-81cd-c9dc8bc3e00e,8e048a86-06ba-43d1-a00f-c0168e1a2755,Elizabeth Berg,kjones@example.org,PROD-5821,Open-source global access,Electronics,3,978.74,2025-10-19T15:50:50,cancelled,credit_card,San Marino,Kimstad,2936.22
850c6ce9-87c2-497e-a953-3469a05c5a83,42470f07-e452-4bb8-ae2f-69fdc2ed6a02,Amber Jones,csmith@example.org,PROD-6768,Expanded heuristic array,Electronics,5,644.11,2026-01-31T03:01:08,completed,bank_transfer,Uganda,Barberside,3220.55
5153747a-55ed-4285-a2f4-8f40d4777d67,0e7c82b3-8141-48db-92a5-fbb54ee77495,April Vasquez,nicholashernandez@example.com,PROD-7597,Monitored tangible knowledge user,Sports,6,626.62,2025-11-22T00:51:43,pending,paypal,Cambodia,Carolton,3759.72
562ec42f-b11c-406f-b632-f8aa03dceeef,e684a2d2-768f-46f6-9b32-5ddcec59ac48,Joseph King,ywebb@example.net,PROD-7488,Distributed logistical support,Sports,1,989.48,2025-08-29T06:03:20,completed,paypal,Qatar,Jacquelineside,989.48
a5a84b68-b34c-445f-9075-41b85c35e7f1,909e0a41-3b4c-49c4-9edb-b74e954337a8,Priscilla Hamilton,andersonscott@example.com,PROD-2816,Streamlined leadingedge neural-net,Clothing,1,152.01,2026-03-11T09:03:44,pending,credit_card,Bolivia,Lopezside,152.01
18120fd8-9549-47c8-99cc-0062449710fb,3446ba6d-8489-465b-abe4-05e6c59b609f,Nicole Hall,qrangel@example.org,PROD-1718,Open-source exuding neural-net,Books,5,59.77,2026-05-02T08:11:59,completed,bank_transfer,Canada,North Loristad,298.85
19a3ce46-3200-4334-b9ba-dc5c1e7385ed,af4efd1c-4b05-48fc-9d00-827a7f88bafc,Laura Walton,krose@example.com,PROD-1643,Total local project,Sports,5,458.42,2025-08-03T17:58:56,completed,credit_card,Gambia,Normatown,2292.1
e087ef6a-25ba-4b72-853d-21d79c01a551,a624aecf-f516-4d06-9aea-dec98acf7f33,Zachary Daniel,mccarthycharles@example.com,PROD-9868,Inverse user-facing hub,Food,5,113.62,2026-04-07T01:06:49,completed,credit_card,Equatorial Guinea,Snowton,568.1
c73f5447-049e-4cd7-86e5-d7ed5eb96e44,c410e24c-ebeb-413c-a8a9-9cae9b14f312,Zachary Reid,fchavez@example.com,PROD-9740,Persistent directional focus group,Food,9,329.67,2025-09-30T23:41:33,pending,credit_card,United Kingdom,Stephenshire,2967.03
a3e24b0b-f59b-4213-af27-aafdf5c1bd82,f4750617-aa99-4980-ac0d-e73015aed9c0,Dawn Hood,bvargas@example.org,PROD-1059,Cross-group non-volatile concept,Food,10,106.38,2025-07-07T14:29:56,completed,bank_transfer,United States Minor Outlying Islands,New David,1063.8
a9165308-b942-4764-b793-fa46a9430f65,2a8798c3-1eb4-46ec-8c73-142740d2095d,Alexandria Cochran,vcooper@example.org,PROD-8342,Front-line stable frame,Books,3,777.32,2026-05-08T16:46:20,pending,paypal,Yemen,Fowlerhaven,2331.96
bda6e4a9-0310-42a4-8d8a-4bd94f3a0c44,513a2abc-8619-42e4-bf85-5149df37b142,Summer Castillo,lgill@example.net,PROD-7226,Cloned zero administration success,Sports,6,558.69,2026-04-25T17:28:45,pending,paypal,Faroe Islands,Christinamouth,3352.14
90300f27-560c-4d55-b592-f3715660ce11,b25b2cf7-efad-4441-a1f5-3a509323fac0,Philip Jones,browndanny@example.net,PROD-7038,Stand-alone solution-oriented leverage,Sports,5,81.61,2026-02-04T10:50:53,pending,bank_transfer,Qatar,East Emily,408.05
76f28955-b931-415f-bccb-1780b9e27fe3,f087e3de-224c-4c49-a264-b8354b24d19d,Danielle Hogan,gabriella04@example.org,PROD-9498,Upgradable reciprocal service-desk,Clothing,2,462.5,2026-04-03T21:46:10,pending,credit_card,Mayotte,Port Ernest,925.0
4afa6c24-c18c-40cb-be78-75309d62da5e,ffd902f7-1512-4cf2-aab3-42a5942354d7,Kimberly Robles,xbrown@example.com,PROD-1820,Self-enabling coherent matrices,Clothing,1,482.76,2025-08-03T07:18:03,completed,paypal,Swaziland,Taylorshire,482.76
63f33065-7946-4ede-9719-73d25d215ba7,5e35d489-d5f5-439a-88d0-99fcb21775e6,Perry Anderson,colejones@example.org,PROD-8915,Up-sized encompassing Local Area Network,Clothing,7,767.99,2025-12-29T19:24:59,completed,credit_card,Greece,Seanside,5375.93
3544f69a-7164-4ccf-b7f3-0d07de6324c6,2dd1b342-44a5-4a18-9f5f-274d91b9cde8,Richard Morrow,cgarza@example.org,PROD-1559,Organic local portal,Clothing,5,299.0,2025-09-10T23:35:02,completed,paypal,Isle of Man,East Aaron,1495.0
34ec7e78-369c-41c6-9258-686bfa83a856,b47d5543-b0d9-4c6a-aa47-9e750bafc995,James Marshall Jr.,tinaneal@example.com,PROD-2632,Object-based cohesive software,Food,4,211.88,2025-10-18T03:56:00,cancelled,credit_card,Libyan Arab Jamahiriya,South Amyfort,847.52
c94bfc5b-26f2-4ebe-8344-22e72b641cdf,9b3dd773-c30f-4dfd-ad3b-ec13b4780ea3,Tracy Lopez,suzannepotter@example.net,PROD-2750,Inverse neutral array,Food,7,646.77,2026-01-09T16:41:33,completed,paypal,American Samoa,East Melissa,4527.39
391ada83-321a-4423-af75-2a95baf0a7d7,852c3f73-c5e2-45f5-a745-947fa27ed1f7,Matthew Brown,laneevan@example.net,PROD-8528,Multi-tiered interactive contingency,Clothing,5,818.39,2025-12-29T04:04:48,pending,credit_card,Belize,Smithshire,4091.95
6ccecbde-c8e0-4094-b744-a41d664f5dcb,cc52b607-4337-4fc0-a150-4fafe4fecad1,Anna Nixon,jenniferstafford@example.net,PROD-9617,Assimilated secondary productivity,Clothing,4,936.93,2025-09-24T07:02:22,cancelled,credit_card,Niger,Sergioside,3747.72
1d42b5be-a83a-4b3b-b00d-3cc41a5c65d0,663e4850-5b99-492f-8f53-882a33cec591,Justin Ball,vpatel@example.net,PROD-4960,Multi-layered demand-driven strategy,Electronics,3,223.36,2025-08-25T03:04:41,completed,paypal,Sierra Leone,West Christopherview,670.08
44130a8e-359e-4ee4-9126-2f57ada9931e,94a54aec-662b-440b-bad1-51e7db24ecf7,Donna Miranda,perryalexander@example.org,PROD-2514,Multi-tiered fresh-thinking access,Clothing,8,256.57,2025-08-28T17:39:02,completed,credit_card,Peru,East Maria,2052.56
c5e49378-0481-45ca-b1d8-877182fcfd9f,f47118f6-ff7f-4ea5-bc49-a4432c57850e,Matthew Wagner,donaldrobinson@example.net,PROD-8941,Object-based executive workforce,Clothing,4,582.63,2025-08-15T02:41:37,pending,paypal,Oman,North Elizabeth,2330.52
1c010efd-c297-4775-a7ec-1c8a8df7eab5,fc55cb23-96cd-46d6-9ff3-6f1538fa4c4a,Karen Greer,ricky66@example.com,PROD-5431,Monitored neutral installation,Clothing,3,332.94,2026-02-10T05:21:10,pending,paypal,Liberia,Dianaborough,998.82
88b02ee8-a161-4b85-ab9e-f1be2f613760,32d609ef-5cc3-4bc4-a1d9-7ce136a4cef9,Regina Gentry,cynthiaweaver@example.com,PROD-6328,Implemented composite neural-net,Books,3,188.96,2026-05-24T19:42:25,cancelled,paypal,Malaysia,Johnsonfurt,566.88
acff1069-e0e6-4b60-8abd-e0f4de7c2e82,01a3e9c5-33a5-4f8a-ac2f-d5b65aa321a1,Jason Davis,nathancrosby@example.net,PROD-5877,Business-focused transitional orchestration,Sports,10,990.66,2025-10-13T10:27:05,completed,bank_transfer,Tokelau,Taraton,9906.6
8592e37b-91f9-454f-a0e3-471d4029de44,050c6f9f-9dfa-4e2e-bfab-8cc3f04a645d,Matthew Austin,nburke@example.com,PROD-7866,Right-sized human-resource application,Books,6,677.82,2025-12-27T23:59:13,cancelled,bank_transfer,Cayman Islands,Farmermouth,4066.92
ed3e4972-5521-441d-a25b-22358fdfbaf0,5daf387f-36f5-4a80-a0bd-c43074731591,Dr. David Stephens,chelsearich@example.org,PROD-5448,Streamlined radical customer loyalty,Sports,2,16.54,2025-10-06T14:26:31,cancelled,bank_transfer,Latvia,Ronaldtown,33.08
e0a9726b-fdf1-4cfe-84a2-58bb450a260a,c2cb4cb9-96e9-49b5-9781-25053a6d0f53,George Sanchez,yrose@example.com,PROD-8432,Optional intangible support,Food,2,20.48,2025-09-18T11:31:07,completed,paypal,Antigua and Barbuda,Michaelshire,40.96
dd23855d-9a04-45ab-8e4c-a9773fcdf9ff,4808abe1-26fe-4020-a89a-f20b59317c93,Eric Hampton,qdunn@example.net,PROD-9165,Right-sized mobile hierarchy,Books,6,454.03,2026-04-08T12:44:00,completed,bank_transfer,Brazil,Hollandbury,2724.18
17bc5d39-0c0b-4cf5-9015-11c0b63612cc,b07c5f6a-6fe3-401f-b47b-84c729381d35,Antonio King,bautistacarol@example.net,PROD-8974,Vision-oriented discrete throughput,Sports,5,104.37,2026-05-29T15:33:21,cancelled,paypal,Jordan,Brownmouth,521.85
ff157172-6c71-4aec-90a5-9fa09c37e8d3,222808f3-3336-431e-a0ca-bc2a0d035790,Christine Blackburn,james35@example.com,PROD-4046,Compatible hybrid budgetary management,Clothing,5,875.95,2026-01-25T13:20:08,completed,credit_card,Pakistan,Tracystad,4379.75
1e8b8814-a649-4d9a-bc6a-33fc6a786f77,1be9bd5d-9281-4681-a9a1-375cff211b7a,Nicholas Scott,smithtony@example.net,PROD-5143,Persevering coherent knowledge user,Books,3,893.2,2026-04-17T10:58:16,cancelled,paypal,Samoa,Rickyville,2679.6
0f8a89ca-3b9d-4ab2-8493-86d4f43e9ded,e6dc1b04-4bcb-432e-a946-35de8dc4c360,Troy Christian,davidsimpson@example.org,PROD-8273,Team-oriented full-range hierarchy,Electronics,2,234.58,2026-03-27T13:20:37,cancelled,paypal,Lebanon,Lake Vincentbury,469.16
81677a62-78bf-46ae-ba7b-3cefcfda40cf,1c2f4c3e-3fbb-4c4b-8bf4-5207380ce62e,Jessica Woods,charlessantana@example.org,PROD-7295,Secured context-sensitive customer loyalty,Clothing,5,271.93,2026-02-28T15:05:07,cancelled,credit_card,Congo,Wilsonmouth,1359.65
ca9b470d-9786-4928-8bb1-87dc9fda6dc1,dd8dc5a7-20f1-4ee8-9786-56dfab1da320,Denise Ward,wernerjeremy@example.com,PROD-9224,Streamlined heuristic core,Clothing,5,318.51,2026-04-23T01:34:37,completed,credit_card,Timor-Leste,East Brittneytown,1592.55
05aa04e3-be92-49e7-bb69-35d85ae2660a,a9ab3fa8-96cd-48ad-b68b-81d44a4540be,Jamie Combs,susan69@example.com,PROD-3478,Expanded object-oriented firmware,Books,2,287.26,2026-04-14T22:26:43,pending,paypal,British Virgin Islands,East Howard,574.52
e11582a9-0ca8-4382-b999-028d5437d423,87ca53e3-4474-4c28-8cab-3788fc6f1676,Michelle Figueroa,omartin@example.net,PROD-1567,Optimized global workforce,Books,10,12.69,2025-10-05T11:28:53,cancelled,credit_card,New Caledonia,Whiteheadfurt,126.9
279f2422-b4b1-47a6-afc0-430e3249a3a4,e8a2f4c2-9600-45a4-b009-a496aff6178d,Denise Espinoza,lindseyjones@example.org,PROD-4626,Ameliorated 24hour adapter,Food,9,756.73,2025-10-06T07:52:41,pending,paypal,Hungary,Morrisonchester,6810.57
d350386c-7bab-47cd-8903-2c4b559915b9,5b5d515a-30c7-46a0-9357-9433f783c13e,Zachary Taylor,gardnertyler@example.com,PROD-1321,Persistent explicit moderator,Clothing,4,871.45,2025-10-08T08:02:48,cancelled,paypal,France,North Jeremy,3485.8
8735c6ad-172f-4ff2-8a97-cdbfc81e84c5,56869f86-294e-41bb-b8d7-bba29e1a7755,Jordan Webster,mjohnson@example.net,PROD-4882,Programmable actuating orchestration,Sports,6,798.44,2026-04-23T04:25:17,cancelled,paypal,Falkland Islands (Malvinas),Port Danielside,4790.64
cf0c9315-4536-470d-ad9d-8dd44ea52953,be5c23c1-1d0e-47b0-9eb9-a773de5f2380,Eric Jones,brianna27@example.net,PROD-8527,Triple-buffered web-enabled structure,Clothing,6,168.44,2026-02-08T12:58:46,cancelled,credit_card,Anguilla,North Stevenmouth,1010.64
7e13b149-062b-42fc-9ee6-a0ce3aa268b5,4e56607c-1f34-423e-a1e5-c222159845ae,Mr. Michael Garcia,staceyhumphrey@example.org,PROD-2146,Enterprise-wide asymmetric Graphical User Interface,Sports,4,960.17,2025-10-21T10:33:45,cancelled,credit_card,Kenya,West Virginia,3840.68
4f3bf2af-5767-4d0f-9892-80c9e1d34804,8bb1c25a-ecc3-438a-9004-d026e9c33a10,Alyssa Smith,richardmullins@example.org,PROD-4783,Customizable asymmetric benchmark,Clothing,6,293.17,2025-07-18T12:03:21,completed,bank_transfer,Martinique,Salazarmouth,1759.02
f1cbced9-187e-4a62-ae62-16cd840abcb9,a0564a52-f625-4c50-ad15-92866163f880,Javier Molina,mitchell55@example.net,PROD-9711,Assimilated stable monitoring,Sports,6,771.38,2025-10-24T14:22:36,cancelled,credit_card,Korea,Mitchellbury,4628.28
0611589d-061c-45da-a30b-d3ae66d31ff0,9b69e419-01c6-48a7-9409-6fc4d9cdf4c4,Kevin Bernard,rebecca65@example.com,PROD-1550,Reverse-engineered maximized structure,Electronics,4,518.46,2026-04-15T14:11:09,cancelled,paypal,Angola,Port Kayleefurt,2073.84
f648cd3f-877c-4a35-ba9f-e50739c08f1e,e61d5408-712e-4dbc-a215-3377c3cb21a9,Charles Richard,gardnergabriel@example.org,PROD-2168,Decentralized foreground monitoring,Food,3,956.41,2026-05-28T15:55:08,cancelled,paypal,Finland,South Alexanderville,2869.23
f0a0323e-d013-4063-a2c4-3044ae451ca8,f873b6df-0301-477f-9ae9-09823eac49ad,Rebecca Gregory,nfields@example.com,PROD-9247,Universal 24hour superstructure,Sports,5,877.41,2025-12-02T17:41:43,completed,paypal,Pakistan,Lechester,4387.05
f7edef0f-5d35-4739-936c-fb3ba21c905d,62231a47-06b6-4401-bdaf-6334f5f65299,Meredith Arias,andersonkevin@example.com,PROD-7668,Phased secondary help-desk,Sports,8,746.17,2026-01-23T20:04:00,completed,credit_card,Haiti,Cantrellhaven,5969.36
7a6e01f1-4923-4ed3-8a17-64d4986493a2,565d41d0-2da4-4126-bb9b-e94752f87464,Ronald Weaver,morrisrachel@example.net,PROD-9679,Grass-roots scalable service-desk,Sports,7,301.35,2025-12-29T17:12:14,cancelled,paypal,Libyan Arab Jamahiriya,East Carlosberg,2109.45
729d8f82-bf89-45a2-920d-b3874c9e7132,d0d53d30-cd3c-4e22-885c-a398cbc608b6,Elizabeth Smith,utaylor@example.net,PROD-7414,Centralized tangible array,Sports,3,421.83,2025-08-19T05:50:05,cancelled,paypal,Romania,West Kendraborough,1265.49
b4922535-a0e5-43b9-9e6d-d4e88194dccb,691e6ed3-6f56-419c-9587-26f9d7d89263,Troy Weaver,richard13@example.org,PROD-9406,Managed zero administration forecast,Books,9,950.11,2025-10-08T21:19:10,pending,credit_card,Saint Martin,West Sandrahaven,8550.99
0b919830-3bbc-4066-919b-3fbfe315f025,a694a6d6-9f26-4ab9-b788-af286b2809e0,Craig Jenkins,donald90@example.org,PROD-7648,Integrated actuating attitude,Books,1,649.48,2026-01-03T03:20:14,completed,paypal,Bhutan,Lake Craigtown,649.48
c1541733-5600-44eb-b2fc-823158e5fd31,d9599d6a-8097-42ee-b2fe-f1225ae97a52,Mackenzie Richardson,mendozasandra@example.com,PROD-5519,Switchable tertiary toolset,Electronics,9,88.65,2026-03-01T15:40:32,cancelled,bank_transfer,United States Virgin Islands,West Anna,797.85
b00d346a-6ab1-46b5-a92a-4846c78ff34f,a8b8f6b8-6a5f-45bd-a62b-30905dcb64c2,Courtney Larsen MD,tracyferguson@example.net,PROD-1705,Expanded contextually-based system engine,Clothing,10,351.23,2025-11-24T09:55:14,completed,paypal,Netherlands,Kennethside,3512.3
b7004aae-78c7-42fd-a659-50601e67c659,40978678-91b9-48a4-8c6e-f44b7183d58d,Kevin Johnson,linda87@example.com,PROD-2776,Mandatory system-worthy adapter,Electronics,7,775.89,2025-08-10T10:58:44,pending,paypal,Sierra Leone,Lake Jay,5431.23
d4b11be3-922c-4702-bfb2-a525c398037e,da826bb4-835e-411d-8bd4-ebff52aeadb7,Charles Ellis,jonathan49@example.net,PROD-7147,Monitored dedicated solution,Electronics,2,220.66,2026-04-22T01:50:43,cancelled,credit_card,Czech Republic,Joannamouth,441.32
802b0439-2b37-42c2-9246-49040aa10635,7af691b0-0d50-461d-82a8-b34f37c9bc6a,Gregory Brown,brian60@example.net,PROD-4984,Reverse-engineered 24hour Graphical User Interface,Books,9,728.42,2025-08-11T07:10:22,cancelled,credit_card,Saint Vincent and the Grenadines,South Amberland,6555.78
d43e77d5-c268-4da6-a9da-16d03b7cbaca,24e9d313-1dab-4735-b035-6c410ea5a79a,Matthew Nelson,mitchellalison@example.com,PROD-4011,Switchable zero administration solution,Sports,8,342.85,2025-10-22T13:47:54,completed,bank_transfer,Norfolk Island,Myersbury,2742.8
b0805f94-73d5-4c92-a270-40addddfd567,78001374-05b5-43eb-bb6a-2637f7ec38f3,Phillip Johnson,theresa53@example.com,PROD-9881,Operative client-driven middleware,Sports,8,37.75,2025-08-12T07:32:45,completed,paypal,Malawi,New Dylanside,302.0
ccbac01c-72eb-4ab8-a8a7-e9776f6cf1ca,c19b8e98-32f0-406b-a0bd-c0e20a94bb08,Penny Clarke,pjacobs@example.com,PROD-7156,Polarized 24hour throughput,Sports,8,668.52,2025-08-14T15:28:39,pending,bank_transfer,Guadeloupe,Lake Karenfurt,5348.16
2836fbd4-1f12-4329-961a-c5bb27990fba,d2c63af3-c544-45c7-a574-938b2dbc4aeb,Reginald Johnson,zdrake@example.net,PROD-6161,Total contextually-based intranet,Sports,2,332.7,2025-09-08T15:43:18,cancelled,bank_transfer,Faroe Islands,Lake Christine,665.4
c18e9692-6b05-4aee-8761-402059f34402,f25dfdf3-159b-4f2f-b369-c2efa2fc1f09,Karen Reyes,robin73@example.com,PROD-8947,User-friendly hybrid encoding,Sports,7,946.92,2025-11-07T23:39:24,completed,bank_transfer,Sudan,Lisamouth,6628.44
fefa87d8-e6f1-4dd2-a7cf-070dd32e1909,80f59e8a-b548-4571-9383-d1c6db4421a2,Raven Lyons,ireynolds@example.org,PROD-6222,Customer-focused radical leverage,Electronics,4,715.01,2026-04-04T22:03:32,cancelled,credit_card,Lao People's Democratic Republic,North Steven,2860.04
34b8ea0c-27a4-4513-b784-6a2b1fd12726,d6d39e0c-57ee-45e7-ad56-ffc3370d54ec,Joseph Robinson,macdonaldkaren@example.org,PROD-4106,Upgradable mobile encryption,Electronics,6,840.06,2025-11-06T15:34:38,completed,bank_transfer,Serbia,Charlesview,5040.36
c1107577-5cdb-41b5-98bc-5f121a1504de,2897e6cc-8469-440a-9f06-30abffbbb6a5,Mason Smith MD,grahamsteven@example.net,PROD-5718,Object-based explicit customer loyalty,Clothing,6,602.29,2026-03-19T13:26:33,completed,bank_transfer,Lebanon,Turnerburgh,3613.74
c13154ed-f4ce-4852-ba50-4b0d3a6256a1,61f81334-a2eb-4681-a78f-d846e53554d8,Elizabeth Foster,moneill@example.net,PROD-5862,Synchronized object-oriented framework,Clothing,4,157.81,2026-01-20T11:09:21,pending,paypal,Bolivia,Kimberlybury,631.24
a01391c2-c0b7-4152-b385-35a4199f50b2,f769ddea-9de8-4427-b284-91e10a47a696,William Medina,timothygriffith@example.com,PROD-5214,Right-sized actuating definition,Food,7,860.16,2026-01-27T06:14:05,cancelled,bank_transfer,Dominica,North Tonya,6021.12
4bcd431e-8819-495d-9e47-a27fe7ac0581,0f14d745-ec36-4901-8ceb-be06c194cf28,Jerry Miles,ncastro@example.com,PROD-7434,Exclusive exuding open architecture,Sports,6,303.39,2025-08-22T06:12:22,pending,paypal,Bolivia,Lake Katiemouth,1820.34
d1a9eb6d-3211-4c36-abb3-8c96d7685f98,ac143c36-bcf8-4a0c-b6d2-2dd35b862f90,Megan Stanley,keith29@example.com,PROD-8952,Down-sized multi-state moderator,Food,2,487.9,2025-06-05T15:37:15,cancelled,bank_transfer,Niue,Williamsborough,975.8
f6bea5a7-b9b5-4e1f-86bc-662d065c4a01,8e7b99c9-8b0f-4b42-816d-c25ba53b7949,Jeffrey Mclean,michellevaughn@example.org,PROD-5873,Automated methodical portal,Food,8,424.24,2025-07-02T13:25:53,pending,credit_card,Sudan,Riveraberg,3393.92
b9ecdbfd-f593-4932-809f-4eb4d2fc3f39,3bc95d67-042d-4776-a001-28c259aa231d,Ashley Wolfe,anthonycalhoun@example.net,PROD-9165,Streamlined maximized application,Electronics,7,212.92,2026-05-05T00:31:18,pending,paypal,Martinique,Laurenview,1490.44
db7ce893-990a-4285-abd1-ba0e35260e3a,90a11c47-8f97-4fb5-8062-a3eea7854725,Vanessa Davis,shannonblackwell@example.org,PROD-5115,Versatile bi-directional focus group,Electronics,7,449.6,2025-11-03T12:16:30,pending,bank_transfer,Iran,East Saraburgh,3147.2
87edb94f-718f-4c60-b5f0-d4be220ae801,1164b88c-2930-4b67-99e9-ec68b9335f3e,Thomas Gonzales,kking@example.org,PROD-3874,Persevering responsive toolset,Clothing,6,999.67,2025-07-26T06:17:30,completed,paypal,American Samoa,New Dawn,5998.02
c6a7c8a3-952b-41e0-9d58-d937ec64db3e,02ce5375-19d2-42f0-bec0-f17e83646f86,Joseph Ross,goodwinshannon@example.org,PROD-4490,Decentralized uniform algorithm,Sports,10,512.88,2025-09-10T11:49:55,completed,paypal,Uganda,North Kristinview,5128.8
f2953f01-432a-4154-9499-d97cbf658828,a056507c-0fdb-4e94-98cc-984129bc7d40,Willie Moore,icunningham@example.net,PROD-7257,Public-key needs-based matrix,Electronics,5,347.07,2025-12-03T18:44:25,cancelled,paypal,Sao Tome and Principe,Ryanmouth,1735.35
c1d9d590-e636-4c1d-bfb0-2e0271d8681c,63f63475-91b9-4638-beee-81736398ce68,Jordan Bell,anthonywilson@example.com,PROD-3535,Front-line high-level support,Sports,10,48.91,2026-05-19T04:24:54,cancelled,credit_card,Bermuda,East Richard,489.1
f995bb38-0dd6-422e-bd78-8179a70c396e,a77c7eec-a810-4982-8a46-37b518825c94,Carmen Warner,brandi58@example.org,PROD-3487,Decentralized dedicated intranet,Food,9,741.49,2026-05-03T03:50:02,pending,credit_card,France,West David,6673.41
9112015c-a836-41ba-978b-b6b7fb05187f,e111ee53-5528-4d23-aa96-df8bfef747ed,Edward Garcia,skelly@example.org,PROD-6930,Future-proofed grid-enabled flexibility,Books,1,469.49,2025-08-31T06:24:43,cancelled,bank_transfer,Russian Federation,Port Lindseymouth,469.49
ff0ded81-393f-4ff3-88b9-567a2f2e97cd,600ca5cc-d07d-41b9-bda9-ebce8ade11dd,Tyler Mathews,aewing@example.net,PROD-5614,Persevering fresh-thinking ability,Food,9,497.13,2025-07-07T03:53:16,pending,credit_card,French Southern Territories,North Cassandra,4474.17
404db7f7-755a-4b8a-a304-ed8ee36936ba,01a6a3c7-a727-4dd0-bbef-4ec9250af539,Dr. Brittany Hall,munozvirginia@example.net,PROD-3114,Synergistic global data-warehouse,Electronics,2,811.52,2025-07-25T23:13:18,completed,paypal,Saint Barthelemy,South Glennshire,1623.04
e6306258-cf60-4495-a14a-b6fe08583a5c,3b2f82ff-fdea-4aba-b240-140464a246c9,Julia Smith,alexis11@example.org,PROD-5588,Operative upward-trending monitoring,Books,1,496.95,2026-02-25T22:21:38,cancelled,paypal,Sweden,North Margaretport,496.95
25e2a74f-8d4b-480b-96ec-4c182fa9605f,49675a12-cad5-40ff-80f1-1039cf7072c8,Jane Phillips,cgentry@example.net,PROD-2893,Multi-lateral fresh-thinking contingency,Food,2,135.63,2026-05-18T03:39:11,pending,credit_card,Antarctica (the territory South of 60 deg S),West Joseph,271.26
71e9dcba-0ae4-4db1-858d-b31d9ecf101b,74071061-f6c6-467e-8796-4f9124a1677e,Anthony Hawkins,tarahernandez@example.org,PROD-1281,Advanced needs-based capability,Food,8,393.72,2025-10-08T01:21:21,completed,paypal,French Southern Territories,Collinsport,3149.76
39509798-aa4a-47d1-a481-922714d95817,4bfae97d-d3ef-4748-affb-529aa958d689,Nathan Perkins,wilsonaustin@example.net,PROD-6076,Innovative next generation model,Books,7,320.51,2025-11-24T14:50:02,pending,credit_card,Guinea,Reginatown,2243.57
01792da2-fb8b-4404-85bb-e618fa1b2c0a,010b781a-1c63-435d-bf8d-6b23f19251b4,Michael Cherry,nolanstacy@example.org,PROD-8927,Face-to-face executive frame,Electronics,3,776.82,2026-04-25T08:04:41,completed,credit_card,Mayotte,Edwardsport,2330.46
88f3efda-081b-418f-8922-c8be2888a8eb,c1b9e311-a87f-45a0-8570-e6178b63f9f8,Michelle Smith,jreyes@example.net,PROD-3574,Object-based explicit secured line,Books,9,306.09,2026-01-25T23:59:33,cancelled,paypal,Saint Lucia,North Amber,2754.81
3cdb8218-d0f1-487d-ba80-21d32462f434,bceae113-7c61-47da-8529-4aab55cd194d,Joshua Hubbard,harrismolly@example.net,PROD-7461,Focused asynchronous intranet,Clothing,9,795.14,2026-01-01T02:31:45,cancelled,paypal,Fiji,Lake Edward,7156.26
15046520-7cff-4859-8cd5-b076113b7fa8,395f9f64-cb4b-493e-8d93-8c0a891a69cf,Brett Hartman,xblair@example.org,PROD-5715,Switchable explicit help-desk,Sports,4,404.8,2025-10-27T03:28:23,pending,bank_transfer,Bahamas,North Josephfort,1619.2
7c58b11b-46a6-45bf-8131-e5dfb0968c08,dd41785c-63d2-45cc-8905-e3479d4381a3,Kathleen Carter,bishoperic@example.org,PROD-9601,Quality-focused modular leverage,Food,4,645.05,2025-07-26T20:11:23,completed,credit_card,Cayman Islands,Molinahaven,2580.2
7604c2ff-9367-4205-93f4-159fc046bca3,071cf07a-4d65-4005-981b-8ccd26e80cb5,Heather Riley,fle@example.net,PROD-8454,Sharable static open system,Food,9,64.3,2026-05-31T05:20:47,pending,credit_card,Dominican Republic,Lake Austin,578.7
1c18fc21-f3db-47bd-b444-0585bd39c9b2,f3f432d9-10df-49e5-9ca9-8c8486453a7f,Levi Wilson,jamesmatthews@example.net,PROD-3519,Monitored disintermediate model,Food,4,21.14,2026-02-21T12:59:20,cancelled,paypal,Uzbekistan,Ramirezstad,84.56
d57ad01c-303d-4bdc-862a-ba79fa161bde,ad4e0e3e-2450-4d55-b774-89150056aa44,George Terry,david76@example.com,PROD-1044,Automated intangible conglomeration,Clothing,9,319.5,2025-06-25T16:36:15,cancelled,credit_card,Western Sahara,South Amberhaven,2875.5
d9ea61a5-f548-4708-ba18-757b7a87f28f,900564d0-b815-469c-a746-a7d67c89939e,Joseph Reed,karenroth@example.com,PROD-2501,Open-source solution-oriented access,Food,4,856.56,2025-08-17T12:58:57,cancelled,bank_transfer,Malta,Robinsonchester,3426.24
ceb25f92-a498-4dcc-9f7a-e74ed7442068,c5233d67-bf78-43b4-997e-6425403a77ee,Allen Randolph,kaufmancynthia@example.org,PROD-6836,Organic systematic concept,Food,8,231.83,2025-08-08T13:28:01,cancelled,bank_transfer,United States Virgin Islands,West Amanda,1854.64
825c041a-ccba-4ec5-a163-3495c995ba84,764d43b9-189f-4298-98aa-89e294d0468c,Leah Brock,robert67@example.net,PROD-3623,Versatile 24/7 throughput,Books,1,380.9,2025-08-21T07:20:30,completed,paypal,Hong Kong,Ramoschester,380.9
bf17ab9e-56ea-41b7-a616-df3c48f08328,96c28464-5972-4203-9b8c-4cf05d17dd48,Emily Cox,morenobrooke@example.com,PROD-5038,Front-line radical capacity,Sports,2,743.26,2026-04-02T06:28:37,cancelled,paypal,Mauritius,Allisonside,1486.52
3c4564cb-5943-4391-881d-1a46a61aa23e,bc737ac6-29c0-4752-9095-7e9e55346e0b,Carolyn Reynolds,jacobsmith@example.com,PROD-9148,Customizable leadingedge matrices,Food,8,640.01,2026-04-23T14:56:24,cancelled,credit_card,Tokelau,Lake Amanda,5120.08
d17732b5-e367-4bff-bed4-3b3d06850698,6178e6f9-9fac-4f6d-8c31-dffb017b5fde,Thomas Gray,aliciascott@example.com,PROD-4793,Versatile global emulation,Books,10,504.32,2025-07-06T07:40:00,completed,paypal,Northern Mariana Islands,New Williamburgh,5043.2
adeacf5f-184e-4367-b319-c6faaf0f666f,73cdd4bd-ed7c-454f-ad36-d21562b3fc45,Richard Mason,katiehumphrey@example.net,PROD-9416,Multi-channeled interactive system engine,Electronics,9,424.49,2025-07-23T02:09:37,pending,bank_transfer,Faroe Islands,Christopherstad,3820.41
7371737a-6841-4ce4-96e0-cef64de54ec2,cf4dfa65-9bbb-4bed-a664-08bba34bf127,Jennifer Hunt,gibsonpaul@example.com,PROD-2551,Reactive non-volatile core,Clothing,8,627.44,2026-05-01T17:47:14,completed,bank_transfer,Bahrain,Nelsonville,5019.52
2e667111-de6c-4d70-bc3b-452be22a8569,2e1709ef-b193-4c4d-9a4f-b7140723a89d,Eric Green,vmurphy@example.net,PROD-3527,Reduced content-based knowledge user,Sports,10,196.31,2026-04-04T20:14:13,cancelled,bank_transfer,Algeria,South Dwayne,1963.1
60f59400-2a19-4181-8fa9-1b8e872d9ba7,6c127707-d40c-43ba-b8df-3f07f3c5f1e6,Melissa Miller,lopeztyler@example.net,PROD-5413,Streamlined homogeneous circuit,Clothing,8,629.12,2025-08-30T11:25:52,completed,bank_transfer,Pakistan,Steventon,5032.96
2d558673-2dc2-4700-a86d-64178faae193,64c16707-c4a6-4374-98e9-2e17e8ac15f3,Tanner Davis,michelle27@example.com,PROD-7021,Multi-tiered explicit help-desk,Books,9,191.03,2025-11-15T04:53:50,pending,credit_card,Kiribati,Lewishaven,1719.27
5b856910-ca96-4478-84fe-c220067def7a,245fe325-2be3-40e0-abbd-2196e8e67d4e,Carol Fletcher,heather13@example.net,PROD-8687,Organic transitional knowledge user,Clothing,8,384.37,2025-09-03T07:13:37,completed,paypal,Hungary,Rosemouth,3074.96
896fcf10-6323-4086-87e2-61c5f48f67b9,d64806bf-8dd7-420b-965a-37ad5d3be89c,Daniel Jackson,delgadojohn@example.com,PROD-9319,Open-architected demand-driven process improvement,Food,7,386.54,2026-05-31T10:17:30,completed,credit_card,Ghana,North Ashley,2705.78
fd374b48-3032-4f1e-abd0-4c1d703cbe81,24f6b0c0-f413-456b-b5fe-32529c21ef77,Tanner Brown,nperry@example.org,PROD-5648,User-centric 24hour info-mediaries,Clothing,3,989.46,2025-09-13T02:00:22,pending,bank_transfer,Malta,East Jacquelinetown,2968.38
e40f95a6-917c-4e10-973b-8b03600b570f,44c44fb6-b300-459a-a53e-2018b9b335ab,Charles Lopez,jacqueline92@example.com,PROD-9636,Digitized asymmetric focus group,Food,4,615.16,2025-06-05T18:47:41,pending,bank_transfer,Niue,Clarkton,2460.64
2e85ce4c-477d-47aa-bd85-2d515304ccf0,f7c7e72a-a401-465c-8b5e-65c40ad9b00f,Michelle Hill,jennifer72@example.com,PROD-2910,Object-based tangible projection,Clothing,10,203.89,2025-09-27T21:14:19,cancelled,credit_card,Gambia,New Charlesland,2038.9
83bbb482-ff8b-45cb-9d7e-d7f8cbd01382,f34804b3-7385-400a-b322-aed968e74603,Cory Mcmahon,ldiaz@example.org,PROD-7722,Open-source full-range protocol,Clothing,1,306.9,2025-10-10T03:19:49,completed,paypal,Swaziland,Port Patriciatown,306.9
771d169b-9fbc-4c0b-8db6-1809beed1658,f7e82e77-f42a-4f90-b31e-12d41e0a3dcc,Brian Scott,davismichael@example.com,PROD-3297,Balanced radical orchestration,Books,1,422.45,2026-03-30T06:12:41,cancelled,credit_card,Slovakia (Slovak Republic),Lyonsberg,422.45
92a3f2dc-5d1a-4947-b236-ddc4ca3dc8d0,2d00ae1d-48a5-45eb-abe4-81914826dca0,Lisa Johnson,robinsonjennifer@example.net,PROD-5596,Extended system-worthy protocol,Sports,3,929.59,2026-03-07T08:48:15,cancelled,bank_transfer,Pakistan,Valenzuelaport,2788.77
f6b4e7cc-e999-436f-a2ae-3885df462b40,f0364a7b-9b60-4287-ad2a-5863651b84fa,Sean Castillo,foleygregory@example.net,PROD-2116,Ameliorated grid-enabled extranet,Food,9,15.33,2026-04-08T23:40:16,completed,paypal,Palestinian Territory,Halemouth,137.97
febc4209-75f2-4eb2-aed5-d52dfec361ad,87ca10ba-1aeb-4222-b6fa-89fbf9fdf46f,Philip Irwin,daniel19@example.com,PROD-3649,Triple-buffered dedicated artificial intelligence,Books,8,556.84,2025-10-28T21:00:56,pending,credit_card,Mali,New Richard,4454.72
d4dea5a2-83e0-4d4e-ba5a-20b4a25a0b6a,b553e126-04b9-4abd-81ba-bbe39b1e6e06,Janice Boyd,christianmontgomery@example.com,PROD-9961,Digitized multimedia solution,Sports,4,339.9,2026-01-30T14:43:13,cancelled,bank_transfer,Dominican Republic,East Andrew,1359.6
e716cb5f-1e3b-48bf-9f4d-df6012d6526f,499946a5-5ca1-4bc5-aaad-4de02fd1e4ba,Molly Williams,fernandezwayne@example.org,PROD-1197,Decentralized client-server encoding,Sports,1,459.92,2026-01-24T04:54:20,cancelled,credit_card,Malaysia,North Lauraton,459.92
b32b91a8-d3d3-48a0-9dd5-2b275595a81d,4ae1b30f-9ec6-469b-a68c-d6db2ebfef20,Luis Macias,smithjohn@example.com,PROD-5528,Up-sized user-facing data-warehouse,Books,10,175.23,2026-03-28T11:04:18,completed,credit_card,Chad,North Angelastad,1752.3
b03b3882-5888-4e4a-949c-dc63003d02b0,e32f53e5-e102-42ac-943c-df2c188608e5,Nicholas Estrada MD,craigsmith@example.org,PROD-1989,Adaptive multi-tasking portal,Electronics,2,782.3,2026-04-19T18:53:08,cancelled,bank_transfer,Brazil,New Heatherfort,1564.6
a1491d60-8629-4321-9de4-0bc372f47bfc,4975c003-bcce-459c-a41a-85be637bcd16,Robin Mccarthy,mckinneyrobert@example.net,PROD-7338,Devolved client-driven strategy,Food,10,166.02,2025-09-06T00:10:34,completed,credit_card,Holy See (Vatican City State),West Laurie,1660.2
7215dbc5-788f-417f-9b7b-116a180cc1cf,2533554a-e11f-4120-9890-63ae01a6cd73,Samantha Smith,carol46@example.org,PROD-3483,Re-contextualized high-level challenge,Sports,3,509.44,2026-01-15T03:49:17,pending,paypal,Dominica,West Jameston,1528.32
6c662be8-b614-41d0-aa9a-0a7496d4101a,dd27528d-f6cf-48f0-9aa1-094b3315f27c,Kelly Hoover,parkerashley@example.net,PROD-8050,Business-focused next generation policy,Food,9,635.81,2025-09-09T11:08:07,pending,bank_transfer,Nicaragua,Tracyshire,5722.29
b62ddd03-04d0-4722-b0d5-723534eca2b2,62a22572-ebf8-48c3-97d4-ad656beb3ace,Nicole Reid,allenarthur@example.org,PROD-7764,Devolved next generation adapter,Books,6,424.31,2025-06-23T05:15:04,pending,paypal,Iran,Joelborough,2545.86
f60f4372-0e41-4d9e-a861-82c4295f29ea,38ccca54-10cb-41eb-aad2-b281f1c816ad,Sara Lawson,bobbybrooks@example.org,PROD-5314,Pre-emptive dedicated ability,Clothing,9,782.17,2025-10-07T05:15:52,pending,bank_transfer,Afghanistan,Perezberg,7039.53
ab7df966-f538-43b8-99eb-a66fc68c2aa3,4f94b729-2bf9-4b5d-9c6b-d958e534c477,David Stephens,ugutierrez@example.net,PROD-4370,Centralized bifurcated strategy,Clothing,4,714.93,2026-05-15T10:10:38,pending,credit_card,Sweden,New Anthonyton,2859.72
3124ea7f-d485-4359-850a-1af54206a626,ac1a73d7-b46f-4f7c-8013-2e928177f0d6,Philip Wu,alvarezcharles@example.net,PROD-1815,Object-based real-time migration,Books,1,368.53,2026-01-31T23:26:08,completed,credit_card,Liechtenstein,New Samueltown,368.53
8ea399d4-c568-4f07-b26b-61508b68e102,d196fba0-2959-43f6-80a8-43fbc463509d,Kayla Barry,weissnancy@example.org,PROD-2912,Team-oriented actuating application,Food,6,369.14,2025-10-09T19:13:55,cancelled,bank_transfer,Turks and Caicos Islands,New Alec,2214.84
f6655964-c399-4212-a5b6-c7d70b55f507,3df61545-2133-4e93-81a1-eecef73778d3,Brian Flores,fpetersen@example.org,PROD-6499,Versatile grid-enabled portal,Sports,1,562.67,2025-11-14T08:26:09,completed,bank_transfer,French Polynesia,Jenningsville,562.67
cdc85cb6-2d54-448c-bdb6-3cfae10dd6a2,1c6d079c-6f87-45f8-bd70-db3b351e884c,Gary Espinoza,gmendez@example.org,PROD-2772,Realigned local alliance,Sports,1,630.54,2026-03-07T08:33:13,completed,bank_transfer,Peru,Stewartchester,630.54
56b1f156-d2ba-4137-a901-f4e8c0cd3206,cf62cdcf-8778-4d43-ba90-721bedeb9249,Matthew Jones,amyjones@example.org,PROD-6901,Versatile foreground challenge,Electronics,10,393.24,2025-07-26T21:51:19,cancelled,credit_card,Marshall Islands,West Jaclynton,3932.4
bb538dc6-ed95-43f2-a7a5-a78d567220f6,8541070a-5516-4699-a4e2-2b9c8f0b3e3a,Tiffany Horn,jerry15@example.net,PROD-9380,Upgradable systemic standardization,Clothing,5,429.51,2025-08-24T23:45:21,pending,paypal,Mexico,Lunahaven,2147.55
ccfa9e18-06cb-4c0b-8ff4-a0358bb16e07,acf34156-254a-44cd-bf3f-966fca7fd030,Tom Meyers,kfranco@example.com,PROD-4571,Ameliorated analyzing data-warehouse,Clothing,1,809.82,2026-05-18T03:25:56,cancelled,paypal,Chile,Taylorland,809.82
36685bfd-5e0d-439e-b0cd-4e3150e89486,d19bdf5f-1ce7-430e-bb78-121822a7d45d,Laurie Ramirez,juanbrown@example.net,PROD-1247,Expanded static product,Books,7,69.44,2025-07-08T13:39:06,pending,bank_transfer,Morocco,Perezport,486.08
87f95843-8cd5-463d-8cba-3a09e6e74f0d,88f53a31-7875-455b-ae09-fb03ae9ae174,Nancy Tucker MD,oward@example.net,PROD-1398,Quality-focused solution-oriented definition,Books,5,822.69,2026-04-29T01:30:33,completed,bank_transfer,Turks and Caicos Islands,Whitneybury,4113.45
7ebc5ee5-dd68-49b2-9202-23bcba0e9151,f494b818-d7e4-4d86-9ebd-18a9d3a830e5,Amanda Castro,williamjones@example.org,PROD-3331,Digitized intermediate support,Electronics,9,474.96,2025-12-06T02:40:01,pending,credit_card,Botswana,Alanmouth,4274.64
9a8ed83e-5edf-448a-832e-0ace9907b730,a1f0148d-cb73-41ad-ab11-67b96c5fb460,Gerald Craig,ibrown@example.org,PROD-4977,Right-sized bifurcated firmware,Sports,1,398.43,2026-04-10T06:53:08,cancelled,bank_transfer,Benin,East Jenniferchester,398.43
4e5f2767-96ee-4832-8ead-61197a80a195,2b0478d6-f0e8-4887-852f-31067da3e395,Michael Meza,justin77@example.net,PROD-9530,Innovative leadingedge service-desk,Electronics,2,279.32,2025-07-15T00:50:23,pending,paypal,Costa Rica,Sparkston,558.64
67af7993-9df9-4852-99a2-43fd576b3ff6,b1506191-b2ae-4b92-bdef-f87423ce839a,Kelly Ruiz,oliviairwin@example.net,PROD-1844,Seamless solution-oriented infrastructure,Food,8,808.55,2025-10-25T19:07:22,completed,bank_transfer,South Georgia and the South Sandwich Islands,Lake Anna,6468.4
22c31f40-530a-4781-9f58-6e41f4e8739a,01649ce7-dca4-4e6b-8367-d6353a9be79a,Curtis Martinez,paul32@example.net,PROD-5819,Managed impactful orchestration,Books,8,108.75,2026-03-02T22:16:48,cancelled,paypal,Slovenia,South Edward,870.0
6f31c764-3859-4f3f-9f44-9e14bf07fcab,e752fbc0-caab-4ad6-86e3-edf651a71ec6,Michael Le,lroberts@example.org,PROD-9122,Switchable actuating success,Books,3,312.0,2026-01-19T04:46:16,pending,bank_transfer,Namibia,East Matthew,936.0
e9d38e5e-7c5f-4302-ab14-59cd68c6be4b,49485f0c-2e31-4bae-8f0b-dbe37d27061b,Stephen Thomas,mccormickcourtney@example.net,PROD-5537,Function-based composite open architecture,Electronics,3,914.93,2026-04-21T02:15:59,completed,credit_card,Moldova,North Joanna,2744.79
524634a4-adfb-4292-82d2-909237d3e2c2,4a5d02fe-c9d9-4d33-8c18-e229aafd37b6,Kelly Scott,glozano@example.org,PROD-6475,Networked directional product,Food,8,858.58,2026-04-12T03:57:21,completed,credit_card,Afghanistan,South Hannahburgh,6868.64
0ce88c60-33dd-4167-ad9e-115433e4e2ba,b7e2b687-3c7d-49ed-8a6f-ddbb8a2a727a,Thomas Morales,joyceaaron@example.com,PROD-1766,Decentralized foreground process improvement,Clothing,5,415.77,2026-06-04T04:45:44,cancelled,bank_transfer,Dominica,South Christopherberg,2078.85
2ec2ef29-d689-474b-89b9-12ace1ae321d,3907f34f-d428-4063-ba18-7e7f289bd880,Joseph White,kennedydonna@example.net,PROD-7997,Upgradable needs-based project,Sports,1,719.45,2026-01-27T10:34:36,cancelled,bank_transfer,Uzbekistan,Anthonymouth,719.45
2b216e6c-12ad-443c-8e64-a633ab65a7dc,7da9bc8c-a8ac-4724-ac20-31350ad3d751,Erica Warren,murphysylvia@example.org,PROD-7129,Grass-roots grid-enabled Internet solution,Books,1,570.87,2026-04-07T11:34:11,pending,bank_transfer,Reunion,New Adam,570.87
c7442747-f27c-4ee9-9c24-889b641c25a9,09b8a84b-bd34-435b-b6c5-acc4d3694c1c,Kathryn Vargas,moyeremily@example.net,PROD-5338,Persevering systemic toolset,Sports,9,802.9,2025-09-27T22:21:25,pending,bank_transfer,Libyan Arab Jamahiriya,West Allenchester,7226.1
1311de7d-db53-4d44-98be-5ba48fa4947d,1072c94b-ae94-4813-8af0-3d53fb398388,Diane Gonzales,jonesjulie@example.net,PROD-8643,Persevering discrete website,Food,9,376.75,2026-04-18T15:11:49,cancelled,paypal,Mongolia,Melaniemouth,3390.75
3ef89cdd-058d-4bc1-a202-cedf73be4337,3cbbc8a7-0eff-462a-aceb-5192dfe5f830,Johnathan Holder,wwalker@example.net,PROD-4562,Multi-tiered client-driven Graphic Interface,Electronics,9,337.94,2026-03-09T00:51:05,cancelled,credit_card,Lao People's Democratic Republic,West James,3041.46
08302359-2b80-464d-a314-187efc4abe14,d9bb0ffd-35a8-4aa4-9ad0-2329d615b40b,Jeffrey Howard,rebeccaclark@example.net,PROD-7782,Team-oriented intermediate benchmark,Electronics,5,436.51,2025-08-29T21:38:20,completed,credit_card,Cape Verde,Hayeshaven,2182.55
befbce9a-6ef1-40a2-a6d1-8dd5baea81d6,6b9d1d33-66a8-450c-94ce-110ae5946f99,Michael Rogers,turnershaun@example.com,PROD-6976,Cross-group motivating instruction set,Sports,5,668.52,2026-03-09T07:49:36,pending,credit_card,Panama,Nathanielborough,3342.6
c654be35-e46f-4993-874d-f53b4c1781ab,bb475108-6c16-4c9f-a13b-ddd8f6c70e21,Kristine Davidson,matthewsmith@example.org,PROD-9845,Team-oriented fresh-thinking Internet solution,Clothing,9,738.36,2025-09-05T01:23:21,pending,credit_card,Netherlands,Lake Erin,6645.24
ffc40b76-c8f4-4b8e-adef-5f100d8752e2,138dc29f-15fc-48c8-af1a-14d5d5a1f05b,William Peters,garciaanthony@example.net,PROD-2623,Intuitive national orchestration,Sports,9,936.51,2025-06-10T19:11:09,cancelled,paypal,South Georgia and the South Sandwich Islands,New Andrewfort,8428.59
17d4cc6a-3ae0-47d0-9442-a0b543afc0b1,07af4db1-efc4-4efc-864d-569e25d805b9,Amanda Reid,tammyvaldez@example.com,PROD-8911,Synergized value-added Local Area Network,Clothing,5,229.5,2026-04-05T02:36:41,pending,bank_transfer,Lesotho,West Amberborough,1147.5
926ed117-63c9-423f-92c3-8a19113048bf,5d89352e-575e-4729-896f-a962633974c9,Christina Gates,brookssharon@example.net,PROD-5637,Multi-tiered holistic installation,Sports,6,505.83,2025-11-15T00:26:31,pending,bank_transfer,Congo,Lake Kathryn,3034.98
a2209c36-8674-4dbc-a814-0404e19eb7df,c98d8e38-87e1-449e-ab99-78ec50b1245d,Brett Mullen DVM,hjohnson@example.net,PROD-6073,Re-engineered didactic service-desk,Books,1,699.46,2025-08-24T15:53:09,completed,paypal,Russian Federation,Daniellemouth,699.46
c4dcb08d-bf29-4b24-843f-6d4a32075dfc,c49bb733-85c0-4129-81b3-f5a1e533e794,John Shannon,sotorobert@example.org,PROD-3444,Visionary heuristic model,Food,8,370.84,2026-04-25T12:19:26,completed,credit_card,Mongolia,Emilyborough,2966.72
d097824d-b77b-453a-9b71-ee12d54810d0,d46541cc-8b7c-4a2c-b1b8-5870a1225b9d,Angela Hall,michael43@example.com,PROD-5192,Reduced system-worthy concept,Clothing,5,281.62,2026-06-02T22:44:43,pending,bank_transfer,Algeria,Port Sherry,1408.1
a4d1deec-538c-485d-a0ff-4d90a155f16d,e6f7040f-6a1c-4258-b88f-ebb850dd7383,Kyle Castillo,rcontreras@example.com,PROD-8259,Object-based mission-critical portal,Sports,10,811.55,2025-09-25T15:01:21,pending,bank_transfer,Oman,North Michael,8115.5
41d87e30-f8bd-4ede-a9a2-3c4e47a58d96,7e89b93c-9508-4ef5-86fe-b07f62accb5d,Benjamin Ortega,erinthompson@example.com,PROD-6375,Universal multi-state groupware,Clothing,9,903.54,2026-03-27T18:35:12,pending,paypal,Sri Lanka,Suzanneside,8131.86
fe53a349-df45-455e-ad66-aa09eac5df7c,c4306244-f5d8-4c15-aaef-ce6c3adc3627,Andrew Diaz,tara67@example.net,PROD-5525,Cloned client-server extranet,Food,6,327.89,2025-09-06T18:35:45,pending,paypal,Swaziland,North Nicoleton,1967.34
a1b0086e-16b1-4b33-9938-46f1c0bd6922,ff2819d1-1c0e-4d02-89b2-01b5df6fa058,Andre Riley,anthonygordon@example.org,PROD-5124,Multi-tiered grid-enabled implementation,Electronics,8,220.36,2025-10-26T07:28:10,cancelled,credit_card,Bulgaria,North Michelleborough,1762.88
bb99727b-0946-44e5-9f74-d767f8009dc5,c640732a-38c2-48f6-ad6f-02e092b986f0,Christopher Williams Jr.,tracyrichard@example.org,PROD-2319,Reactive next generation product,Food,6,119.84,2025-12-04T01:09:51,cancelled,credit_card,Mali,Port Amber,719.04
8e01f5c4-e197-4b62-8594-6d8b0a4c2df3,bcaf105f-5f8d-420d-b91e-90ec2e685b41,Christopher Skinner,nguyenjulie@example.net,PROD-4585,Total static time-frame,Clothing,7,243.08,2025-12-05T13:09:11,completed,credit_card,Tanzania,Onealside,1701.56
26c283c4-5ac4-4a08-a56c-e2ef96737e83,280c2d49-c41f-40c7-9268-1338535dd828,Thomas Becker,campbellkatherine@example.com,PROD-4226,Synergized fresh-thinking pricing structure,Food,7,499.28,2025-09-28T11:06:29,cancelled,paypal,Mozambique,Carlosland,3494.96
496d9e09-5440-4979-8eb0-6a87209963de,78bcea0e-5ee7-45fe-9167-644ee6a13984,Penny Fox,matthewlove@example.com,PROD-8268,Monitored object-oriented matrices,Food,6,526.9,2026-02-09T07:10:00,completed,bank_transfer,Sao Tome and Principe,West Erica,3161.4
5758af2c-fe01-4550-a51a-cc3b3a8649a0,e2856b50-dae7-4be8-b7e4-c257f15a3b0f,Brianna Moreno,ijones@example.net,PROD-5505,Object-based interactive database,Clothing,6,803.34,2025-07-06T16:15:08,cancelled,credit_card,Serbia,Port Annetteland,4820.04
845d54a3-df9f-42a9-ab47-99dec057d979,a1d98b60-ec92-448c-bbec-509aedd644bc,Aaron Taylor,terrymonica@example.org,PROD-6675,Enterprise-wide impactful system engine,Electronics,6,803.81,2025-11-08T20:23:35,completed,bank_transfer,Saint Helena,Jeremyborough,4822.86
1a5e65f7-dd3e-4b40-9c35-20ee7abacb99,bc68e7fe-bc8e-42e5-912b-9a97e5033e13,Alyssa Jefferson,kevinmitchell@example.org,PROD-4313,Object-based multi-state open architecture,Food,9,399.11,2026-05-15T13:13:46,pending,credit_card,Reunion,Morrisonmouth,3591.99
0024bd44-acc5-4ad6-8281-d34875e5b304,505504c6-739a-4440-a081-2dca0edb310b,Jennifer Powell,anne51@example.com,PROD-6671,Face-to-face bifurcated algorithm,Clothing,7,989.28,2025-07-03T23:27:23,pending,bank_transfer,Belize,Glenview,6924.96
89c17c72-cf3c-4f6d-b259-9dfb2e418d21,a7512ee8-bf9e-44bf-a9b1-874c6b879abc,Roberto Clayton,linda33@example.org,PROD-7201,Persistent national access,Sports,1,222.55,2025-11-27T08:33:18,pending,bank_transfer,Guernsey,Fullerport,222.55
4b76c3b0-c4fb-4f58-abe4-80f619967761,f052aba1-38ab-4498-b955-87e3735f8a0f,Leslie Cordova,douglaslandry@example.com,PROD-8779,Fully-configurable intermediate approach,Electronics,6,940.69,2025-11-07T09:47:42,pending,paypal,Paraguay,Port Victoria,5644.14
3fb30558-203b-4253-a19a-26200be14a44,26dfb081-ad00-4a5b-8171-fdb1dcaa2173,Keith Burns,krista70@example.net,PROD-4808,Phased fresh-thinking data-warehouse,Sports,5,95.58,2025-08-25T11:51:23,pending,bank_transfer,Saint Kitts and Nevis,Westfurt,477.9
307f2271-13a8-4519-8f49-75af84270ec0,01fc5ba4-599a-4716-9fbc-e099cb1a6000,Amanda Flores,sancheztabitha@example.com,PROD-7240,Realigned actuating framework,Clothing,10,388.47,2025-07-04T05:55:58,pending,bank_transfer,Ghana,North Suzanne,3884.7
9a9764e4-7a27-4c0c-a6cf-1eade221844a,e7ec44de-c22d-40e9-87a6-7b747be109ab,Steven Thompson,andersonderrick@example.com,PROD-4931,Enhanced local moratorium,Electronics,2,274.95,2025-09-30T12:55:15,completed,credit_card,Saint Lucia,Wallaceberg,549.9
c5b42ca6-e266-4b31-9d0d-701fc941c875,73c83c10-6ec3-4551-a17f-f60fbd7a216b,Tina Harris,ashley23@example.org,PROD-4187,Synergized 24hour leverage,Food,8,627.25,2025-07-26T04:01:02,cancelled,credit_card,Libyan Arab Jamahiriya,West Mary,5018.0
dcf1a6bb-e848-4ea9-afe8-41aa7cabf7b1,6596db38-346b-4bf2-9084-89d9f73051de,Bobby Rhodes,sherribartlett@example.org,PROD-4797,Programmable full-range groupware,Clothing,7,767.2,2025-11-04T12:54:04,cancelled,paypal,Bahrain,Chenmouth,5370.4
84be9d28-346e-4d08-85a0-7984fd8a094d,83ac12d9-b67c-46ee-b312-2dec289347cd,Parker Ramirez,amandanguyen@example.org,PROD-9097,Grass-roots cohesive orchestration,Clothing,4,326.76,2025-09-04T22:58:29,completed,paypal,Kiribati,South Brianfort,1307.04
ea134145-91a6-46f1-8136-c36a50161d88,001f4978-29fb-419e-9b5a-90157483b9b3,Jonathan Davis,katherine54@example.net,PROD-7255,Switchable high-level Graphic Interface,Clothing,2,518.11,2026-04-18T16:17:36,cancelled,bank_transfer,Botswana,East Anitafort,1036.22
a6547ea4-e33d-4ff6-8368-cb534d6c1165,d8e7bc89-0f57-451e-ac6e-667939331bcd,Steven Kelly,morganjamie@example.net,PROD-4952,Cloned multi-state functionalities,Food,6,629.76,2026-01-06T05:00:34,cancelled,bank_transfer,Northern Mariana Islands,New Shelleychester,3778.56
2e943636-229b-4fdf-8806-db8025d840cd,153b689d-15ba-42ea-8401-87c5d220f8a3,Jordan Goodman,clarkseth@example.net,PROD-4490,Robust multimedia orchestration,Electronics,6,128.17,2026-03-07T01:56:51,cancelled,paypal,Oman,Angelville,769.02
468747a0-4f68-45ac-b7ae-78d2504f7cb3,9a86180e-1480-445c-8af5-2f5c46f43b29,Jamie Wilson,mezadebbie@example.org,PROD-8828,Expanded non-volatile toolset,Electronics,7,682.61,2026-01-22T19:38:07,cancelled,bank_transfer,Benin,Kristenberg,4778.27
2e1503c2-1ab4-4000-8248-570286862462,b1364b4e-bc4b-4544-bc99-e3c2b827d9d7,Victoria Mullins,lisa31@example.com,PROD-7518,Multi-lateral motivating neural-net,Clothing,3,92.97,2025-12-04T02:44:20,completed,credit_card,Burundi,Ochoamouth,278.91
63432835-5582-4a79-9a19-a5ccc7446beb,68115331-431f-4cc2-b76e-b76945291a60,Matthew Jones,bjuarez@example.com,PROD-4390,Open-architected well-modulated matrices,Clothing,5,336.59,2026-05-29T08:30:34,cancelled,credit_card,Bahamas,North Melissahaven,1682.95
476f7314-9f46-444a-89f9-467b29593071,91b2eb22-0f5e-47a4-8ea8-1845cb6f2ce0,Donald Boyd,fhughes@example.com,PROD-3958,Multi-tiered disintermediate complexity,Electronics,7,120.59,2025-09-06T04:21:53,completed,paypal,United Arab Emirates,Christopherfurt,844.13
498d1b1c-391f-49f7-9375-6d5c85c80045,1ed048ff-c9dc-4be9-ae9f-e1198ec028bc,Brandon Edwards,victoria41@example.org,PROD-3991,Multi-layered 4thgeneration artificial intelligence,Electronics,1,470.95,2026-04-13T14:13:06,cancelled,paypal,Benin,North Jessica,470.95
162d7988-e979-423d-8a35-435f781f2c9f,8a3b4e73-061a-4ca0-8d96-8a25d163d38e,Elizabeth Scott,gregory46@example.org,PROD-2972,Profound uniform methodology,Electronics,2,731.13,2025-10-24T14:06:14,pending,credit_card,Montserrat,Edwardfort,1462.26
3e9133f9-c696-4995-939a-062c907d2c76,ecfcda88-3519-4bbf-9974-a956dad40aec,Bryan Green,susangreer@example.com,PROD-5855,Programmable zero-defect encoding,Books,9,247.01,2025-07-10T13:00:53,completed,credit_card,Singapore,Boydshire,2223.09
85dc0516-ad47-4cb5-bfc9-d249f726da35,66b9eeda-0647-48da-b283-fc76210779ea,Brittany Dalton,mitchellkristin@example.org,PROD-8541,Reduced multi-tasking strategy,Sports,1,924.72,2025-10-03T08:41:34,pending,paypal,Botswana,Vargasview,924.72
a415c50c-b8fb-4a9c-9bd9-8b8203a9775d,5242382a-8456-449f-bfe4-f0cb304cd410,Jonathan Palmer DDS,sarah41@example.net,PROD-7683,Right-sized dedicated methodology,Food,2,303.31,2025-09-16T01:21:47,pending,bank_transfer,Christmas Island,West Nathan,606.62
2ad501de-694b-456a-9470-fa959c98f9c9,2707491d-5187-4d8c-a5a9-cb48672c561d,Hector Pineda,kylemiranda@example.net,PROD-3135,Multi-channeled high-level structure,Sports,6,943.41,2026-03-22T19:29:41,pending,credit_card,Moldova,Jonathanview,5660.46
a91152bc-9408-4b54-80ce-8386cdd5e520,23ba6f25-ba7e-45ca-b3e2-61aff1a26d3a,James Morris,hernandezlaurie@example.org,PROD-4633,Operative solution-oriented time-frame,Electronics,8,924.17,2025-11-02T06:46:09,pending,bank_transfer,Central African Republic,Rodriguezfurt,7393.36
c35cb9e0-a560-4a2a-a975-1dbda7b9c1bd,6b82999e-0813-4b8f-8152-d0381c5c00de,Karen Greene,josephrush@example.org,PROD-9631,Front-line fresh-thinking encryption,Books,5,95.95,2025-07-07T22:09:50,completed,paypal,Ukraine,Andersonchester,479.75
0b1abc87-98c8-4f88-87b6-e3a227cae49b,0cb5a501-0888-4b03-8568-e645d778d4eb,Paula May,martinjanet@example.org,PROD-8509,Persevering non-volatile throughput,Books,3,598.58,2025-12-23T15:56:40,completed,credit_card,Indonesia,Lake Anthony,1795.74
a36790ba-238a-48b5-8e68-bd8aa4692cab,0eacac87-2b57-4c4d-a594-76093e45efca,Brenda Payne,matthewnorton@example.net,PROD-6274,Enterprise-wide system-worthy forecast,Books,3,317.84,2025-07-20T23:58:50,cancelled,paypal,Portugal,South Jeffreychester,953.52
173e0086-e153-4a74-848a-ce99ee5cb524,fdedeaf3-9c1e-498c-802d-bc9726d8bbc9,Melissa Knight,walshjohn@example.com,PROD-8659,Total disintermediate methodology,Food,5,109.69,2025-10-01T01:50:30,cancelled,paypal,Lao People's Democratic Republic,East Morgan,548.45
67fec13f-7608-4c56-9452-6ffe869fee6f,45ddc17c-be57-428b-bf80-eb2ffae8997a,Sarah Garcia,goodmanjames@example.net,PROD-8251,Fundamental bandwidth-monitored pricing structure,Books,10,227.76,2026-05-02T22:50:20,completed,bank_transfer,Chad,North Gregton,2277.6
ecb074a0-5975-45a8-84b0-e41a14c0c742,b061ce83-14de-4409-8a58-cf74c16f678a,Jose Ruiz,lisa40@example.com,PROD-3789,Cross-platform composite time-frame,Electronics,10,196.28,2025-09-16T22:31:07,pending,paypal,China,Jenkinsborough,1962.8
c22491bd-f765-4aba-95a3-635abf35de03,07cdfaf7-b2a4-46f8-8a90-8def36022707,Michael Hill,tuckerlaura@example.org,PROD-4435,Upgradable 5thgeneration solution,Books,3,272.43,2026-04-14T19:26:10,pending,paypal,Mauritania,South Victor,817.29
6be2d7d5-1d27-41c6-8345-2af454921b80,158e5df2-0a26-49c0-a890-70e89a6943f2,Michael Bolton,dsantiago@example.com,PROD-9679,Inverse web-enabled standardization,Books,6,860.22,2025-12-16T04:34:09,pending,paypal,Belize,Youngview,5161.32
a6824c52-b9f5-42e2-ae30-222344a2151e,91b71559-93bb-49af-9009-3e53674e4a90,James Allen,pclarke@example.org,PROD-2726,Customer-focused leadingedge monitoring,Clothing,7,684.51,2025-10-20T21:45:45,completed,credit_card,Bouvet Island (Bouvetoya),New Bryantown,4791.57
6fc7a7a3-435a-4293-9607-0f6696c8e05b,b494d176-2f02-45cf-8697-5e839488b20f,Jack Mcclure,lancegonzales@example.net,PROD-8609,Reduced high-level matrix,Books,7,171.66,2026-05-30T07:31:15,cancelled,bank_transfer,Ecuador,West Codymouth,1201.62
59cf2acd-73fc-4635-aa59-83d212d0cd36,f43282c4-bd9d-4eea-801a-61bcd36a51aa,Miss Tina Nelson,ifisher@example.com,PROD-4103,Pre-emptive fault-tolerant superstructure,Electronics,10,946.61,2025-07-30T06:34:10,completed,bank_transfer,Guinea,New Ericberg,9466.1
8c957a42-fe5f-4a6d-9154-054caab3d5b2,8e8d70a1-cc75-4eab-a879-fb423f7b6657,Kenneth Pitts,stephen51@example.net,PROD-7305,Networked analyzing Graphical User Interface,Books,9,143.21,2025-07-16T11:33:23,completed,bank_transfer,Colombia,Lake Wendyhaven,1288.89
f2dbaf67-8ac2-4fcb-81a2-0f1770561d8a,43ddf060-d78f-4849-8e14-50928482b723,Elizabeth Hall,krogers@example.org,PROD-5998,Visionary methodical secured line,Books,2,517.32,2026-05-16T01:16:51,completed,bank_transfer,Mauritania,Nicoleport,1034.64
d6b66404-ac64-4869-a077-db35367e3ab7,fbefe1cc-4fe5-45e0-83dd-b89642e24ac4,Wendy Sanders,zgross@example.org,PROD-9922,Stand-alone uniform superstructure,Electronics,5,29.23,2026-03-27T13:21:40,cancelled,credit_card,Wallis and Futuna,Shieldsville,146.15
bba96d29-000d-4fbc-9646-42207e4d7f03,fcc401b1-5269-4283-9489-6af7d44ed2d9,Deborah Soto,jonathan18@example.org,PROD-6385,Devolved executive core,Sports,5,136.79,2026-02-01T01:20:27,pending,credit_card,Lao People's Democratic Republic,Marioport,683.95
6c00cb0b-7bcf-4da4-b5be-0eafaf1673c1,17be2e22-2363-4a6a-98c5-b7b8ea383f51,Alexis Holmes,bonillaeric@example.org,PROD-9321,Automated regional interface,Sports,4,307.82,2025-08-08T15:45:46,cancelled,bank_transfer,Liberia,Vargasbury,1231.28
4801edb8-b9bb-4e18-a5d7-65eaffd0c5a5,187ebc6d-acd9-48fc-910b-2b12e6d7f342,Daniel Smith,pgreen@example.com,PROD-3545,De-engineered hybrid access,Electronics,5,64.84,2026-03-29T19:28:27,cancelled,bank_transfer,Barbados,Mathisport,324.2
74fac8a3-9361-488d-a8f6-73cc18fcabf3,c00a7a21-0750-4db1-b79c-c73ed33c067f,Mrs. Tiffany Sheppard,jonesbrenda@example.net,PROD-6225,Sharable actuating Graphical User Interface,Food,4,31.62,2026-02-25T04:03:15,completed,credit_card,Brazil,Wilsonton,126.48
c28f5e6d-de55-449f-91a7-889ad541c2c6,e624267d-101c-4570-ab07-4345266abe33,Bobby Marquez,yateslinda@example.net,PROD-2942,Progressive asynchronous collaboration,Sports,1,885.98,2026-05-18T09:44:52,cancelled,credit_card,Saint Lucia,Bishopview,885.98
c5a09c62-0c2e-4da9-8b59-4043ff939a7e,b15f64ba-9484-479e-939a-676398588710,Jerry Gray,nealjaime@example.net,PROD-6282,Vision-oriented real-time collaboration,Books,7,371.11,2025-06-04T22:55:39,cancelled,bank_transfer,Estonia,Savageport,2597.77
2bc908ea-7ccb-4a1f-a25a-a6844c5231c9,558c4eba-cdcd-4d41-9c0c-f3b10315435d,Gregory Wade,garciajennifer@example.com,PROD-8113,User-centric value-added alliance,Sports,4,30.39,2026-05-12T09:15:11,completed,credit_card,Chile,Josestad,121.56
8012af44-5f7c-42ca-adcd-0f3a47c2513c,67b31f42-98c3-453a-996b-fa02ac87291b,Emily Proctor,carmencraig@example.net,PROD-1828,Up-sized radical architecture,Electronics,8,523.59,2025-08-30T21:38:40,cancelled,credit_card,Australia,Leonton,4188.72
e379fba5-91ab-45ed-9300-25a1d2e6e70c,d4f52bd3-97bf-48ef-ad01-5ae74cb819f2,Adrian White,alexis00@example.com,PROD-7622,Right-sized mission-critical structure,Food,5,100.79,2025-11-19T23:04:25,cancelled,paypal,India,East Dominiqueburgh,503.95
b486143f-22ce-4362-88b0-90473e56f930,356de38e-20e9-4175-b774-bd2148ee9cf2,Christina Reynolds,barnettbarbara@example.net,PROD-1633,Reactive high-level moderator,Food,1,424.41,2025-11-18T06:01:33,pending,credit_card,Cameroon,Ryanshire,424.41
7d8da8d7-d13a-4f1b-956a-7ac8422594dc,b1d33e43-ec73-45a0-8e6d-06a28d1534fd,Michael Morrison,nmolina@example.com,PROD-6369,Diverse non-volatile artificial intelligence,Food,5,522.72,2025-09-30T09:06:10,cancelled,paypal,Ghana,Brianborough,2613.6
9a0af5fe-9ad4-4f8d-8e82-918527587e00,fc1634cb-3c96-4445-bcd8-ce797a24ffb9,Jimmy Joyce,amanda22@example.com,PROD-8709,Ergonomic exuding moderator,Clothing,6,616.76,2025-12-12T05:56:35,pending,credit_card,Saint Helena,Port Daniel,3700.56
10f18832-94b4-4cdb-a2b3-60ef6266ecc4,4b8438b6-9286-41af-aeac-444acc9248cb,Diane Clayton,qgomez@example.org,PROD-7035,Versatile bi-directional knowledge user,Books,5,821.24,2026-01-18T18:28:55,pending,bank_transfer,Puerto Rico,North Samantha,4106.2
c0eb3ce2-f947-4853-b4ef-06b1437b885e,01d3386c-ca89-4675-b300-c363bbb34d7e,Robert Garcia,ecollins@example.net,PROD-1319,Self-enabling motivating open architecture,Clothing,8,185.04,2025-07-23T03:50:26,completed,paypal,Iraq,North Cassandraberg,1480.32
1384c7fb-0df6-4963-a512-9e8b941f6c83,96c1c544-1345-4162-9646-2c17507b4b58,Elizabeth Silva,thomasallen@example.com,PROD-8450,Monitored impactful productivity,Sports,1,49.31,2025-10-18T12:47:07,completed,credit_card,El Salvador,Riceburgh,49.31
fa6d02c9-dd84-449e-9289-abd82e2d6a21,fa6484e9-33ac-476f-8476-8158f9b4f257,Lindsey Frey,simmonstimothy@example.com,PROD-5959,Pre-emptive analyzing knowledge user,Sports,1,878.36,2026-01-16T06:50:09,completed,bank_transfer,United States Virgin Islands,Cassandrastad,878.36
15f8d563-c0a4-4912-88cf-5d37fba714cb,f9a95d4c-c393-4311-86ff-fa38aff79dc2,Sarah Brown,pamelastuart@example.org,PROD-4627,Horizontal web-enabled success,Electronics,8,279.15,2025-11-12T08:42:04,cancelled,bank_transfer,Guyana,Osborneborough,2233.2
adb97b33-080a-42a6-bf48-53adedd849b1,dec1a2be-bcb9-4264-bbf1-913036a0bef0,Jill Fowler,derrick04@example.com,PROD-3937,De-engineered dynamic array,Books,2,486.84,2026-02-17T10:54:01,cancelled,paypal,Antarctica (the territory South of 60 deg S),North Billy,973.68
41670e87-abb7-496f-8532-c5d7923761fe,2675de65-2655-4750-a738-b4ed98bd23de,Colleen Sanders,tswanson@example.net,PROD-2186,Proactive 4thgeneration alliance,Electronics,8,686.07,2025-11-09T23:49:22,pending,bank_transfer,Lao People's Democratic Republic,Bartonville,5488.56
5d4008d8-7059-4161-9358-426ec07ce712,b7ece2ea-618b-4355-9eb1-35ab8cee30e1,Jerry Stevens,bakerderrick@example.org,PROD-5918,Progressive web-enabled functionalities,Books,5,463.71,2025-11-17T21:58:09,cancelled,bank_transfer,Svalbard & Jan Mayen Islands,Port Samuelmouth,2318.55
2ae24eb1-ee7a-4de6-adf9-ad6eb6b877db,09ca4e5d-1774-4563-82ae-de34141f6e17,Jeremy Shaffer,ericmiranda@example.net,PROD-7963,Re-engineered motivating toolset,Food,10,560.62,2025-11-11T14:19:56,completed,credit_card,Suriname,Fordmouth,5606.2
20c874b4-a96b-4044-b102-9f00d723f1bf,159f597b-4375-4047-a089-d73888c40596,Parker Thomas,vancecody@example.org,PROD-3885,Centralized 5thgeneration data-warehouse,Books,9,614.6,2026-05-15T22:06:27,cancelled,credit_card,Iran,Melissaview,5531.4
fb821c72-11b5-4267-acea-f456eb01712e,baae9419-bbb4-4a4a-a592-f39987813f2f,Mark Robles,maria65@example.com,PROD-5914,Multi-tiered local function,Clothing,5,732.73,2026-04-12T19:31:31,pending,bank_transfer,Bhutan,Coleview,3663.65
4c46654a-367b-4787-b560-4955837ca440,29701acd-a84a-4ab6-a813-3d88c34b9cf9,Ann Blake,ruizeddie@example.org,PROD-4829,Ergonomic interactive structure,Food,6,677.83,2026-05-19T16:57:52,completed,paypal,Timor-Leste,Thomastown,4066.98
3760dd2d-a460-4b9a-b144-c4cb0920febc,287de9bf-d975-4eda-9347-d310f36c9b8f,Nathan Moore,dcabrera@example.org,PROD-5664,Synergistic empowering system engine,Books,8,623.71,2026-03-23T01:35:52,completed,credit_card,Falkland Islands (Malvinas),New Adamfurt,4989.68
64e9b861-7af9-419d-b588-3d2750371240,71b692bf-cf13-4eb2-91cd-4e79e4ed8982,Joshua Lee,sarah18@example.com,PROD-7006,Enhanced global attitude,Sports,6,339.37,2025-09-05T11:50:38,cancelled,bank_transfer,Serbia,Port Christopher,2036.22
d75be54a-4334-4c63-97f7-bd651560df43,0db07f70-3268-43da-8dfd-6995df6450cd,Brittany Wallace,anthonywalters@example.com,PROD-4092,Optional background forecast,Books,5,509.45,2025-10-01T08:36:27,completed,paypal,Northern Mariana Islands,Markland,2547.25
7832d371-2b9e-4dfc-ade4-e42750abea8c,c4252858-1bd2-4608-8344-ebe65b0775d1,Alexis Young,usimpson@example.net,PROD-9057,Self-enabling cohesive flexibility,Clothing,8,702.41,2025-07-07T02:24:05,completed,credit_card,San Marino,Angelatown,5619.28
a3bfa0e2-ed50-4b67-bdc1-d041d49e935b,2c164cc2-b2b6-4fd0-a7c8-5bb5c126bbf0,Joseph Rogers,castilloashley@example.com,PROD-1208,Enterprise-wide fault-tolerant ability,Books,7,812.58,2026-01-02T09:16:22,completed,paypal,Isle of Man,Dominicland,5688.06
c889c72d-0e93-4e48-a6de-5200ad1007bd,c479e6d8-9e04-45e4-ba46-71a7dd2c5473,Taylor Watson,youngadam@example.net,PROD-7970,Profit-focused dynamic throughput,Clothing,1,691.83,2026-04-12T11:53:01,completed,credit_card,Hong Kong,Hillfurt,691.83
6358e6e2-cd46-4496-a628-f8e2624e32e8,05143654-2024-42a1-a074-2737c6209b37,Jacob West,tonya68@example.net,PROD-6581,Re-contextualized secondary portal,Clothing,2,410.08,2025-06-05T17:44:46,pending,credit_card,China,Lake Edwardberg,820.16
7ee51eb1-2c79-435f-8492-87e1c99c0648,b846a7a9-21f3-47a0-b83a-1f1e5e8709ca,Daniel Jones,fhamilton@example.org,PROD-9108,Assimilated motivating Graphic Interface,Food,6,160.56,2025-06-23T03:39:17,completed,bank_transfer,Kiribati,West Christopherborough,963.36
08838197-48f8-4e70-8a7b-32f0a3d5f49d,c8d04a05-392a-48d6-bf9a-31245f2a5639,Nathan Fernandez,catherinedaniels@example.net,PROD-4217,Right-sized real-time neural-net,Sports,5,278.83,2026-03-05T17:17:54,completed,credit_card,Fiji,Rogermouth,1394.15
c94e69e0-d71c-4fb0-a52c-7a1d6cbf581c,cee7656d-3f95-43a3-8c92-66c69721c483,Barbara Kennedy,jessica35@example.org,PROD-8280,Balanced modular flexibility,Books,5,110.63,2025-07-26T23:31:22,pending,paypal,Burkina Faso,New Joshua,553.15
3fd37bfb-c4f4-48f8-aa06-826355b837c3,b4130f2c-11f7-45c2-9e14-f9fcbadf4e3d,Mrs. Kayla Taylor,westthomas@example.com,PROD-5028,Integrated 6thgeneration open system,Books,4,77.83,2025-07-10T15:42:34,completed,paypal,Lao People's Democratic Republic,Millerport,311.32
eccc2929-43da-4dcd-ae31-db59eddeeb03,beba9ab1-db1b-480a-a510-a85c7f6771ea,Jacob Steele,dustin96@example.com,PROD-8070,Adaptive exuding archive,Sports,2,226.45,2026-02-17T08:40:05,pending,paypal,Japan,Lake Lisa,452.9
87d948e8-c554-4989-944d-a49d3d04ee85,38392bed-98c5-4cab-8999-94da45d14e0a,Danny Ortiz,williamsmelissa@example.org,PROD-9002,Reactive bandwidth-monitored attitude,Clothing,10,993.07,2026-04-04T11:05:29,pending,paypal,Ukraine,Elizabethfort,9930.7
18235c6b-f44a-40e5-83c2-27607a675e9f,c3d7fb8c-10f1-44e0-b820-2c7b42769b68,Stephen Jefferson,anthony35@example.net,PROD-7456,Focused optimal monitoring,Food,9,182.41,2025-09-03T14:45:35,pending,bank_transfer,Marshall Islands,North Edwardbury,1641.69
b8b30453-ff75-40da-a965-d5b4e9705329,3685344c-05f0-4cf0-a1dc-54dceb5da996,Debra Hill,taylor57@example.org,PROD-8034,Automated didactic focus group,Sports,8,243.28,2026-02-07T16:09:04,completed,paypal,Namibia,Williamsmouth,1946.24
e1eedbdd-3546-41a9-ad79-329bc62dd594,4c8da623-fc34-4082-926f-8ec1ca65fef0,Nicholas Green,michael57@example.net,PROD-5794,Re-engineered 5thgeneration frame,Food,4,365.58,2026-05-11T19:01:04,pending,bank_transfer,Faroe Islands,New Preston,1462.32
a4732b1f-4056-433c-9298-3efc5eccb009,4c4101ae-e95c-4c94-8bd6-c81f66cfbf0d,Carla Jackson,tinawoods@example.org,PROD-7613,Cross-group reciprocal structure,Sports,7,855.8,2025-06-19T23:57:49,cancelled,credit_card,Honduras,South Troystad,5990.6
4154dab1-d9d1-4f5d-9c50-3f0a384ee93d,3bafa973-e0a4-4a0e-8ec8-5eec59a4c939,Abigail Ellis,jeremiah28@example.net,PROD-1922,User-centric composite database,Food,5,963.03,2026-06-02T09:41:37,completed,bank_transfer,Eritrea,Smithberg,4815.15
9b914cfa-22fb-4d0c-9b43-9cb5b355503f,1aabd328-8498-4b3a-ab5d-a732d39666fc,Aimee Moore,lynnrebecca@example.net,PROD-2077,Down-sized transitional archive,Clothing,6,626.49,2025-07-16T13:20:08,cancelled,paypal,Cape Verde,Port Lucasview,3758.94
63f7f214-45c9-4e0f-96aa-e75084460b75,5049c848-351c-4e4f-a0f1-f5c74e35e58d,Nicole Taylor,gary95@example.org,PROD-4700,Decentralized analyzing middleware,Clothing,1,683.81,2026-01-16T22:37:08,pending,paypal,Canada,West Michael,683.81
bcc51c17-0576-4ec5-b08a-64599c0076dc,31da46b1-5f30-4cc3-a71e-eccc7d4d020a,Nicholas Johnson,barrchristina@example.net,PROD-6877,Profit-focused 5thgeneration extranet,Sports,2,261.57,2025-11-12T06:44:34,pending,credit_card,Guatemala,Lisahaven,523.14
5b8c7e33-3f9f-450f-9939-e3bfa72c379e,21ee5a57-e6d7-45a2-956d-05d94493f615,Amanda Gonzalez,ruben86@example.com,PROD-4782,Front-line real-time task-force,Books,7,989.94,2025-08-24T11:08:06,cancelled,credit_card,Cyprus,Angelastad,6929.58
635941a6-29cf-4848-8b89-3cf94fd1e644,8ad48c7f-9c63-45aa-8639-f09918bc309b,Matthew Johnson,braykaren@example.com,PROD-4518,Grass-roots multimedia orchestration,Books,6,207.97,2026-04-20T01:07:11,cancelled,paypal,Mauritius,Mackenzietown,1247.82
a8dacb1e-3e1b-49b7-a879-2c071f8177c0,3327ad7c-d10c-4a53-b224-d4318130f54f,Kevin Garcia,qperez@example.com,PROD-7920,Profound well-modulated projection,Books,7,826.48,2026-01-06T18:35:27,cancelled,credit_card,Congo,Davidview,5785.36
a2b2777c-91d9-42a7-87a4-82a3e4fca41a,1f4e7f15-b797-4785-ac0c-2859555c45a9,Barbara Nguyen,stownsend@example.org,PROD-5528,Innovative explicit forecast,Clothing,5,878.03,2026-01-24T18:00:04,pending,credit_card,Korea,North Kaylaport,4390.15
8ddcb2be-20db-408c-aa9e-e8c6fc2c36d5,fe0ca8af-b761-4710-9192-bff0744a6291,Harold Mendez,fyork@example.com,PROD-5332,Horizontal multi-tasking focus group,Electronics,1,385.39,2025-06-18T21:14:40,completed,paypal,Costa Rica,West Jessicaborough,385.39
fe3a3107-4d1f-48d2-a306-958f9550fea1,0c919412-f37a-4110-a6b9-79a795dd5325,Jessica Burton,joneskim@example.net,PROD-1929,De-engineered executive Graphical User Interface,Sports,1,103.34,2025-12-13T20:15:05,completed,bank_transfer,Tunisia,Timothyberg,103.34
74859f4e-a6d4-4d35-a04c-82002cdeda97,0a028ef4-d73f-4d3f-ae08-f3cd6d77d0f4,Cassandra Williams,amy30@example.net,PROD-3513,Extended grid-enabled service-desk,Electronics,8,12.18,2025-11-16T02:13:56,completed,credit_card,Lesotho,South Nancy,97.44
db5f14dc-6e27-4d0d-928d-9666f4f9475a,c2ff546a-4a30-4af3-bf1a-308c1e05b82f,Rebecca Brown,jonscott@example.com,PROD-2129,Visionary executive approach,Clothing,1,400.9,2025-06-23T05:54:38,completed,paypal,Sweden,North Andrew,400.9
e72b64d2-c50f-4027-88a9-c91b938d60d8,6baec3b8-fa93-4c8e-bdcd-0faf138689ca,Dawn Rivera,robert46@example.net,PROD-1978,Adaptive methodical approach,Electronics,4,894.8,2025-06-04T18:02:19,completed,paypal,Ghana,New Elizabeth,3579.2
3fc97b0e-e3a3-4dae-a36c-8dd11ded08db,45279de1-13f3-4191-a4e6-378d07635e8d,Joseph Compton,higginsdeborah@example.org,PROD-7465,Decentralized composite archive,Food,1,15.86,2026-05-31T01:22:57,cancelled,credit_card,Germany,Port Jason,15.86
