order_id,customer_id,customer_name,customer_email,product_id,product_name,category,quantity,unit_price,order_date,status,payment_method,country,city,total_amount
020b4e5f-1b8e-4fe9-aa3f-cefc6e9d2228,62aeb97c-052c-4dce-9e72-51a34df2d06e,Yolanda Rose,whitepatty@example.net,PROD-3294,Networked actuating alliance,Books,3,884.38,2026-02-06T21:38:48,cancelled,paypal,Morocco,Danielleshire,2653.14
ca11bc70-2490-46cd-9092-341ad492c570,6411ac1e-2565-4aea-8c17-87b1e1236aa2,Ashley Mejia,jordan51@example.net,PROD-3095,Reduced modular website,Books,8,897.88,2026-01-19T06:20:55,completed,paypal,Kenya,Crystalville,7183.04
d3c0e488-2720-40b3-8021-a376acbc5d6e,59156a0c-5b07-4542-b13e-b648aaa9cf2c,Robin Hunter,erikavasquez@example.com,PROD-1965,Persevering empowering methodology,Sports,9,518.64,2025-07-08T05:18:53,pending,bank_transfer,French Southern Territories,Lake Andrea,4667.76
96dea910-ca28-4e9c-a607-9041e25fc916,7126e3c8-a79a-4082-8764-843b836ee336,Brittany Gentry,deleondaniel@example.net,PROD-2291,Synchronized bi-directional archive,Clothing,4,88.04,2026-04-15T07:03:46,pending,paypal,Cook Islands,North Brian,352.16
0eaf75ee-1491-46cc-b868-06e55b21ad46,b9c28872-9dc5-4d94-b150-c4faf8a5a41b,Justin Palmer,folsen@example.org,PROD-8328,Expanded logistical access,Sports,1,429.53,2026-01-16T08:57:27,completed,bank_transfer,Albania,Autumnstad,429.53
e19a69f2-53f1-44e4-9d4f-ad37fe77cf0c,f0a829a2-fe55-425c-b597-9a367f8c676b,Shannon Powers,joseph30@example.net,PROD-1718,Total tangible approach,Clothing,2,31.79,2026-02-03T04:45:55,pending,paypal,Honduras,Anthonyburgh,63.58
b6f48a43-cb45-40e0-9f92-626c77e690b4,a0d358bc-d574-464d-b209-02aed6850225,Teresa Smith,howeshelly@example.org,PROD-6823,Expanded coherent database,Electronics,3,886.34,2025-09-02T22:11:53,pending,paypal,San Marino,Aaronhaven,2659.02
da94a065-d41a-4c85-b0ab-772cb6a89f1c,b7075224-70be-4671-8cbb-96ae3a3d6615,Jenna Moore,jennifer82@example.com,PROD-2131,Phased client-driven solution,Books,8,43.58,2025-12-19T16:33:19,pending,bank_transfer,Central African Republic,Lake Jacobfort,348.64
8490644e-9822-445f-9a53-426d92bc1867,2f160e69-8190-4d4d-9f9a-c07125506818,Vanessa Clark,nrhodes@example.com,PROD-6688,Networked regional secured line,Books,5,900.35,2025-11-09T17:47:41,pending,bank_transfer,El Salvador,Briantown,4501.75
14ec77f7-45e6-476f-9e43-e5ac9c5e7a0b,3dab22b3-e3be-4bbf-a977-99e0d2652809,Katherine Black,hgreen@example.com,PROD-9568,Persevering context-sensitive instruction set,Food,3,261.11,2026-05-23T09:35:11,completed,paypal,Anguilla,Whiteport,783.33
34d356cf-dc6c-4ff6-b12c-80edc2571e49,f0df5f6d-adb3-4229-a563-e771f66b8022,Martha Bell,simscolleen@example.net,PROD-1087,Operative even-keeled installation,Books,2,825.94,2025-06-04T04:01:11,cancelled,credit_card,Uzbekistan,Sydneyton,1651.88
986a37a2-8ac7-4b06-baa3-95b646e1f390,9c94ca87-5f30-42b9-9c16-300502e36fbf,Jennifer Jensen,sortiz@example.com,PROD-5037,Organic coherent framework,Sports,9,931.93,2025-06-16T13:05:40,pending,paypal,Svalbard & Jan Mayen Islands,Samanthafurt,8387.37
b44d2a91-34af-4704-a8dc-3e8c43a7ff7f,966b5041-f046-43b9-bce9-3507f86fb342,Amy Freeman,christine63@example.com,PROD-1674,Configurable tangible installation,Electronics,3,197.54,2025-08-29T11:33:12,cancelled,paypal,Congo,Lake Julie,592.62
50b68602-48d5-42d4-949a-b2a39e1ad559,6a320d05-16a8-4ffe-935c-bd737147c1d7,Sabrina Hutchinson,pauldavis@example.org,PROD-8039,Distributed full-range contingency,Clothing,7,426.83,2025-11-16T07:02:34,pending,credit_card,Western Sahara,Fishermouth,2987.81
e281adc8-5a9c-41c7-9318-e333d7b1accc,3cd129aa-ab5f-4c3a-9323-6bf8b3f063d9,John Wood,dustin55@example.com,PROD-4028,Profound cohesive firmware,Books,2,892.89,2025-06-22T11:10:59,completed,bank_transfer,Palestinian Territory,Erinhaven,1785.78
2862e8d7-4273-474c-891f-dfe27f62951c,f60520a4-c150-4102-b55f-362b12ff68b7,Heather Lara,denisefloyd@example.net,PROD-4172,Enterprise-wide dynamic infrastructure,Electronics,6,845.24,2025-10-23T02:43:52,cancelled,bank_transfer,Reunion,North Kathleenview,5071.44
32a784af-7ae0-408a-955b-4c987a0b05b1,86a727ef-fef1-47d9-9823-73d2fd776ab7,Gary Benson,anthonyarnold@example.net,PROD-7299,Proactive mobile monitoring,Food,8,591.56,2026-02-18T13:14:15,cancelled,credit_card,Pakistan,Port Michaelburgh,4732.48
3579f32d-9dec-4ed3-83c1-4aeec6875505,3bc79f29-d606-46cb-84c4-4ded90c78909,Jamie Irwin,bsmith@example.net,PROD-9505,Grass-roots executive access,Sports,6,501.84,2025-08-03T02:21:03,pending,credit_card,Venezuela,Butlerfurt,3011.04
7575f88e-7359-4843-9b50-e6e789f67152,8d3e644c-abae-43fe-b5aa-27a3db65351e,Joseph Gonzalez,robinperry@example.org,PROD-4604,Organized composite utilization,Books,8,556.77,2026-01-21T21:22:37,pending,bank_transfer,Benin,Lake Lisafort,4454.16
70e33f3d-1e3e-4c51-829e-66b4bf3a6369,3d7a3b7b-fa85-4ae8-9e9a-c0b4f6c0379f,Benjamin Brady,renee08@example.org,PROD-7677,User-centric logistical database,Books,9,806.6,2025-08-23T05:07:51,pending,credit_card,United States of America,Kristinhaven,7259.4
ed5f5199-2f85-46af-bfa2-c70880f81422,ae9b5654-eea3-4f4f-b704-146bd47db643,Timothy Patterson,khernandez@example.net,PROD-3916,Cloned next generation synergy,Electronics,8,789.61,2025-11-05T11:39:04,completed,credit_card,Honduras,Millerfort,6316.88
1835f4b4-6091-4580-b44e-1243b0504400,97b80b6a-3124-42d0-813d-42f7295c1f2f,Lee Green,allendavid@example.net,PROD-4242,Self-enabling scalable throughput,Sports,9,20.85,2025-12-10T20:58:24,completed,credit_card,South Georgia and the South Sandwich Islands,Lake Katherine,187.65
b4c72a59-24b3-483f-b696-020c37b53e30,6e8f9d35-3c3b-4099-97c6-87f4af6578fb,Megan Garza,kimanderson@example.org,PROD-8535,Multi-tiered homogeneous groupware,Books,8,934.64,2025-11-12T11:21:27,cancelled,bank_transfer,Brazil,Nobleport,7477.12
5438abfd-cbf7-43cb-a8ba-2e0033f90e63,2cfbb128-22ce-49e2-a977-e2c57a615e69,John Dixon,garzajames@example.org,PROD-2032,Adaptive holistic moratorium,Sports,1,427.97,2025-09-24T23:14:04,completed,credit_card,Turkmenistan,Gonzalezhaven,427.97
7d3ee8ad-5f71-45cc-ac6a-5b8eeb389c07,0fcb4618-4a3e-4884-83ed-726ae0fb023b,Samantha Thornton,johnday@example.org,PROD-1952,Multi-tiered zero administration superstructure,Sports,2,949.75,2026-01-01T23:55:32,completed,credit_card,Niger,Piercebury,1899.5
20df3f9a-aedd-4200-8e10-7e5c11e33331,1c7fe8a5-9593-43d4-a50c-0056708b4cdc,Dr. Catherine Schwartz,anthony99@example.com,PROD-3814,Versatile dedicated algorithm,Books,9,680.11,2026-05-11T09:44:08,pending,bank_transfer,Nigeria,Parkerton,6120.99
d3911037-b272-4519-9bc5-54120f6fcda3,f6aea8bc-6332-49de-9f7c-a7532bf57889,Alexander Alvarez,gabrielbeck@example.net,PROD-8346,Digitized eco-centric algorithm,Clothing,5,612.66,2025-06-11T15:27:14,cancelled,bank_transfer,Netherlands,Port Russell,3063.3
67d3c61c-0f20-4d6d-a357-39864e73fd7b,296b470e-e082-4aac-b5f9-46329ddfd37b,Kevin Holt,foxlogan@example.net,PROD-8689,Reverse-engineered methodical portal,Food,3,824.37,2026-04-21T02:55:37,pending,paypal,Barbados,North Anna,2473.11
bfe1bcdd-d6e1-4485-be99-7c89d1872207,1824c07c-b522-4d05-88f6-2bcaebd2df3d,Michael Lopez,fraziergina@example.net,PROD-2050,Reactive fault-tolerant encoding,Sports,1,261.77,2025-06-12T08:12:40,pending,credit_card,Greece,West Louis,261.77
dbd4c7bb-c9f4-4420-a696-301c0b5b5226,829ea0e0-fca9-42c6-b194-55ef894bbcb7,Christopher Carr,edaniels@example.net,PROD-7770,Innovative user-facing access,Clothing,10,725.8,2025-07-27T20:39:23,completed,bank_transfer,Swaziland,Bakerchester,7258.0
4f356e77-40c3-4d68-bce6-495d2ce51a46,901e504e-80c7-42d0-911c-a15d3692427d,David Hall,nicholas61@example.org,PROD-2147,Configurable coherent website,Food,5,731.4,2026-01-29T12:04:32,cancelled,paypal,Kiribati,Andrewport,3657.0
1a7a20db-e4c9-41b4-96d5-41254d7f769b,c275a957-2dda-49c0-8b1f-46671e0d9811,Christine Harris,lbaker@example.net,PROD-2125,Synergized heuristic collaboration,Sports,4,380.59,2025-08-08T06:31:11,pending,credit_card,Singapore,Nicholasmouth,1522.36
64736bfc-b969-4f5a-bc0c-d13be0235a85,e25a3217-ab46-4638-8f30-bbedbe85e9e2,Ryan Mccarthy,zgonzalez@example.com,PROD-5293,Synergized radical protocol,Clothing,2,29.89,2026-03-29T05:33:09,completed,paypal,Lebanon,South Douglasborough,59.78
d5e48b24-6b99-4309-8bf9-8499f814b430,b51ea51c-d3b2-48cd-a7b3-0a34c4abff47,Shelley Perez,cartertravis@example.net,PROD-5584,Multi-tiered global knowledge user,Electronics,8,333.12,2026-02-18T15:16:58,pending,paypal,Liechtenstein,Jefferystad,2664.96
159b60cb-2a57-431f-a111-7bc97f93eaba,a1dee8af-e866-4685-a79a-dce562e1113f,Christina Kelley,zrodriguez@example.org,PROD-4928,Balanced fault-tolerant protocol,Books,5,556.04,2025-08-19T16:07:32,cancelled,credit_card,Antigua and Barbuda,Evansport,2780.2
2a4c5bca-0acc-4596-9d2b-7072b9d5b7c8,98847f92-02b9-4298-a322-94dd7cc4a0b7,Brittany Sims,pflynn@example.net,PROD-3422,Optimized maximized data-warehouse,Electronics,7,88.82,2025-09-08T07:04:43,completed,bank_transfer,Maldives,New Hector,621.74
20e4ef42-bc3c-4d06-9417-856e6226c8f3,af1785c2-3255-40f2-b447-d0b35f46e8d6,Jacob Garcia,veronica26@example.com,PROD-6815,Streamlined intangible hub,Clothing,6,338.48,2025-09-02T19:47:55,completed,bank_transfer,Kyrgyz Republic,Lake Janet,2030.88
d5da9927-f059-4dfa-8aff-0d85b9058ad5,51c304b3-1d81-4d8e-aeed-33e27ab905f6,Kevin Anderson,mdelgado@example.com,PROD-4962,Secured heuristic firmware,Food,9,588.44,2026-05-06T05:06:21,cancelled,credit_card,Philippines,Salazarmouth,5295.96
3f43ea12-9f20-4b53-8ece-3c715556c350,ade81fcf-bb7c-4bc0-8899-9f292c3c8510,Benjamin Wilson,davidtucker@example.net,PROD-1805,Cross-group optimal orchestration,Sports,3,686.86,2025-10-25T16:02:02,pending,paypal,Togo,New Andreaborough,2060.58
6450232a-24e1-49f1-af99-74d41d80f72d,f211ec9f-505f-45b9-b368-977c7a258980,Shelby Davis,debbieperez@example.net,PROD-7423,Extended zero administration workforce,Food,5,884.24,2026-04-25T01:46:07,cancelled,credit_card,Guyana,North Laurenside,4421.2
5a6ce348-b931-4135-b042-e355777dc5e0,c0a649dd-28f4-4eb3-b995-00f8f0cd9afc,Francisco Wilson,brandon24@example.org,PROD-7158,Up-sized contextually-based capability,Books,2,832.51,2025-06-18T12:20:00,cancelled,paypal,Kuwait,New Anthony,1665.02
f53ba7b6-f41e-486f-865d-81c49de375f1,e9bbd12f-c9fa-41e0-9e43-bedacba8d143,Jamie Hall,charleshill@example.com,PROD-7962,Enterprise-wide systemic matrix,Sports,6,943.71,2025-05-31T02:52:52,cancelled,credit_card,Tunisia,Mcfarlandview,5662.26
0a03d3ea-55d5-4991-93bf-999a4a0253b5,e2a21ca5-96ff-4549-a98a-52bbc30ffc64,Joshua Williams,lisa47@example.com,PROD-6910,Advanced bandwidth-monitored implementation,Electronics,10,403.83,2025-10-01T18:43:43,completed,paypal,Argentina,Catherinemouth,4038.3
e3d85d39-d954-4c3f-8ac5-8d7825033f95,dcf3fd27-0f92-4294-aa16-08abe5bc1873,Ryan Montgomery,johnathan64@example.com,PROD-3844,Multi-tiered multimedia concept,Food,1,442.06,2026-01-08T05:09:26,completed,bank_transfer,Sudan,North Luketown,442.06
63479479-7257-4a0a-85e4-caa6b734dd37,3adea5cb-b896-4a83-9b56-2e4f7805c480,Carrie Pierce,martinezmarcus@example.net,PROD-5097,Enhanced encompassing knowledgebase,Clothing,6,581.2,2025-10-16T12:58:38,cancelled,credit_card,Anguilla,West Matthew,3487.2
197f1048-86e0-45f1-9471-c446864e1fd8,325176ae-536b-4c72-9db7-1b3d3da98993,Alison Warren,campbelljanice@example.org,PROD-6389,Distributed client-driven functionalities,Books,5,947.57,2025-11-13T14:30:16,pending,paypal,Algeria,New Daniel,4737.85
01a4a6f4-fdf7-4d7a-897d-c11ae34ce7bb,962fa829-dad7-4e35-b529-dbccfd9e9f36,Melissa Taylor,steven32@example.net,PROD-4374,Open-source systemic function,Books,5,183.62,2025-07-15T07:16:02,cancelled,credit_card,Christmas Island,West Stephen,918.1
b1b66504-56f1-4cc4-b70a-3c60bc0f214e,b5ad85d3-219d-45e3-ad48-7be53448cd97,Brittany Smith,melissa92@example.org,PROD-9590,Exclusive 24/7 model,Clothing,4,763.41,2025-11-28T22:21:35,pending,bank_transfer,Palau,New Annaburgh,3053.64
5b6d6641-35aa-4962-b880-5359dec40df6,d82d10c1-c7cc-4ff3-9889-7bf36af66dad,Victoria Miller,ricecassandra@example.com,PROD-2050,Ergonomic discrete policy,Books,1,19.56,2025-07-21T22:32:19,completed,credit_card,Tajikistan,Ryanmouth,19.56
8160e68e-5992-4b06-9dcb-868027d76526,7bc93576-0479-4e33-9e49-9a1cb7ca8c1f,Gregory Williams,rojasjoseph@example.org,PROD-7914,Enhanced actuating concept,Books,10,951.42,2025-09-07T21:31:58,pending,paypal,Cameroon,Laurieview,9514.2
4c1c4ec5-a8d3-4174-8b53-7ddda200522a,cc0a70d8-7807-45e2-a61b-03aa6d6e6189,Howard Patterson,michael11@example.org,PROD-1606,Open-source mission-critical toolset,Books,2,113.92,2025-07-13T00:50:22,cancelled,bank_transfer,Fiji,North Kelseyport,227.84
d98e5ba8-98e1-4918-bbe1-cf3e2a19868b,0896973c-4ed2-41f2-9adb-b0aa6b1da35b,Matthew Ramirez,mhicks@example.com,PROD-7295,Grass-roots local open system,Electronics,5,370.9,2026-03-11T05:09:54,pending,bank_transfer,Palestinian Territory,South Kathleenmouth,1854.5
738df6fe-c856-4afe-8aef-e1099f6d1adf,d2bb2118-1b61-43ec-8040-37bf5c868164,Nancy Bell,jason99@example.org,PROD-5444,Enterprise-wide incremental parallelism,Electronics,8,797.88,2026-02-17T05:41:56,completed,bank_transfer,Bahrain,Terryport,6383.04
a4a8511c-dc07-4aa5-a5ea-4aa59261ca6e,098f25be-a925-445a-b14f-eef14dcc86b5,Xavier Austin DDS,nelsonmichelle@example.org,PROD-5361,Cross-platform coherent policy,Clothing,3,158.8,2026-01-19T19:09:32,pending,credit_card,Norfolk Island,West Bradley,476.4
811d2921-7256-405d-af9c-b71c5424438c,e0efb9fc-699b-4b0d-9b15-cb7731987e7c,Jason Wong,gleonard@example.com,PROD-2460,Pre-emptive intangible utilization,Clothing,10,758.03,2025-11-14T14:23:57,pending,credit_card,Benin,New Christinehaven,7580.3
d799c291-c5d4-4711-beea-3feec76714ff,8ed40e1e-d637-4a8f-a34b-e3bbe447d742,David Hancock,kgriffith@example.com,PROD-9449,Persistent hybrid function,Sports,6,111.59,2026-03-19T19:34:47,completed,credit_card,Kyrgyz Republic,Millertown,669.54
151986d3-caf6-4029-a9bb-3dc9aca9e2c0,4141fd3e-39e9-4dd8-bdc1-d73a0add37a2,Brenda Hicks,obarry@example.net,PROD-7387,Optional methodical core,Clothing,3,64.93,2025-12-11T02:52:25,completed,credit_card,French Guiana,Kaufmanstad,194.79
f4478b97-ad67-4112-a206-16bd5545cfa3,13bec461-7ab8-4bfd-a520-c26193d28d9f,Carlos Dawson,sharrison@example.org,PROD-4769,Total stable open architecture,Food,7,725.5,2025-10-08T17:01:47,pending,bank_transfer,Kuwait,West Kyle,5078.5
9bff0c12-24b5-4a17-9c52-4ffb7a043fa1,0a6852a2-9791-4dfa-964f-677c322797ec,Michelle Lewis DVM,smallshannon@example.net,PROD-2132,Front-line regional projection,Electronics,3,206.24,2026-05-22T15:19:53,cancelled,bank_transfer,Mozambique,West Kent,618.72
99c00c27-776a-4832-95eb-af3eb37c6ee9,dbacefea-abca-493a-bf60-e83d898e58c1,Rachel Underwood,tina73@example.net,PROD-4559,Organized heuristic installation,Sports,1,616.08,2025-07-13T23:19:15,pending,bank_transfer,Hungary,East Anthony,616.08
90557422-ec50-4303-b9cd-e244efd0bad1,641e5439-6c3f-47da-a57d-baca501dadcc,Christina Russell,aaronhernandez@example.net,PROD-2197,Function-based multi-state benchmark,Clothing,5,898.46,2025-06-05T00:40:28,cancelled,credit_card,Nepal,Bellborough,4492.3
af80231e-ea16-43a8-afe7-a7830a67bd3e,e1ca52af-99ea-4e0d-8528-c585999c4495,Jose Bryant,bushchad@example.com,PROD-4868,Universal context-sensitive conglomeration,Food,7,273.69,2025-12-19T23:40:05,completed,paypal,Iran,Nguyenland,1915.83
e44ea820-2ebc-40dd-afb0-679fe9f2a11f,17f04d17-54da-4ca8-b475-3367ab5868cc,Chelsea Velazquez,jamesrobertson@example.com,PROD-1011,Automated client-server process improvement,Electronics,3,589.11,2026-02-17T07:38:37,pending,bank_transfer,Denmark,Davidmouth,1767.33
a466ecff-d626-466c-8955-141990cc5927,fa49af94-f578-44f4-bf5b-0e45e86ecf6a,Roberto Hartman,cody23@example.net,PROD-3281,Synergized human-resource encryption,Electronics,6,648.05,2025-11-28T10:34:04,pending,paypal,Cyprus,Simmonsshire,3888.3
0ee472b4-ce68-481d-91ca-4d60408fe056,5a1aedcc-8ba6-42fe-895f-7f0dd154ddf2,Leslie Sweeney,michellefoster@example.com,PROD-7289,Customizable executive support,Books,2,71.58,2025-09-16T17:02:53,completed,paypal,Trinidad and Tobago,North Brittany,143.16
7d746b86-5e51-4bb7-a102-386975cf69b1,6284bffa-42e7-4b05-82c3-bdc0d8af9cbf,David Welch,rluna@example.net,PROD-7406,Realigned human-resource open architecture,Food,10,53.13,2025-10-18T15:03:40,completed,paypal,Palestinian Territory,Port Danny,531.3
c5eac7e1-9ad3-4631-aca6-de3678d05a9a,f3bb2fe5-60f9-4651-b598-880891cc6e5f,Robin Reynolds,llewis@example.net,PROD-3993,Synchronized multi-tasking Graphic Interface,Food,8,283.71,2026-01-04T19:37:38,cancelled,credit_card,Indonesia,Fisherburgh,2269.68
9f164635-b5a9-4f61-b2a1-3090e694a06f,29cc000a-004e-4874-96fe-469860655a75,George Roth,avaldez@example.org,PROD-8603,Horizontal 24/7 model,Electronics,9,203.95,2026-05-01T12:25:06,pending,credit_card,Isle of Man,Sharonfort,1835.55
bad2a175-41f6-4a19-85fe-e57287f50127,69f9840b-25b2-4940-825f-90caacfda5a0,Tonya Lee,sanderson@example.com,PROD-7949,Extended uniform productivity,Food,7,710.34,2025-09-05T13:21:53,cancelled,bank_transfer,Argentina,Avilashire,4972.38
274e2e47-7fef-4e22-a88f-1f5326c64b1b,28cd09d7-556c-44e9-949c-aa45229f4f04,Kevin Reyes,dpeck@example.org,PROD-7226,Innovative non-volatile database,Food,5,555.44,2025-09-08T23:46:31,pending,credit_card,Mayotte,South Darlene,2777.2
57f63dbe-85d5-4fe0-82b1-ebb7ede7f00f,f2e5393d-8df1-46dd-9948-c20b5b16a86c,Tamara Mahoney,knightmichele@example.com,PROD-7617,Cloned background methodology,Sports,2,232.58,2026-01-29T07:50:06,pending,paypal,Ukraine,Lake Tiffany,465.16
92c1b109-f6ed-4927-8cf8-135940e9c380,20bbfd9b-001f-4856-bc02-50ae6665bd59,Margaret Calhoun,olsonbrianna@example.net,PROD-1858,Centralized grid-enabled moderator,Food,9,797.62,2025-12-18T22:35:25,completed,credit_card,Mexico,North Gregghaven,7178.58
b7c8d271-18bd-4f8c-82e2-2b7e6f0eeb79,9aa97bca-8d94-4726-8410-52bdb74fc741,Laura Chen,christine17@example.org,PROD-4383,Persevering needs-based workforce,Sports,9,51.27,2026-04-15T11:27:33,completed,paypal,Mongolia,Harrisville,461.43
4316e219-7674-4ac3-b5a6-74b4aed06e89,e2e89826-8075-4ef4-ad91-4ef1059a680e,Sean Lane,jeffersonjose@example.net,PROD-5249,Configurable multi-state data-warehouse,Clothing,7,467.15,2026-02-17T18:49:15,pending,credit_card,Armenia,Thompsonchester,3270.05
16ca6ed5-b8c5-41b9-9851-559e9e2f28dc,74888818-cbb4-44a6-8cb7-2585a5b3dd99,Brian Buck,jeannekennedy@example.net,PROD-8174,Down-sized exuding process improvement,Books,4,982.47,2025-09-08T09:44:53,cancelled,paypal,Moldova,East Thomasstad,3929.88
c97427b6-cf2b-4b8f-bbac-79d8229c7bb4,fba7082c-d326-4709-a8e5-d0f289918204,Anthony Williams,rwilliams@example.net,PROD-4106,Versatile grid-enabled knowledgebase,Books,7,461.65,2026-01-13T14:24:20,cancelled,paypal,Gibraltar,Curtisstad,3231.55
6b50ca0d-6541-4335-8b51-15a8730bae28,a0457ac2-d395-4b76-8a74-7913922c88ee,Christina Cortez,sandranavarro@example.com,PROD-9322,Upgradable zero administration interface,Sports,6,942.12,2026-03-12T00:47:29,completed,paypal,Iran,West Bruce,5652.72
d257d072-e2b1-40b0-b732-de0f4dc56102,a0996db9-d829-48a4-93b7-3391eaa5b04b,Rebecca Ortega,ycampbell@example.com,PROD-2932,Optimized needs-based projection,Clothing,10,566.21,2025-10-06T10:00:58,completed,bank_transfer,San Marino,Lake Terri,5662.1
f349b212-fc1c-4251-b1dc-a4b7cc7d0a28,660b8e9c-7f0d-4010-bf7f-223e06fb4bb8,Daniel Benton,johnsonrobin@example.com,PROD-7780,Persistent human-resource knowledge user,Books,7,256.71,2025-12-13T08:17:09,cancelled,credit_card,Cameroon,East Jonathanstad,1796.97
118b6870-6ffb-4ae9-b145-d8f6f359c184,a778027a-c8df-4685-a758-7872e00765ac,Judith Farley,gscott@example.net,PROD-4698,Fundamental composite emulation,Food,10,373.85,2026-04-29T16:28:51,cancelled,bank_transfer,Bolivia,Graybury,3738.5
87d29a4d-4970-4a5d-af38-66947543e7e9,c22c5fda-593a-4d15-bc1a-09479c857855,Deborah Williams,vjones@example.net,PROD-5522,Re-engineered fault-tolerant approach,Sports,8,915.08,2025-09-19T00:55:35,completed,credit_card,Tanzania,North Markborough,7320.64
ef8abb48-5cfe-4cc3-8811-fbff3a7b18b8,377bcebb-fab0-493f-9de9-5f35cb0ca700,Kimberly Parker,johnsondonald@example.com,PROD-6006,Intuitive modular implementation,Clothing,3,617.63,2025-12-21T14:29:00,completed,paypal,Congo,Port Scottport,1852.89
36d70d89-7ffd-4c02-b792-2956f9a98935,467c2735-b977-4f35-badb-0fed5a93685d,Mrs. Nicole Wiggins,vhorton@example.org,PROD-4051,Vision-oriented tangible knowledge user,Food,1,61.98,2025-10-15T19:00:20,pending,credit_card,Myanmar,Jesseberg,61.98
4313a519-828f-4a6a-a5bc-c3ac5393b59a,aa36513c-1529-4734-84c8-87bf6ae3085e,Andres Perez,dtodd@example.net,PROD-1565,Reverse-engineered fresh-thinking secured line,Sports,1,307.46,2025-06-17T03:07:54,completed,bank_transfer,Pakistan,Crawfordburgh,307.46
a5ab6071-5ddc-474f-85b9-fa4737719a9c,8192180b-0858-4aaf-8c83-47640f16a87e,Samuel Peterson,mlee@example.com,PROD-1689,Open-source grid-enabled utilization,Food,8,206.76,2025-08-31T06:40:44,completed,paypal,Sweden,South Loriberg,1654.08
fa42bc88-0927-419b-ac36-1cd72ba9dfa9,e945d2ed-c070-4dcf-ae79-2dee2fb8a10c,Sarah Mccullough,jacquelinechristensen@example.net,PROD-1128,Configurable executive budgetary management,Sports,4,662.5,2026-02-26T12:35:35,cancelled,credit_card,Korea,Clarkton,2650.0
3df257c2-302a-4fa4-a992-0a3658fb2e56,a4aabf4f-2369-4b5c-90b8-6d1bbe8dda23,Amy Lee,vincent60@example.net,PROD-6890,Seamless non-volatile monitoring,Electronics,2,486.0,2026-05-22T10:44:25,pending,credit_card,United Arab Emirates,Timothytown,972.0
c21a2ef2-570e-48e3-9653-f901d71f9946,35cc1cf8-52bc-4db3-b14b-ec9f08fe7e47,Daniel Chen,dalemercado@example.org,PROD-3369,Networked motivating protocol,Clothing,8,475.37,2026-04-18T21:58:34,cancelled,credit_card,Northern Mariana Islands,Jennifermouth,3802.96
75203d49-ea52-4658-b5f6-0b5e3c170b77,37056e7a-6865-48db-b076-9d4cadd882f9,Jennifer Nguyen,hectorbarnes@example.org,PROD-4409,Exclusive methodical database,Clothing,1,981.43,2025-05-26T13:33:21,pending,credit_card,Comoros,South Natalie,981.43
9aa4076b-ed1d-4197-9270-6bc18200897d,b15368f3-4c3f-462e-a7c4-f2a5532f8d3e,Kelly Mitchell,rallen@example.com,PROD-7827,Business-focused zero administration intranet,Sports,3,987.74,2025-10-02T20:12:08,cancelled,bank_transfer,Jamaica,Harrisshire,2963.22
83a78b39-975d-4640-90d4-29d3630b18dc,a880324f-3fa7-4928-b856-eceb2208234d,Margaret Gaines,marisa89@example.org,PROD-5490,Cross-platform human-resource capacity,Electronics,8,536.81,2025-09-29T04:06:30,pending,paypal,Spain,Brownfort,4294.48
03d197e1-4719-40f1-924d-dd00495ff787,db74df68-813d-4921-bf75-5a9c38c57aaa,Deanna Cummings,ijohnson@example.org,PROD-2246,Synchronized optimizing firmware,Clothing,6,665.03,2026-05-20T05:52:21,completed,bank_transfer,Sri Lanka,South Jenniferberg,3990.18
1a99b8c6-2e22-443d-9b28-b1a8b68abb8d,b45be163-b880-4584-8d6c-b7e986e413a6,Sarah Lozano,cortezmanuel@example.com,PROD-4367,Proactive context-sensitive monitoring,Clothing,6,885.18,2026-01-10T13:22:31,pending,paypal,Saint Pierre and Miquelon,Bryanview,5311.08
9b633f64-a067-4cea-bf7f-9f489fea78da,245c004f-49b6-4bbd-b293-be08e15b0267,Christopher Smith,nicholaswarren@example.org,PROD-1344,Quality-focused object-oriented workforce,Books,10,308.59,2026-01-11T02:19:06,cancelled,bank_transfer,San Marino,Lake Gary,3085.9
a6f8e8a4-541f-4963-8793-24c436f97e47,fbd72f02-1ce4-4317-9454-5439430e6772,Nathan Rodriguez,gina18@example.com,PROD-1814,Organic intermediate process improvement,Electronics,4,480.95,2025-10-18T17:32:14,cancelled,credit_card,Christmas Island,Anthonyfurt,1923.8
acdd1bf9-842e-4c26-be14-5ad8defb6350,64fddfc2-2303-41a4-b37e-012831cc09a7,Kelly Casey,pbonilla@example.org,PROD-7725,Networked mission-critical challenge,Sports,10,54.1,2026-03-10T01:56:11,pending,paypal,Iran,South Richard,541.0
b0c1e2c3-b201-4442-8218-f54058562c3b,bc4f6039-31a2-434e-8fe0-3308b43c4b36,Christine Davis,twhite@example.org,PROD-1972,Digitized contextually-based flexibility,Clothing,3,183.26,2025-10-29T12:42:58,completed,paypal,Wallis and Futuna,Caldwellfort,549.78
925472eb-6f2e-4023-9d0e-16687d17a142,ff8d19b1-d296-4402-8030-db79443ca2e6,Catherine Rodriguez MD,kmiranda@example.org,PROD-7533,Up-sized tertiary archive,Books,10,926.55,2025-06-11T16:34:35,completed,credit_card,Australia,Williamberg,9265.5
b4493210-87c9-4f7c-bab2-b9425dc88733,1bf07ded-b698-4bc6-bb90-afa02aeb8c1f,Cassie Ramsey,parkjessica@example.org,PROD-2768,Inverse secondary ability,Electronics,10,440.07,2026-02-17T10:19:30,pending,paypal,Zimbabwe,Ronaldborough,4400.7
5a9725d7-de93-47ed-a0e0-707e3247ba6f,df51f5a6-bc24-43a6-87f9-92c3987ce145,Kevin Castillo,uvasquez@example.org,PROD-4990,Reactive 24hour task-force,Clothing,6,390.79,2025-06-21T20:07:31,cancelled,bank_transfer,Belgium,North Danieltown,2344.74
06d97787-eedc-47e8-914c-c846aebbb8fb,1530d408-05b6-4c8e-aa81-025ad8e5857d,Michael Randall,amanda65@example.net,PROD-7706,User-centric scalable methodology,Books,2,904.16,2025-07-10T17:24:48,cancelled,bank_transfer,Saint Kitts and Nevis,North Allisonburgh,1808.32
25fea3c3-e638-4519-9cf7-b4fe5596074b,0342f417-7522-4e7d-8ea6-7a09fd888abb,Isabella Harris,frederickhuang@example.org,PROD-4722,Ameliorated bottom-line neural-net,Clothing,7,216.53,2026-04-20T21:29:16,pending,paypal,Paraguay,Port Tracy,1515.71
6ff2b7f8-063e-4572-9de8-3e6d15d3b03f,95b7735e-6b24-4045-ba6b-9f9e0f9273a6,Lori Guerra,bolson@example.com,PROD-4766,Compatible contextually-based encryption,Sports,10,648.82,2025-07-03T15:13:59,completed,bank_transfer,Cape Verde,New Samuel,6488.2
2453c9d2-b357-47c3-a473-c03708375d64,a3665181-6c61-49f1-9c1a-cd7d79e0a43d,Lydia Mcclure,earl59@example.net,PROD-5716,Re-contextualized zero-defect function,Clothing,9,100.35,2025-10-30T14:53:20,pending,paypal,Pitcairn Islands,Hayesbury,903.15
9cf734da-6cc6-43d9-8285-e0f4b2d7ee6a,684d8748-e090-4248-97e6-2f7fd0d69fa3,Ronnie Henderson,william36@example.org,PROD-5542,Expanded web-enabled artificial intelligence,Electronics,9,694.97,2025-08-01T06:11:18,cancelled,credit_card,New Zealand,South Marytown,6254.73
d2d277eb-f86e-4f72-a853-f318f1b48ebd,613dfa70-35b2-431a-a806-26c4c5552333,Marcus Thomas,tblack@example.com,PROD-2820,Decentralized content-based definition,Electronics,2,285.09,2026-03-24T17:39:20,cancelled,paypal,Slovenia,West Bethchester,570.18
3d4b02e1-b3e2-48c0-b4bc-aa51868bf558,884ee922-7a63-4966-8ff0-d54d62e1905d,Natalie Carroll,debragreene@example.net,PROD-4687,Proactive 5thgeneration flexibility,Food,6,832.72,2026-05-07T09:21:43,completed,bank_transfer,Saint Barthelemy,Pearsonchester,4996.32
c66885db-bf50-407e-83cf-c78826dec040,2e727f2b-ef31-473a-9757-a364e2a20eab,Ryan Cook,julie39@example.net,PROD-1062,Switchable upward-trending infrastructure,Sports,4,179.26,2026-03-19T21:20:09,cancelled,bank_transfer,Kuwait,North Davidville,717.04
68b6915f-d0eb-460e-8198-a7f59bf099e8,708baffe-2a34-4142-a9b9-b9d85ae01994,Jacob Dunn,christopher26@example.net,PROD-8907,Exclusive executive product,Food,7,300.03,2026-05-16T19:16:23,completed,credit_card,Suriname,Brianaton,2100.21
dc0b3df1-f874-4bb7-8bc7-043c2bfd2197,beb26065-5912-4c42-9ea6-56b0adaf4f9e,Yvonne Wilson,andersonkirsten@example.com,PROD-8513,Visionary demand-driven protocol,Sports,7,874.14,2026-02-02T00:02:34,pending,paypal,Guadeloupe,Lake Dennisside,6118.98
72a4381c-462f-4c77-9e37-f85f137959c8,233d0df9-606f-469f-9ded-8fd7cff1b05e,Mary Mccoy,pmiller@example.net,PROD-4212,Profound full-range adapter,Books,6,156.95,2025-08-01T19:35:42,completed,paypal,Egypt,New Robertberg,941.7
b6a1ff37-52f0-439d-bccd-a771374711d8,9aaafcce-3583-4c4f-8feb-d684a1862442,Joshua Stewart,fthornton@example.com,PROD-2857,Stand-alone needs-based architecture,Sports,1,980.76,2026-05-21T11:44:22,completed,paypal,Italy,Brianhaven,980.76
0f130a83-2173-4d1e-95d4-c6a7901ffce1,c901f117-4f00-4cd1-a0b0-9d8db50785e9,Jeanette Lee PhD,copelandamy@example.com,PROD-1701,Adaptive bandwidth-monitored projection,Clothing,2,358.31,2026-03-28T13:46:14,pending,credit_card,North Macedonia,Janiceburgh,716.62
c53b18fa-405c-42bc-b25c-205cbcb651b6,1985b3b8-1087-449f-8983-4c456c3271ea,Kimberly Ward,shawntucker@example.org,PROD-7239,Total asymmetric task-force,Electronics,10,429.46,2025-10-22T07:12:06,cancelled,credit_card,Brazil,North Kristachester,4294.6
0a2797ed-296c-4752-b5ef-41673dc8faec,b42ec47f-1c27-4255-8253-d744e77f53c8,Melissa Hayes,jon22@example.org,PROD-3532,Extended mission-critical knowledgebase,Clothing,4,964.88,2026-01-29T05:38:15,pending,paypal,Kiribati,New Lauriemouth,3859.52
ba86b18e-f171-46a6-8a05-715093113724,89e6acb3-6dfa-44f6-9c0b-c09917bc31e7,Donald Adkins,leonard73@example.com,PROD-6341,Face-to-face multimedia paradigm,Books,10,900.18,2025-10-09T23:03:05,cancelled,bank_transfer,Greenland,Roseport,9001.8
0cb860e8-a186-41dd-b6e8-ad4ddfeebd29,390fab73-3298-4e9e-a9aa-660e22e8d5dd,Carly Rivera,nadams@example.net,PROD-1991,Object-based secondary open architecture,Electronics,2,219.74,2026-03-27T06:03:03,completed,paypal,Uzbekistan,Jessicaton,439.48
8c4e6fab-5d7d-458c-87d0-a72a5f6d94a3,af8a2836-b172-4b75-a938-766f22bcf068,Isaac Duncan,harrischeryl@example.org,PROD-8857,Ameliorated didactic knowledgebase,Books,4,649.81,2025-11-25T13:14:48,completed,bank_transfer,Burundi,South Tracey,2599.24
076a88c4-4fa8-4943-b887-ed9bb0c1fe13,62897a3d-1342-404b-8884-afd6a839031b,Amy Mcdonald,megan73@example.org,PROD-6274,Customizable executive emulation,Clothing,6,656.07,2025-10-28T21:03:34,cancelled,credit_card,Puerto Rico,Walkerland,3936.42
00a5805c-cdb6-484f-a754-6c75938701b7,b0deb867-4c0c-41cc-8f52-8a95ea36e80d,Jill Dean,hickskathleen@example.org,PROD-5599,Open-source 24hour task-force,Food,3,668.29,2026-03-20T11:06:32,completed,bank_transfer,Netherlands Antilles,Greenbury,2004.87
056b1464-4186-42e7-a25f-7b34d765d04b,5a56f556-9f88-4f83-ba0e-7170fdb49cec,Michael Wilson,victoriakennedy@example.org,PROD-5102,Optimized zero tolerance Graphic Interface,Food,4,810.65,2025-10-09T16:38:11,cancelled,bank_transfer,Denmark,Coxtown,3242.6
8b3e55b8-c933-46ed-ac34-743c1ae73ec5,e29220ed-d576-4bb9-843a-c8e24c7ecdf1,Alexa Jordan,watkinsscott@example.net,PROD-5446,Extended attitude-oriented Local Area Network,Sports,2,166.21,2026-05-22T11:27:51,cancelled,bank_transfer,Lao People's Democratic Republic,East Jennifer,332.42
3ecb5916-7f97-41e6-9aef-ddfe2e4ef32d,6ccf3c0a-e2b8-4119-aef8-f6460b7783e4,David Pittman,wsavage@example.com,PROD-3319,Extended system-worthy policy,Sports,9,595.89,2026-05-16T01:08:16,cancelled,credit_card,Greece,South Elizabeth,5363.01
af778335-ae5e-4686-a8ca-f8b7aa438bbd,6a99908a-3072-48f6-ab50-8078cd54eb43,Tina Tucker,zacharymckay@example.net,PROD-9895,Digitized 24/7 definition,Clothing,1,63.59,2025-07-25T09:34:38,cancelled,bank_transfer,Saint Kitts and Nevis,New Samanthaton,63.59
3c175125-8bf9-4783-a190-adff7738c922,96479cab-e60a-4b1d-88f2-212d72d5ff7d,Wendy Wang,aaronsweeney@example.org,PROD-4914,Organic zero-defect hardware,Clothing,7,764.05,2026-02-20T00:50:49,pending,credit_card,Lesotho,North Justin,5348.35
6bf6165c-e95c-4235-a92f-0f2d2db27e88,15005aea-f9bb-4ff4-9c07-b368913aa04e,David Ortega,millerdavid@example.com,PROD-7777,Switchable asynchronous flexibility,Electronics,6,626.37,2025-06-02T16:07:42,completed,bank_transfer,Colombia,Mendezfort,3758.22
4e60295d-559c-4a14-9896-779ed73d0338,b30eda8c-7127-4be2-ae53-37301b6267fe,Julie Griffin,bauertyler@example.com,PROD-4311,Open-architected 6thgeneration strategy,Food,3,794.31,2026-01-09T03:25:47,pending,credit_card,Kiribati,Kellymouth,2382.93
9ed32d0f-0f1d-4e27-9cb0-3cd40cb18e27,3e8d59ed-79d8-4f29-ae50-7dd4a4b5b6c5,Tammy Wood,johnsonrebecca@example.com,PROD-2911,Profound full-range task-force,Food,8,875.37,2025-07-29T02:00:06,pending,paypal,South Georgia and the South Sandwich Islands,Nielsenfurt,7002.96
32b1b048-c371-4b9b-819b-916da01c6efa,a0347c67-0010-4c74-9615-7aba3c872149,Robert Cannon III,jeffrey05@example.org,PROD-1324,Managed upward-trending secured line,Sports,6,207.08,2026-03-05T21:04:09,completed,credit_card,Tanzania,West Lucas,1242.48
b6593c50-9d03-46d1-b574-f1e471b99d48,a2ddbbc8-c2b3-4d55-9b06-a3c27237a7a7,Matthew Morales,mosessarah@example.net,PROD-4348,Compatible local capability,Books,6,430.27,2026-02-26T13:24:20,pending,credit_card,Bosnia and Herzegovina,Contrerasport,2581.62
11acc204-0baa-4851-848d-c7aa0e310e40,824bff1b-d924-4346-90ea-428d541172a9,Stephen Snyder,saustin@example.net,PROD-8525,Visionary uniform focus group,Food,8,653.88,2025-12-13T06:17:36,cancelled,bank_transfer,Russian Federation,North Whitney,5231.04
aec936d5-30e8-4d95-98a4-1f788684ff2a,0cd36e51-8f30-4a46-997b-354f646c95c1,Manuel Greer,ashley14@example.com,PROD-7034,Monitored static contingency,Clothing,5,182.33,2026-01-29T09:44:37,pending,credit_card,El Salvador,Jasonview,911.65
49653d9b-5e47-407f-8bd3-f779330d96f4,7ce3ec58-31d9-4bae-8d77-993b6e6ad9c4,Sonia Martinez,ericatownsend@example.org,PROD-6388,Total incremental website,Food,8,814.35,2026-01-10T00:30:54,completed,paypal,Faroe Islands,Patriciatown,6514.8
4204da8c-9fd8-4faf-b7e5-edcd607d51a5,bed856b8-1b84-4284-a794-01fae703651f,Jackie Smith,nicholas90@example.net,PROD-8327,Virtual local model,Food,8,138.56,2026-04-20T14:54:08,completed,paypal,Saint Martin,New Jeffrey,1108.48
411b8c97-6d41-47a8-b8d6-b5c1b7e61ab5,3dbe3158-0d8a-4ff2-becc-6eb76dc5cdc7,Melissa Bryant,eclark@example.org,PROD-8926,Universal intangible throughput,Clothing,8,771.8,2026-01-28T09:56:42,pending,paypal,Cameroon,Port Marissa,6174.4
84b084d2-19dc-4691-9dca-de5c85933d28,8aa8fce3-7ad6-41c9-9627-e57d7982eeaa,Christopher Williams,jeremylewis@example.net,PROD-1142,Decentralized maximized implementation,Electronics,7,679.64,2026-03-02T04:45:50,completed,bank_transfer,Guyana,Hayesberg,4757.48
0e4bd671-9c82-42e5-995c-6f6412866ebb,7228a0bb-9e98-4fcd-8947-39c469ade887,Emily Ward,thomasthomas@example.com,PROD-3423,Diverse multi-tasking productivity,Clothing,3,395.34,2025-12-27T19:03:09,pending,credit_card,Namibia,North Monicamouth,1186.02
acaf1c8e-bcf0-4488-8bec-042f6e294652,f8628b8d-a515-48c5-a838-8f7dda8b8f7d,Sarah Ingram,andrewhall@example.net,PROD-7370,Ameliorated modular initiative,Books,2,412.03,2026-05-15T22:48:07,cancelled,paypal,Aruba,Stephaniehaven,824.06
7e6a1ce5-36a2-43d2-9923-11d98fc8004d,29b4aa4e-d57f-4a47-979c-b10e845f8428,Cynthia Mccoy,gmunoz@example.com,PROD-8815,Phased homogeneous core,Electronics,4,424.52,2025-07-10T03:48:53,cancelled,bank_transfer,Myanmar,New Joshuastad,1698.08
7f39fd2e-383e-4b81-80f2-17d0b22ada8c,0cd45167-03bc-48f4-94ac-3289b1f2d5d3,Jose Kelly,charles08@example.com,PROD-4846,Fully-configurable 4thgeneration policy,Food,3,947.45,2025-06-30T08:02:43,pending,paypal,North Macedonia,Tracyberg,2842.35
7d734f02-cdf3-4b9d-9ae7-1ed37f10e078,4ac84957-24b8-4629-b05d-6c2c060d34c7,Leslie Fry,qhenry@example.org,PROD-8955,User-friendly 4thgeneration customer loyalty,Sports,5,772.19,2025-12-19T11:04:40,completed,credit_card,Brazil,East Aaron,3860.95
8123c900-b05c-4186-9942-f5fd9c3e8f30,cee31f3f-01fa-4249-8fbc-06a416a3e501,Deborah Watts,zadams@example.org,PROD-9656,Assimilated explicit orchestration,Books,4,585.91,2026-02-06T12:30:17,cancelled,credit_card,British Virgin Islands,Ramirezbury,2343.64
b07a0804-0b6e-4b3a-9a30-7550f4f16ab3,6a50556c-fe00-4658-914c-0e2c2e3b60e8,Heather Yu,jonesbrian@example.net,PROD-6094,Extended dedicated portal,Sports,2,438.25,2026-03-09T02:15:00,cancelled,paypal,Botswana,Clarkland,876.5
31d3398e-2043-42a8-9e93-b9083393a8a9,38223406-d089-4253-9ebf-779a5b4daa07,Shaun Cantu,kimberly17@example.net,PROD-4675,Reactive next generation functionalities,Clothing,2,710.36,2026-02-16T16:49:40,cancelled,paypal,Congo,Carlland,1420.72
411b4e25-0d7e-4807-8c50-74b753ab96e8,f8bd42f5-f63c-4568-85d5-efced099b690,Allison Caldwell,watsonpamela@example.net,PROD-2424,Multi-lateral exuding instruction set,Clothing,6,52.76,2026-03-28T16:08:17,pending,paypal,Kiribati,Hillchester,316.56
ffa43383-4ed6-4a0f-9aca-d971b9b3a1ec,6add854d-3cd0-44e4-a152-612a1a34b577,Lawrence Rice,zvazquez@example.net,PROD-8005,Optional didactic process improvement,Sports,1,120.22,2025-07-20T09:17:28,completed,credit_card,Moldova,Reneefort,120.22
c1266fea-fd1f-44df-9607-5a94813357c1,b8d92dda-ebe1-4221-a922-45ee7c073d3c,Dr. Ronald Koch,ygibson@example.net,PROD-5433,Organized actuating benchmark,Sports,9,939.26,2025-09-16T19:35:52,completed,bank_transfer,Taiwan,North John,8453.34
999ee7ec-a6ba-4216-bf88-693c7d692c25,9a596db8-017d-492a-9520-0674b736682c,David Gray,ejohnson@example.net,PROD-1071,Multi-channeled object-oriented matrix,Clothing,3,615.26,2025-10-27T11:16:37,completed,credit_card,French Southern Territories,South Sarah,1845.78
fad597c5-a977-4ec6-8e4c-9d76a0f31d5d,d60fa60d-5e47-44ad-8541-64adc94983f8,Alyssa Parker,joshuaphillips@example.org,PROD-3228,Public-key analyzing installation,Food,6,986.25,2025-11-19T12:50:00,cancelled,credit_card,Sierra Leone,Arianaburgh,5917.5
83187a97-1dff-4896-b429-00aa2abbd486,24dc27cb-4a4a-4c78-811d-8f55eef38584,Nathaniel Wilson,samanthaponce@example.net,PROD-2713,Profound logistical hierarchy,Clothing,8,610.34,2026-02-25T19:47:52,cancelled,credit_card,Hong Kong,Port Deanmouth,4882.72
98da490d-ecec-4603-aa9d-2b78eb0dbef7,ba03334e-488d-4a94-8c43-afd9f86e2659,David Smith,jacksonbrian@example.com,PROD-1836,Proactive encompassing pricing structure,Clothing,4,868.43,2026-05-04T10:10:45,pending,credit_card,Iceland,South Danielleville,3473.72
dd65b363-b41e-4fba-adcc-6261d9408ae9,6a0dfd93-3d52-4c89-b997-f7f770522f48,Mark Hogan,swoodward@example.com,PROD-8411,Right-sized directional workforce,Books,8,799.26,2025-07-23T08:03:45,pending,paypal,France,Freemanshire,6394.08
2bac8796-ce4b-4179-9378-fe8eadfda9bb,e0ac8c1d-ca59-4ab4-9b41-52d49c19e25c,Michael Taylor,mcguiremichael@example.org,PROD-6581,Realigned motivating functionalities,Food,1,910.05,2025-11-17T13:22:09,pending,credit_card,Costa Rica,Nunezland,910.05
d02f7609-8cd9-4f16-a835-c829f2500783,fca1eb73-e61a-4d35-a939-01cf3421f400,Marisa Thomas,beasleymonica@example.com,PROD-7164,Enterprise-wide zero-defect benchmark,Electronics,1,744.74,2026-03-25T20:53:13,cancelled,bank_transfer,Swaziland,Morrowmouth,744.74
dc574826-81cb-40db-8106-0d81d54861dd,2969f088-2697-4d47-a1f5-5d5163691d51,Alexandra Hill,lekimberly@example.com,PROD-2399,Open-architected actuating analyzer,Food,4,686.44,2026-04-14T07:28:57,completed,bank_transfer,Rwanda,Teresamouth,2745.76
bcf6b8d2-e2cd-4d97-8728-2d9c2cab7a94,e132524b-607a-455c-9b45-6825cc4d5891,Michelle Martinez,keith27@example.net,PROD-8533,Cross-platform solution-oriented infrastructure,Books,5,318.1,2025-07-14T18:17:23,completed,bank_transfer,Mongolia,West Jenniferhaven,1590.5
024faec7-3d1c-435e-8cc5-51a2a686d080,8c52d690-3e8d-4a13-bb5a-6ce36a7ec9b4,Joseph Moss,colebrady@example.net,PROD-3941,Reverse-engineered stable database,Books,1,311.62,2026-02-05T18:31:15,cancelled,bank_transfer,Mauritania,Mezaton,311.62
5a81bbee-4c9c-4206-8bff-fe9c5ae960f0,a8e78679-6ac1-43fc-84dd-79fd7209adb3,Kathy Williams,youngmadison@example.com,PROD-1944,Profit-focused web-enabled architecture,Food,4,273.54,2025-06-27T03:37:26,cancelled,credit_card,Belarus,Brandiland,1094.16
ca72903e-2c51-47d1-8317-ed959de83360,3f72de53-ec0c-48ac-93b8-e76ad1221977,Daniel Williams,xduarte@example.org,PROD-8529,Focused optimizing implementation,Sports,5,371.89,2026-02-22T11:38:58,cancelled,bank_transfer,French Polynesia,Smithburgh,1859.45
5740e219-5ee0-4ea2-afbd-91d4031eb112,644b60f8-c2f6-4a76-b59f-db0bee7a2ba3,John Moore,melissa44@example.com,PROD-9648,Monitored stable migration,Clothing,1,615.11,2026-05-12T15:09:16,cancelled,credit_card,Cambodia,New Nathaniel,615.11
23025a25-d045-4f73-9e4f-4d77ab9f83ae,e7e9fc0c-f681-4d07-ad84-936ec271249e,Karen Gomez,farrellmichael@example.net,PROD-3633,Organic even-keeled capacity,Food,9,514.17,2025-10-26T09:03:00,completed,credit_card,Malaysia,Port Ericburgh,4627.53
0eac9224-f1a0-4c1f-8340-d1e401526fbf,36523388-5620-40a4-b826-97306f6c7a78,Deanna Simpson,perezmichele@example.com,PROD-9940,Seamless well-modulated model,Electronics,1,795.86,2026-04-09T16:06:01,completed,paypal,Holy See (Vatican City State),Port Sylvia,795.86
20a5dc69-efb8-44ab-8afa-a0c425ba48e6,7c19b777-4a80-4e4a-91ef-5a1c4cee3296,Kathy Gordon,deanbrittany@example.org,PROD-3383,Multi-lateral modular help-desk,Books,7,105.78,2026-04-09T10:12:40,cancelled,paypal,Brazil,Christopherton,740.46
d83d53ba-4c0a-47c9-8db3-0bcc89cd6d3d,f5770817-4ee6-4211-aaf0-f005390837e7,William Walsh,elizabeth13@example.net,PROD-1993,Grass-roots discrete capacity,Electronics,8,299.49,2025-11-16T23:37:34,pending,paypal,Kiribati,Lake Michele,2395.92
67d758bb-7f5c-4624-97ee-c521c744fa0e,8b5c8592-d862-4582-bee8-290478cc6b08,Thomas Ryan,alison53@example.net,PROD-2004,Function-based stable leverage,Food,8,695.52,2025-06-28T17:37:24,cancelled,credit_card,Benin,North Jose,5564.16
fae98585-fae8-4a2e-aadf-3a9733a4ad20,261f91a7-a4fa-4b95-835f-bc4249373c57,Jordan Schultz,phyllis05@example.com,PROD-7944,Pre-emptive multi-state encoding,Electronics,5,966.47,2026-01-10T16:03:22,completed,bank_transfer,Timor-Leste,New Jeremy,4832.35
f57cf9d3-cd2d-489f-893c-599af541fc5e,fbd96e27-7e58-4c2e-a59a-50ce55279a2b,Michelle Schultz,stacyrhodes@example.org,PROD-5839,Exclusive logistical interface,Sports,1,853.27,2025-07-24T15:26:08,pending,credit_card,Iran,Francisborough,853.27
c43ab1b7-b48a-480d-a1be-7ba6e545f01e,727120dc-c670-4e08-8428-d6daaeb83ab1,Craig Gutierrez,travisjackson@example.org,PROD-6464,Business-focused scalable Graphical User Interface,Books,1,319.61,2025-08-28T12:12:08,pending,paypal,Puerto Rico,Mccarthyview,319.61
c9ca0c5a-a677-4318-b4f0-0f9aaa33f7bb,c18302ea-7603-458b-9287-171406da1ae4,Evan Arnold,vbrown@example.com,PROD-1814,Integrated stable open architecture,Books,3,714.88,2025-11-09T01:57:33,completed,paypal,Thailand,New Matthewfurt,2144.64
6ff48c66-2a19-43c4-addc-e41fa447ae33,fc20dbeb-cd1c-44d7-bd59-4c3f61653c74,Michelle Contreras,charles80@example.org,PROD-8253,Profound interactive help-desk,Food,8,449.67,2025-09-11T16:53:25,completed,paypal,Bolivia,Richardfurt,3597.36
4d8c693b-bb73-44d5-b481-8c8bd945c265,47e2d62e-505e-42e6-affd-1df018bdf7ca,Crystal Gonzales,garrettbaker@example.com,PROD-9435,Self-enabling system-worthy extranet,Books,8,638.46,2026-03-18T15:09:55,completed,credit_card,Dominica,New Hayley,5107.68
3995dd76-07e7-4603-ae88-814ded46c849,1892af9f-84db-4049-a46c-d39899768d69,Jay Brown,william53@example.net,PROD-4635,Advanced 6thgeneration customer loyalty,Food,9,773.73,2025-08-02T00:38:48,cancelled,credit_card,Latvia,Martineztown,6963.57
d1aa9a15-f307-45b4-91c2-b4a45593ae6c,124e8aaf-897f-4191-beab-fa49332e87f6,Jamie Wilson,jenniferscott@example.net,PROD-6720,Extended multi-state encryption,Food,1,460.38,2025-07-01T01:05:07,pending,bank_transfer,Malta,North Rebeccaside,460.38
b9763a63-9096-4e75-82e0-ec442643b881,2460a81e-19bc-45ca-9226-ef96cdfe29f3,Rhonda Golden,loricain@example.org,PROD-2628,Open-source explicit application,Electronics,4,991.54,2025-05-26T03:44:38,pending,credit_card,Cambodia,Port Morganstad,3966.16
a6b84b3c-5d2f-4dda-846a-12ecf3367f6a,94065de7-bb91-4dab-934f-faae89da386a,Stephanie Carter,martinkelly@example.com,PROD-3913,Cross-platform national moderator,Books,7,621.79,2025-09-24T13:25:48,completed,bank_transfer,French Guiana,Josephbury,4352.53
81a0e7d9-54d9-4372-b673-637c9efa6afb,24e38021-91d3-4cc3-9886-63935a57104d,Cynthia Green,kimberly00@example.org,PROD-5277,Cross-platform multi-state approach,Food,9,212.7,2026-02-10T11:28:06,cancelled,bank_transfer,Syrian Arab Republic,Freemanville,1914.3
99ce08a2-fff4-4e8b-ad68-bb70c5aac631,447f30f2-2df0-4064-afb7-df860836ff75,Christopher Robinson,acopeland@example.com,PROD-1807,Fundamental composite knowledgebase,Clothing,2,57.66,2026-05-05T19:56:41,pending,paypal,Cote d'Ivoire,Lake Troyview,115.32
3abc54bd-faee-45e9-914d-7a0b944d8d37,c7403be4-6121-47bd-aec4-109cba74ab7e,Peter Reed,zacharyjohnson@example.com,PROD-5278,Multi-layered grid-enabled hub,Books,2,622.49,2025-06-12T13:01:58,completed,credit_card,Sri Lanka,East Jason,1244.98
9f35d180-e1c8-4165-a9a6-d88b51ee1ebe,284ddef2-fa8b-4ee1-84fd-ce191d085e40,Whitney Miller,davisadam@example.org,PROD-2573,Realigned actuating superstructure,Books,4,912.5,2026-01-23T15:54:40,pending,credit_card,Syrian Arab Republic,New Pamelaborough,3650.0
f5dcada2-68e2-4c48-bd4f-40fc32ce4aba,128d6370-7450-4bfe-a4d0-02b7608b5e7d,Jennifer Mckee,gabriellavazquez@example.net,PROD-6181,Virtual scalable functionalities,Food,5,672.58,2025-11-03T03:03:33,cancelled,credit_card,Grenada,Romeromouth,3362.9
4027b880-3a5b-44c6-8d2f-9a2de7815ab7,d6eb63f3-b706-49c5-8989-4d575a1aff2d,Michael Nelson,forbesfrancisco@example.com,PROD-7298,Re-engineered local software,Sports,10,149.15,2025-12-13T15:22:37,pending,credit_card,United States Minor Outlying Islands,North Mariaton,1491.5
76925e18-ed82-4577-90fb-2a58015da794,7e61a220-493f-4e32-b08f-c162aefbaa4d,Justin Ramsey,wurhonda@example.net,PROD-1612,Realigned mobile complexity,Food,9,556.8,2025-05-26T19:48:35,cancelled,credit_card,Kyrgyz Republic,Cobbborough,5011.2
e9c794f3-e604-4c8d-a635-d0a57f9849d2,dc825fc0-0f0f-49cb-a96d-e17ee05b4f79,Jonathan Swanson,kristen95@example.com,PROD-5131,Triple-buffered content-based collaboration,Clothing,7,390.49,2025-08-01T14:54:14,cancelled,paypal,Iceland,Cookfurt,2733.43
bbdef559-e783-469e-92ce-ba8c6b5116e7,a501ab91-7fe4-4c18-82a7-54602c939be9,Scott Drake,ann13@example.com,PROD-4135,De-engineered asynchronous synergy,Books,4,868.87,2026-02-21T04:43:23,pending,paypal,Aruba,West Mariamouth,3475.48
da0ad5d8-9de5-488b-a54a-802cdf031375,f736af70-9e79-41d0-bc9c-f35a550ddeeb,Anthony Garcia,jenningsstephen@example.com,PROD-7073,Seamless 24hour workforce,Clothing,4,991.21,2026-03-31T11:56:31,cancelled,credit_card,Nauru,South Jeremyhaven,3964.84
a1b8ec55-c6b0-4afe-b29e-d120e0abf3af,de641c57-b116-45db-bfcc-9fed21260871,Amanda Golden,sarahrice@example.net,PROD-6969,Synergized heuristic neural-net,Food,3,556.23,2025-08-27T10:20:21,completed,paypal,Brunei Darussalam,Johnview,1668.69
632bb04d-43b6-41a5-9c90-e1fd12c1df41,c5f5547e-6ad5-4c47-8b35-0cb7bdfd3312,Joseph Campbell,parkerdavid@example.com,PROD-7445,Monitored 5thgeneration frame,Clothing,5,480.0,2025-12-02T03:09:16,cancelled,paypal,Gibraltar,New Carolyn,2400.0
6e182705-5bbc-43c8-abc4-66bde6bddf65,972533f0-9858-48ca-90c9-cc5045787eb3,Shawn Colon,murillodana@example.org,PROD-6935,Multi-tiered contextually-based model,Sports,7,705.19,2025-10-31T14:55:02,cancelled,credit_card,Sweden,Bradleyland,4936.33
15caf1d4-75d6-4192-9cf1-610b6757eaa2,f8fa2929-84a1-4bc9-9d54-3e637daaaacf,Becky Haley,pwalton@example.net,PROD-7879,Advanced regional moderator,Sports,7,189.54,2026-02-05T11:03:06,completed,paypal,Micronesia,Johnshire,1326.78
f45a5aa1-08f7-4151-bfcd-41f4061fb926,6ccdab3e-3e4b-41f2-90f6-534e6e9cacd8,David Cohen,melaniepage@example.org,PROD-2394,Proactive systematic time-frame,Clothing,9,731.0,2025-10-31T17:34:04,pending,credit_card,Comoros,Lopezmouth,6579.0
f9ce9506-6d0d-437e-82a1-77063180e200,d6651595-c00e-4d9f-baef-f46f7c3ac9b7,Jessica Anderson,kmyers@example.net,PROD-5215,Versatile impactful database,Electronics,9,211.16,2026-04-15T13:21:57,pending,credit_card,Panama,North Ricky,1900.44
d01ba591-ab43-4fa7-847c-dc6e4f859257,d12ed76f-12f6-41d2-99c9-e84f3fd5bf6d,Nicole Lopez,matthewclark@example.com,PROD-4042,Switchable contextually-based algorithm,Food,5,579.62,2026-01-24T12:02:08,completed,paypal,Libyan Arab Jamahiriya,Briannatown,2898.1
2b025e94-86e9-4110-bd44-d3251b636485,aca0c074-bf21-44cd-bcf6-3eb731067ee7,Andrew Herman,heather80@example.com,PROD-9273,Front-line empowering orchestration,Books,6,57.3,2025-05-29T13:49:50,completed,paypal,Serbia,East Williamfurt,343.8
7d15a75b-a052-4d97-ba63-0c2b8bf570fc,a67f137b-3fd6-4d84-972a-8e462784e2c7,Jamie Mckee,ccobb@example.net,PROD-1768,Seamless grid-enabled forecast,Food,1,338.23,2025-09-18T21:03:27,completed,credit_card,Comoros,Williamstown,338.23
d0bb84eb-2b09-4c00-a3e1-c4ee3598f5eb,8705cbee-eb28-4418-864e-d3591c9dd656,Cassandra Anderson,michael94@example.net,PROD-8576,Grass-roots attitude-oriented focus group,Sports,10,854.01,2026-04-11T07:52:50,completed,credit_card,Ghana,Lake Rhonda,8540.1
a3da1f00-283d-4b0d-ac1d-0dec31c0ec92,b6072654-7238-479c-a575-e85880ee01ea,Jasmine Frank,dustinjohnston@example.net,PROD-4209,Balanced directional access,Electronics,7,632.5,2025-08-02T21:39:18,cancelled,credit_card,Finland,West Ann,4427.5
78b7b6e2-3968-41f6-b074-1b338da730e4,5e7c9c3f-08ec-4441-bdc6-5ff1fa72287c,Calvin Gentry,johnsonlori@example.net,PROD-9219,Grass-roots system-worthy matrix,Electronics,2,701.74,2025-05-25T11:04:56,cancelled,bank_transfer,Gabon,Travisbury,1403.48
63c173cb-6bbf-45e4-98ac-496f57b307ea,0c394359-c3e9-4586-9238-f4ca81c2e5a2,Christina Haynes,coxjohn@example.net,PROD-8590,Pre-emptive next generation data-warehouse,Sports,4,772.79,2025-06-29T04:47:18,pending,bank_transfer,Paraguay,New Michaelville,3091.16
e0378519-1436-4a0d-a0d9-479761a31011,3ec48df7-3081-49e8-a6d7-e42c8304f2f0,Paul Taylor,stevenwhite@example.org,PROD-1484,Progressive well-modulated migration,Sports,9,425.2,2026-01-30T21:55:28,cancelled,bank_transfer,Libyan Arab Jamahiriya,South Lauren,3826.8
7da1c69e-3e42-42a9-97c0-e685dc94680e,876ba77a-de03-4d6e-ab24-3b6d1cc999bc,Robert Brown,alvaradodavid@example.org,PROD-7926,Organized empowering extranet,Food,4,135.83,2026-01-20T08:51:56,cancelled,paypal,Bulgaria,Clarkburgh,543.32
200db090-15d9-4791-b49f-9eee41d7b93c,fd23cca3-8004-4bab-9d81-a46f1950f54a,Julie Fleming,gregorymary@example.net,PROD-1150,Configurable reciprocal software,Electronics,10,822.53,2025-12-05T01:32:38,completed,paypal,Latvia,East Michael,8225.3
bb382c8e-ee05-4436-8b8c-4892f9966d4a,f4052360-b33e-46ca-8591-be60ac89296d,Michael Ortega,nicolelopez@example.com,PROD-9798,Pre-emptive solution-oriented frame,Books,3,214.16,2025-08-30T09:38:49,cancelled,credit_card,Uganda,Lake Anthony,642.48
dfc77085-1681-43f9-842e-1a92b7c316fa,0f059834-ae12-4554-b88e-3e3f0ba47374,David Powers,greenbrittany@example.org,PROD-6291,Integrated neutral website,Sports,9,848.08,2025-12-11T17:53:39,pending,paypal,Swaziland,West Joshua,7632.72
c95ebbad-80c3-47b3-a86d-e0d225c73c18,13ad81d5-468d-4f2e-84cf-b979ff844e5e,Meghan Barrett,johnsonjacob@example.com,PROD-5332,Upgradable global budgetary management,Sports,3,797.75,2026-02-04T12:27:26,cancelled,credit_card,Cote d'Ivoire,Williambury,2393.25
cb7c8013-3bbb-4c74-abae-0b660569d606,b74034cc-113b-4e40-a89b-be3f87f5e41e,Jeremy Moreno,charlenewalls@example.com,PROD-5121,Self-enabling heuristic leverage,Electronics,1,203.23,2026-04-18T18:45:23,cancelled,bank_transfer,Cote d'Ivoire,North Jacob,203.23
b940366c-d1bf-48bc-8859-0b7ce1690057,0a58b78b-5249-483e-9e07-3cf267a10207,Jonathon Williamson,hmaxwell@example.com,PROD-7806,Virtual bandwidth-monitored product,Electronics,10,526.71,2025-09-23T06:26:36,cancelled,paypal,El Salvador,Bushville,5267.1
e8a8f1af-74c8-4915-b20d-458537415c76,cc386648-0b99-450a-aeb3-d1b3d841c3c9,Daniel Miller,qmorris@example.com,PROD-1701,Universal contextually-based orchestration,Electronics,8,355.91,2026-02-21T02:01:03,pending,paypal,Lebanon,Hillberg,2847.28
1a860708-3363-4062-9173-8e9586cf0809,f460749b-be78-4d16-833e-a5ebd4c81222,Whitney King,benjaminpineda@example.org,PROD-1315,Multi-tiered foreground concept,Electronics,1,834.43,2025-07-03T13:47:44,completed,paypal,Northern Mariana Islands,Bradshawmouth,834.43
4c968b26-f0d3-4a9d-9e98-60766b9925c3,ae7978ad-0fcd-4dc2-b222-a1729928857b,Jessica Chan,anna98@example.com,PROD-1440,Networked heuristic moderator,Clothing,10,104.75,2025-11-15T08:26:25,pending,paypal,Maldives,Martinezborough,1047.5
3c085f8b-066a-41b3-8ba0-bf544a29d09c,ed9a327a-81cf-4ecc-8688-8b174417cfd8,Robert Gallegos,richard39@example.com,PROD-8771,Configurable bandwidth-monitored data-warehouse,Sports,6,206.31,2026-04-05T16:21:07,cancelled,credit_card,Cyprus,Christinashire,1237.86
b6950575-d231-4684-a477-cef3e970a656,8181f60b-90ad-4544-b50f-c6550fe66202,Lisa Graves,cortezveronica@example.org,PROD-7983,Networked mission-critical throughput,Food,5,181.14,2025-06-18T07:00:40,cancelled,credit_card,Luxembourg,South Amanda,905.7
52260034-f632-4b21-bd08-cee0f3dae0a2,574c1833-0f6b-42b5-81b8-0ef2e99e4926,Courtney Cobb,tonyrodriguez@example.com,PROD-7645,Optimized upward-trending throughput,Electronics,6,901.88,2025-06-10T03:38:33,pending,bank_transfer,Netherlands,Christinehaven,5411.28
2bc1d825-4b8e-4ff7-b304-dbe84fa47be9,4b762dad-7021-4442-8ba8-c2dd2e079625,Jeffrey Meza,taylormelissa@example.com,PROD-6487,Organic well-modulated core,Food,9,56.73,2025-09-06T09:37:24,pending,paypal,Cape Verde,Amandafurt,510.57
d04e57f8-0f50-4a42-8903-92a83a26cf12,3437d5a5-883b-47af-bed1-6d0bbba337ee,Erin Nguyen,xdavis@example.com,PROD-7004,Realigned solution-oriented implementation,Electronics,7,139.68,2026-04-12T23:21:25,completed,paypal,British Indian Ocean Territory (Chagos Archipelago),New Samantha,977.76
ead35061-2962-4c6a-bce4-fed5427a140a,7cb67372-6ec9-4ed5-97d2-8b065c542a15,Erika Lynch,ywall@example.org,PROD-5805,Front-line tertiary budgetary management,Clothing,3,162.44,2025-12-17T07:55:34,completed,bank_transfer,Finland,New Natalieland,487.32
5f25d0db-af5a-4430-ac80-3ba97d8a6735,cd55ffbb-f7d8-46f9-a1dd-8beacc907e07,Jodi Park,jasongraham@example.com,PROD-3024,Reactive real-time portal,Food,6,912.66,2025-11-16T11:01:34,completed,credit_card,Japan,East Shannon,5475.96
f0ef2cbb-df83-49e2-bae1-1a13f9c27cc1,77e8b560-079a-445d-b670-3add1c9f2ce7,Anthony Allen,tammy11@example.com,PROD-3914,Reactive cohesive knowledge user,Clothing,5,888.74,2025-10-25T17:54:45,cancelled,credit_card,Mayotte,Wolfeview,4443.7
03ea013f-1002-481c-aae9-c3545ff73443,8fecb7b6-f93c-455a-97e4-1f340c1438dc,Bradley Savage,smithtanner@example.org,PROD-6523,Open-architected solution-oriented ability,Clothing,1,919.04,2025-12-25T22:19:48,cancelled,bank_transfer,Hong Kong,Mcdowellhaven,919.04
0e0b614b-c069-4a73-9911-94c4e03046b5,b03aee53-cc27-40fc-ae4c-be91f1d06e91,Benjamin Cooper,laurahill@example.org,PROD-2306,Customizable upward-trending monitoring,Books,2,351.43,2025-06-14T06:14:03,completed,bank_transfer,Andorra,Tylerland,702.86
3cc80329-0e84-4265-819f-2390e10a54f2,dfbd4b4c-3f11-47f8-8624-e168a5994ce1,Christian Barber,nwhite@example.net,PROD-6363,Seamless encompassing support,Clothing,3,680.15,2025-12-30T08:05:52,pending,paypal,Spain,West Marcialand,2040.45
38557f88-f1f4-4258-91e3-40f67c637689,93934274-c8f6-4b82-afaa-7bde32be61df,Kelsey Brady,isabel37@example.org,PROD-2612,Configurable foreground info-mediaries,Electronics,1,642.95,2025-09-10T12:49:56,cancelled,credit_card,Burundi,Stacyland,642.95
954a0038-7bd5-4d5b-be84-6c5cfd7612b6,b078f3c5-34c2-457e-9eaf-14bf9b84d1e7,Crystal Murray,patrickblackwell@example.com,PROD-8024,Down-sized eco-centric hub,Books,8,622.12,2026-05-20T05:32:41,pending,paypal,Saint Helena,Owensside,4976.96
d958c3d9-2c49-4b07-b298-16e44d4ef564,9da6eb40-89f7-4100-a438-53086585b405,Victoria Brown,richardssarah@example.com,PROD-6099,Up-sized executive synergy,Sports,4,388.49,2025-12-16T05:00:29,completed,bank_transfer,Spain,Melindatown,1553.96
d2b114b1-8dd0-4963-8224-660a0ae28e96,fc67f604-c4bb-499b-bf53-1d68d9674fac,Michael James,holly73@example.org,PROD-6162,Reactive asynchronous Local Area Network,Electronics,3,97.29,2025-09-30T04:17:23,pending,credit_card,Latvia,Whiteport,291.87
45d463b7-1dcd-4d1c-a2f7-4fecdb52130f,a7d72a37-86cf-4bcb-876a-8a77a75a76f6,James Diaz,kelly23@example.net,PROD-4077,De-engineered disintermediate hub,Electronics,7,954.43,2025-09-08T17:05:48,cancelled,paypal,Colombia,Bensonport,6681.01
e3e6ca5f-2980-45db-9c35-dc9278e83c11,751af72b-e4dd-4306-b7ef-c2204ff0f9eb,Leslie Ingram,lopezjessica@example.net,PROD-1088,Enhanced optimizing help-desk,Food,7,899.21,2025-06-17T02:55:52,completed,paypal,Kenya,Gonzalezchester,6294.47
1f8dfeed-f26d-47ac-bb22-a3d0942af8ff,b6a8e72b-3efc-4474-836a-19c2fa196da9,Gary Hull,gloverkeith@example.com,PROD-2600,Robust secondary initiative,Food,6,133.1,2025-12-20T23:26:56,completed,bank_transfer,Norfolk Island,East Deniseland,798.6
c30f0bbe-5041-4654-83ce-8fda0394d645,60b37016-b4d0-4707-9ee2-3c801f10f5e9,Isabella Elliott,watsonmelissa@example.net,PROD-8947,Up-sized object-oriented secured line,Food,6,856.64,2025-08-22T22:18:46,pending,credit_card,Micronesia,New Jeannemouth,5139.84
08a1f956-fed8-422a-b5d8-f5e91b000df3,34bf1b15-5f34-44cb-aa36-9947cb90c945,Kristin Bartlett,lnichols@example.net,PROD-5521,Phased client-driven support,Books,1,473.87,2025-12-26T15:18:24,pending,credit_card,Maldives,North Dale,473.87
234da5ff-6b63-4cf5-bfbc-1043f19ba5a1,426984f2-9f2f-4b74-a4d2-f57cdb07a809,Susan Park,zjackson@example.com,PROD-3344,Visionary 24hour customer loyalty,Sports,3,693.62,2025-09-03T07:23:38,completed,bank_transfer,India,New Justinburgh,2080.86
20862840-aa14-4692-b7a4-d96194554690,9bcb252f-c3ec-479b-b9b2-7025886755ac,Natalie Beasley,mariahknight@example.org,PROD-6520,Persevering multi-tasking website,Clothing,8,126.86,2025-10-02T08:30:24,pending,credit_card,Uganda,Owenshaven,1014.88
6b204e73-d057-4925-a20d-86ea33af15c7,ffd3329b-eb0e-468a-bd73-811850bd3e8e,Carolyn Gaines,floresjuan@example.com,PROD-1300,User-friendly 24hour portal,Books,3,496.27,2025-07-16T13:54:20,pending,credit_card,American Samoa,East Breanna,1488.81
359fff40-829d-46ea-a78f-1a3a2476d637,c1cff9a3-0c84-43bb-bade-aed531a7c21c,Cole Hansen,pcastro@example.com,PROD-8683,Versatile zero-defect open system,Clothing,5,105.76,2025-09-24T19:40:23,completed,bank_transfer,Myanmar,Port Nathaniel,528.8
107e6eb4-821e-499c-ad19-33a8db914281,65188122-c955-4b74-9711-b57be90266bd,Laura Jones,andrewwelch@example.net,PROD-6270,Down-sized user-facing customer loyalty,Books,1,726.35,2026-01-27T22:40:52,pending,credit_card,Liechtenstein,Carterborough,726.35
fea4c45d-8fe8-4693-83f6-55d947c681b6,61bdbbd3-1220-4e9f-af9e-874b878bd8d6,Michael Jacobs,williamschristopher@example.org,PROD-5957,Virtual solution-oriented extranet,Books,1,858.3,2025-12-29T18:33:14,pending,bank_transfer,Philippines,South Jamesfort,858.3
faf9bf13-e7a7-4a63-bc46-003d35d1da83,6fd43a35-3114-4b78-8d7a-0e428507127c,Cynthia Chavez,bishopmichelle@example.org,PROD-2493,Assimilated web-enabled product,Food,4,225.31,2025-07-22T11:46:03,cancelled,credit_card,Maldives,Michaelside,901.24
3aa8cc6c-0da5-4282-ae33-ca75c6b56bfc,04e006e1-bc73-439e-9bd6-a41baafe1b76,Margaret Gibson,fuentesgary@example.net,PROD-3028,Implemented neutral Graphical User Interface,Electronics,2,599.97,2026-02-08T06:28:45,pending,credit_card,Zambia,South Sarah,1199.94
90e8e69b-bb81-4ceb-ab33-f9a209fd2325,3340fa42-3138-4895-b6cd-beec29e23b8b,Linda Morrison,tina03@example.net,PROD-4004,Front-line asynchronous application,Electronics,5,222.03,2025-06-10T13:39:42,cancelled,credit_card,Iraq,East Richard,1110.15
188ed727-787f-4944-8324-ffe4847976df,77965e49-f3fd-40b5-8d13-ade943acee8e,Kyle Stone,dyoung@example.org,PROD-3309,Organic radical implementation,Electronics,7,664.63,2025-08-16T12:35:25,completed,paypal,Kenya,Jeffreyville,4652.41
87064909-2aa5-46e1-9977-b1bbe985a996,2e015cc2-57ed-474c-ba5b-62b202024cf6,Bryan Glenn,kellymorgan@example.com,PROD-8168,Re-contextualized incremental intranet,Clothing,1,96.11,2026-04-09T06:59:05,cancelled,paypal,San Marino,South Tiffanytown,96.11
973f893d-979f-41a1-9c3c-012693bfaf47,8aee48c4-303d-44fd-8ce7-25d65b898c5e,Diane Curtis,lopezandrew@example.com,PROD-9680,Phased object-oriented middleware,Books,9,227.4,2026-05-12T14:38:43,pending,bank_transfer,Tonga,New Gabriella,2046.6
5fa0c31c-4f11-43d5-8eb8-089e8b021c8c,829b9abe-2b35-40e7-86fa-29d3ddd7bac4,Sara Walker,lynchjohn@example.org,PROD-1053,Re-engineered optimizing algorithm,Electronics,7,814.98,2026-02-27T23:58:21,pending,bank_transfer,Israel,West Danielborough,5704.86
281d3d78-5097-4721-b824-06c6a1a32394,f7672586-aa9e-47a9-bd0b-deb71ede332a,Brian Fowler,kimberly77@example.org,PROD-7573,Universal next generation paradigm,Sports,7,693.91,2025-11-25T00:09:33,pending,paypal,Mexico,New Nicoleview,4857.37
786d8aae-99b8-4618-94c7-de1237c2ac90,45a35867-f069-430b-a201-7b776627a265,Steve Brown,williamssheryl@example.com,PROD-2268,Right-sized responsive access,Books,1,575.53,2025-07-10T08:35:43,completed,paypal,Zambia,East Ronald,575.53
a6c48462-7728-44e8-8da8-c81809086e65,574631cd-c7d0-48b8-abfa-dbbe9afa42ba,Anna Webb,amyelliott@example.org,PROD-4724,User-friendly full-range core,Sports,1,171.18,2026-02-01T11:19:28,completed,bank_transfer,Pitcairn Islands,Port Amy,171.18
2890fc5c-3dc9-4140-b79e-fed6b4ce4402,b18305fd-b49a-47b9-adb3-0373e3fe7a64,Christopher Young,vguerra@example.com,PROD-2948,Configurable analyzing standardization,Sports,4,549.36,2025-08-02T16:39:44,completed,bank_transfer,Philippines,Kimberlyton,2197.44
e2e85473-efc0-4605-9418-feb2fbe2686f,5d21b4a2-48d7-4f25-bb56-e1f4ca16ee09,Raymond Hill,michaelbass@example.com,PROD-5070,Secured exuding collaboration,Clothing,3,795.66,2026-03-29T14:10:27,completed,paypal,New Zealand,North David,2386.98
c403ced7-d81a-46a8-bdba-813d067819b5,f09757ec-d52c-433f-a76b-ba2a29920583,Kevin Johnson,donaldvasquez@example.com,PROD-5730,Synergized discrete leverage,Clothing,4,928.03,2026-01-21T09:00:16,completed,paypal,Maldives,Wilsonport,3712.12
9f90f061-7a3d-473e-8955-0d0c336a7c40,bcc5affd-e33b-4172-b7c9-e7c92cd9a3e0,Katherine Hale,marcushinton@example.org,PROD-8494,Re-engineered eco-centric functionalities,Electronics,1,342.24,2026-03-05T20:18:21,pending,bank_transfer,Burundi,Bradshawshire,342.24
95d3ec7f-0b03-40d0-895d-836fdfab562f,fb7bef3d-211a-419b-a5e7-5af1c5dd1e85,Rebecca King,ltran@example.org,PROD-1182,Focused exuding attitude,Sports,9,141.84,2025-11-14T15:44:31,completed,paypal,Germany,Underwoodton,1276.56
099d1133-b866-414c-bfa8-956af59d6d48,76b36e75-ac74-4ccb-8472-1a40e0f818d7,Alexandra Andrews,rmurray@example.com,PROD-5824,Innovative didactic migration,Books,5,487.39,2025-08-30T18:29:48,pending,bank_transfer,British Virgin Islands,New Donaldborough,2436.95
b110eeab-3aca-4ec4-9c14-96e608f261e4,4d25a3b3-f508-4ac4-b509-7d0e1339a0e1,Christina Taylor,chelsea13@example.net,PROD-7359,Versatile multi-tasking encryption,Electronics,2,922.53,2026-01-22T22:25:49,pending,bank_transfer,New Caledonia,Josephtown,1845.06
b027f113-e7c5-40f3-82ee-ce95dd7eb5e5,d2f13cbb-b43f-48cc-b3ff-12e16bc8c727,Michelle Nunez,julia46@example.net,PROD-9992,Exclusive discrete challenge,Electronics,1,679.4,2025-08-28T21:25:05,completed,paypal,Bahrain,Timothymouth,679.4
eaee63f6-c5bc-4882-981f-5000ca035958,ab7ade01-f738-4b20-b222-4bc085077269,Luis Jones,imendoza@example.com,PROD-4130,Organized discrete neural-net,Books,8,588.75,2026-02-20T17:28:32,pending,credit_card,Colombia,West Janicefort,4710.0
adba8d30-76c1-4275-9564-e1314396c163,6af44593-0b39-46e6-85e6-788affd857c3,Darlene Perkins,owood@example.org,PROD-5111,Diverse well-modulated contingency,Sports,9,180.92,2026-03-06T22:50:47,cancelled,paypal,Azerbaijan,East Franciscoborough,1628.28
22ab7ab3-6b60-4411-aabf-453124262af7,4497c756-6f81-4c47-bcdd-487bbe6e31e9,Melissa Bowen,graysharon@example.net,PROD-7837,Mandatory demand-driven projection,Electronics,7,511.32,2026-03-20T09:25:52,pending,paypal,Malaysia,Lake Hannah,3579.24
160e6f4c-19ec-45ff-abb2-e18e175541e0,189b748c-63df-41bc-a879-f01871b3f9db,Katelyn Martin,lawrence91@example.com,PROD-2720,Reactive human-resource secured line,Food,4,851.88,2026-03-31T20:14:50,cancelled,credit_card,Seychelles,North Cynthia,3407.52
6f800184-18c8-48b7-a106-a40818d002ea,c9da8b73-304c-46db-a495-fbd9866ce553,Noah Jones,willie54@example.com,PROD-9883,Virtual empowering info-mediaries,Sports,5,309.76,2026-04-23T03:01:09,pending,paypal,Mozambique,Edwardsbury,1548.8
2ab0a46c-e745-47c0-b35a-38e4bfb72231,f68121d0-882c-4ca4-9d3a-51d1fa4d64ce,Breanna Brock,crossmichael@example.com,PROD-3528,Sharable 4thgeneration ability,Sports,6,441.39,2026-01-16T12:10:24,completed,bank_transfer,Poland,Michellebury,2648.34
714f1637-69bd-4cdd-816f-379921057fed,3647830b-e9ea-4199-b68e-594938333295,David Williams,steven13@example.net,PROD-7706,Quality-focused 4thgeneration Local Area Network,Clothing,8,29.24,2026-01-31T05:57:23,cancelled,bank_transfer,Kuwait,Lindseybury,233.92
6c524f5e-60b8-4a6f-8f7f-ad9c0b15ec6f,90d63d89-eac4-402b-be93-cfefa81eda71,Kenneth Phillips,joseph34@example.com,PROD-7353,Customer-focused secondary ability,Food,3,776.33,2026-02-26T20:48:52,pending,credit_card,Burkina Faso,Amandafort,2328.99
3b640996-8fe7-4237-a683-f237dc196875,322ea17e-891b-4e4b-8bb4-c531d93d3090,Cynthia Jensen,matthewlang@example.net,PROD-2187,Quality-focused bandwidth-monitored forecast,Electronics,5,431.08,2026-04-07T01:05:01,pending,paypal,India,New Jacob,2155.4
9e8147e3-50cb-41a6-ad3d-98d3a793ac15,314e7fa9-32d8-4630-bd27-2cd2a12c0a3f,Jeremy Baker,sanchezkelsey@example.org,PROD-3653,Innovative foreground attitude,Clothing,10,13.92,2026-04-12T22:26:41,completed,paypal,Algeria,Brianport,139.2
e3a24f58-85d4-42d8-9fa5-0e6aa919c768,7ecd87f0-d06c-4555-86e6-2b5a53bcfae9,Laura Stone DDS,mullenjames@example.com,PROD-5334,Cloned global open architecture,Food,8,214.02,2026-04-23T09:05:13,completed,credit_card,Armenia,South Joshua,1712.16
c02d0784-78c5-473a-b3a4-b973dd63ec02,155a05fe-19b6-4d7f-8cc3-23b0d8a86bb6,Samuel Griffin,zheath@example.com,PROD-9089,Synchronized high-level infrastructure,Sports,9,610.1,2025-12-11T00:07:18,cancelled,paypal,French Southern Territories,Geoffreyview,5490.9
71f120ae-7a90-4fff-904a-48fc1468a92b,62310c23-b90e-4333-ba70-8c67dec3b885,Scott Griffith,smithlisa@example.net,PROD-6789,Virtual composite projection,Sports,2,946.81,2025-08-23T22:33:55,completed,paypal,Latvia,North Lori,1893.62
d7707b1b-0bc7-4657-8045-7e9a71517ec5,b5765e7f-e95f-40cb-a7aa-2eecfc2ce29a,Sean Dudley,francorobin@example.org,PROD-1540,Reactive intermediate artificial intelligence,Food,8,830.53,2026-02-06T16:49:53,completed,paypal,Ecuador,Lake Aaronstad,6644.24
800ca8eb-e79b-46cb-9702-5e88cb2c1864,5ee7631e-5772-49b7-a7dd-9d1ee2ea27fb,Anthony Holmes,pmalone@example.net,PROD-4517,Self-enabling systemic hub,Food,5,883.28,2025-08-14T15:44:59,cancelled,bank_transfer,British Virgin Islands,Port Nathanview,4416.4
c81f0e63-6bc4-467b-b753-59575f1c45cc,9647f336-9990-4de5-b85d-f40e59f00cfe,Michael Thompson,ashleyjohnson@example.org,PROD-4983,Multi-lateral disintermediate array,Sports,4,641.18,2026-01-19T17:43:58,pending,credit_card,Antarctica (the territory South of 60 deg S),Meganburgh,2564.72
96c0bb48-121d-4075-9696-c521643f2e45,e50b48e9-6ad2-4114-88e2-d3662998225c,Mr. Joseph Logan,crystalruiz@example.com,PROD-4004,Synergistic intangible neural-net,Clothing,5,822.11,2026-02-05T05:42:14,completed,paypal,Trinidad and Tobago,Jordanhaven,4110.55
5ebceaef-90d7-4d1c-b543-bd97aee97fb7,8515bf48-b327-46c5-a941-dabbde689e7b,Brian Flores,jasontrevino@example.org,PROD-5638,Progressive zero administration hierarchy,Clothing,6,755.96,2026-04-24T04:30:49,cancelled,bank_transfer,Ethiopia,Port Christopherton,4535.76
69176acc-7fec-4577-8634-bd4cc2c3866a,373621a3-e41e-41a8-846c-ad85b22b8ad5,Amber Ballard,wagneraustin@example.com,PROD-2984,Distributed tangible website,Electronics,5,478.69,2026-02-27T00:31:53,completed,paypal,Mozambique,East Todd,2393.45
59da87d4-c6b9-4c9b-98c1-e46e39175600,c14b7cbd-a1f1-4b41-97fd-689db4cc38c2,Leonard Coleman,heatherbrown@example.org,PROD-4544,Polarized regional encryption,Food,8,508.4,2026-03-28T07:56:10,completed,paypal,Mauritania,West Robert,4067.2
ff4fb8b5-b016-4bae-987d-29d6906f6df2,2c34f523-6989-400f-9b2b-b4e0bfa58f35,Kimberly Owens,matthewmoore@example.org,PROD-3512,Enterprise-wide empowering hub,Books,9,904.34,2025-11-13T09:10:43,pending,paypal,Turkey,West Teresa,8139.06
d14692e5-bf9a-4c62-a42c-be5b52ac43ef,35e1b7c7-d068-4045-bb78-d7c9b89bad53,Erik Sherman,uwhite@example.net,PROD-5740,Polarized responsive data-warehouse,Sports,6,162.09,2026-05-24T21:55:10,completed,credit_card,Uganda,East Jodifort,972.54
8efa68fc-1c70-4fd7-89ff-3c477a91be0f,e370f37e-b283-45b6-b7fe-bb2b963eea8b,Ronald Hill,alewis@example.org,PROD-6573,Reduced client-driven migration,Books,2,851.67,2025-06-26T05:24:35,pending,credit_card,Guadeloupe,Kingview,1703.34
69daca6f-b397-4cc0-baad-ee2d18a67d6f,8916ed26-83cf-4913-bc68-2cd3dd539593,Clarence Farrell,oevans@example.org,PROD-6953,Total zero tolerance solution,Sports,6,914.79,2025-11-07T02:21:12,cancelled,bank_transfer,Somalia,West Jesse,5488.74
f5046010-0c8f-43b7-b578-1f984d7ee891,583bdc44-ce8c-4e2a-9ae7-167508982e41,Melissa Smith,rodriguezmichael@example.org,PROD-7054,Face-to-face foreground capability,Clothing,10,779.44,2026-03-19T23:48:32,completed,credit_card,Honduras,North Melissa,7794.4
5d54003f-402d-49e4-ad9c-58060ca154a3,3c649e28-e3a2-463d-9f94-af6f8eae5441,Jessica Wright,brownlisa@example.net,PROD-5293,Balanced responsive core,Clothing,4,104.86,2025-12-25T06:25:52,completed,bank_transfer,Isle of Man,Brianaland,419.44
639e0d95-88de-419e-8556-86ba795d26d6,657d4466-7477-41e8-9b02-1f4ef6bd775c,Elizabeth Jackson,hmiller@example.com,PROD-2803,User-friendly systematic Internet solution,Clothing,1,856.96,2026-04-21T19:38:46,pending,bank_transfer,Saint Lucia,Morrisonland,856.96
fd3131e2-f13d-4711-84fc-868f6a99e940,4ca284d5-d9f2-412b-8d15-abae2f6b4ae1,Crystal Livingston,dbrady@example.net,PROD-9196,Down-sized intermediate core,Food,1,718.14,2026-05-23T20:32:09,cancelled,credit_card,South Georgia and the South Sandwich Islands,South Kimberlyhaven,718.14
dd746f4b-2b5f-4a08-b407-d532ec73489e,382126ee-d453-4f4d-bc06-cef4a6072e95,Teresa Armstrong,jgreene@example.com,PROD-3497,Ameliorated value-added interface,Books,8,453.25,2025-06-18T16:09:51,completed,paypal,United Kingdom,Gonzalezchester,3626.0
913a20cf-8890-4a74-b5e9-34cd01fb411d,d304775d-e281-4b42-ba23-f89d33a03340,Mark Smith,alison22@example.net,PROD-4376,Secured local alliance,Sports,5,750.68,2026-02-14T19:18:29,completed,bank_transfer,Jersey,Port Joannaview,3753.4
71f08ed7-fd5b-4eb0-93b4-e0715807f842,728ab86e-33b7-418c-8613-0168bb1c9970,Amber Norris,jennifer16@example.org,PROD-6244,Organized coherent core,Sports,8,756.82,2026-02-04T19:03:51,pending,bank_transfer,Guadeloupe,Taraberg,6054.56
7f3087fa-5329-4341-8dca-4ed4e1ceede9,f4a08d3d-095e-4317-ba30-be30ea792941,Kimberly Brooks,royjulia@example.net,PROD-2463,Profound web-enabled instruction set,Sports,2,542.74,2026-03-09T17:36:49,completed,credit_card,Nauru,East Barryberg,1085.48
954d8111-03cf-48ce-8259-040937155cec,80623a7d-bb30-4863-9471-d41b38663a88,Philip Alexander,shanestewart@example.com,PROD-5214,Expanded contextually-based access,Books,10,517.32,2026-05-15T21:29:54,cancelled,credit_card,Palau,Lewischester,5173.2
6d7fb40f-1db9-4032-b091-92a19f060c49,5035dead-fc33-4e12-ba76-6a293419bc0c,Trevor Cummings,david33@example.net,PROD-1174,Business-focused optimizing data-warehouse,Food,6,270.51,2025-09-21T15:02:25,pending,paypal,Syrian Arab Republic,South Justin,1623.06
0a79c4e5-1d54-4e21-b448-ee854f6ba06f,e5e0bc83-b193-4a04-b545-7586b00262d5,Heather Franklin,loganrobert@example.com,PROD-7387,Advanced tangible hub,Electronics,10,256.91,2026-01-14T08:35:15,cancelled,credit_card,Barbados,Meyerfurt,2569.1
b7c964eb-2b7b-4fb6-b977-47e8310e8fd4,82b79b21-8e81-4e0b-9763-7132e07de6c4,Lynn Young,erinbradley@example.org,PROD-5682,Compatible background contingency,Sports,7,19.39,2025-10-20T04:29:10,cancelled,credit_card,Djibouti,North Norma,135.73
1fa299c9-7dd0-441e-8997-9fa5a730d468,d8522d2a-ef7d-4e99-8e31-fef230273d76,James Davila,kiddshane@example.com,PROD-1832,Expanded intangible website,Electronics,4,916.96,2025-08-07T23:22:43,completed,credit_card,Djibouti,North Bradleyland,3667.84
a84959f5-e06c-4b51-852f-0ef8bda254cc,34640b39-6c60-45a9-aee9-ce69b7c121e2,John Parker,meganmartin@example.com,PROD-6547,Devolved even-keeled success,Food,2,350.22,2025-06-15T11:57:27,completed,credit_card,New Zealand,South Corystad,700.44
d3fb06c7-7d30-4a18-baa6-2a581d859cd8,e3ba0cd0-b97d-4dbb-876b-90cb2a6341fe,Melanie Thomas,ricky34@example.org,PROD-4855,Secured fault-tolerant support,Sports,8,670.04,2026-04-06T08:03:33,pending,bank_transfer,Burkina Faso,West Steven,5360.32
2ca8a557-12a5-4b2d-9c51-6cf2f2425819,b30a57cb-edb2-45ac-8e1f-e8770868c492,Geoffrey Hinton,ambernorman@example.com,PROD-3849,Pre-emptive dedicated archive,Electronics,4,354.97,2026-03-01T17:02:11,completed,paypal,Antigua and Barbuda,Arellanoside,1419.88
250963a5-dd2a-46a5-8885-88bf288c3ba2,fb7645a5-0ea1-4e5f-8f39-2121025c1bab,Victor Diaz,jacobsalazar@example.net,PROD-6912,Cross-group 6thgeneration leverage,Clothing,4,943.21,2026-03-23T02:22:04,cancelled,bank_transfer,New Zealand,Lake Michelle,3772.84
5658745d-a626-41da-b625-cba2f182c7f1,bbb4bc7b-2fd8-47bd-9429-361732022fa5,Teresa Roberts,veronicasmith@example.com,PROD-1817,Organic eco-centric website,Books,2,212.35,2025-06-18T08:12:07,cancelled,paypal,Svalbard & Jan Mayen Islands,South Thomasland,424.7
eefcc238-4d45-4164-ab02-6b86079440e5,918c5b1a-03c5-4168-a753-2faba70c1e68,Jennifer Bailey,rodneyspencer@example.net,PROD-6122,Stand-alone asymmetric infrastructure,Food,10,714.23,2025-06-06T16:50:37,pending,paypal,Antigua and Barbuda,Meganmouth,7142.3
b0e599e3-a2cd-4978-8f2a-7439999afead,a2129d3d-6481-4a41-88b2-10c4b4cf45a7,Laura Hernandez,nicoleaguilar@example.org,PROD-6725,Front-line modular support,Books,5,69.67,2026-05-17T18:28:29,cancelled,bank_transfer,Lithuania,Lake Katie,348.35
b65507ca-7278-4782-8f7c-fe3a68213163,3cecb875-5450-46a8-95e8-d7da169a616a,Luke Hamilton,wendy44@example.com,PROD-2735,Reverse-engineered 6thgeneration matrix,Food,9,637.0,2026-02-09T14:56:26,completed,credit_card,Mexico,West Cynthiaton,5733.0
d65da250-fa65-4977-aa4c-9c1796f7ede1,b6874311-185e-496b-a7c5-3ae0b53d2faa,Jeffrey Johns,bsimmons@example.net,PROD-1045,Networked actuating capacity,Clothing,3,300.68,2025-07-13T11:12:36,pending,bank_transfer,Netherlands,Johnsonhaven,902.04
1a039446-8c5d-420b-adea-7815cbb4c424,67c082e0-ccf4-452a-b83b-8e8675225c76,Craig Martin,joneskatherine@example.com,PROD-5555,Virtual client-driven implementation,Books,2,741.43,2025-07-19T22:03:50,pending,credit_card,Guinea,New Andre,1482.86
793f7e02-ffbf-4b8a-a8b9-18991ccc1532,0d1d7de2-8dea-4979-ba42-7df2ff767880,Gail Hernandez,jefferyharvey@example.com,PROD-1281,Persevering neutral interface,Electronics,2,387.19,2025-09-01T03:14:19,completed,paypal,Brazil,Johnstonview,774.38
1d0d2413-d7c7-440e-abbf-d37ecd59cb9c,2e849f97-e111-46ed-833a-926c61f75d8e,Todd Smith,paynedavid@example.com,PROD-5585,Ameliorated bifurcated instruction set,Electronics,10,690.28,2026-04-27T05:31:07,pending,credit_card,China,Lake Jamiehaven,6902.8
dfedc7b1-f240-4d74-979f-0a46539bad2e,4757d179-16ab-4e0f-9791-950e3c1ba37e,Jacqueline Anderson,colemedina@example.net,PROD-5371,Synchronized needs-based core,Clothing,1,545.28,2026-03-19T11:26:53,cancelled,credit_card,Timor-Leste,North Jonathan,545.28
e0ee07bd-37b9-4d81-8b94-ecd35740dab3,c44ffb14-8ad2-448e-a413-da95bd74009d,Joseph Villarreal,larry33@example.com,PROD-6055,Robust intermediate conglomeration,Food,10,597.24,2026-04-20T08:08:55,pending,bank_transfer,Barbados,Lake Matthew,5972.4
da69fee2-a932-4c25-b884-366fbfcac495,3ee03659-35cb-4e56-9c92-396c6ea60a73,Samantha Little,rodriguezjo@example.com,PROD-5686,Secured solution-oriented knowledge user,Sports,9,910.02,2025-07-18T15:14:51,cancelled,paypal,Guam,East Terri,8190.18
3998aba9-a0ce-45ab-82c1-7f9d9b36d5ea,2f5b279d-c251-4a74-904c-307cc18c5123,Scott Brown,davisroger@example.org,PROD-9389,Reactive systematic access,Food,5,96.08,2025-08-01T05:51:59,completed,bank_transfer,Myanmar,East Rachelstad,480.4
7dfcbed2-e7a7-4e3d-b2a5-8c2a0d2c7172,dc3c7523-8d3f-418b-a695-380fc9235ae1,Fred Clark,mercerrichard@example.com,PROD-9001,Ameliorated clear-thinking leverage,Sports,4,911.97,2025-06-27T10:47:47,completed,credit_card,Angola,Port Antonio,3647.88
691e7d93-2f35-4b09-abd6-3154a854d4f7,54d73afd-edcc-4c41-905e-71eb57c3f55c,Alicia Bruce,npatterson@example.org,PROD-6902,Vision-oriented empowering process improvement,Food,8,893.21,2025-12-06T19:07:40,pending,credit_card,Tokelau,Joantown,7145.68
c2c3e035-665d-40d3-9f16-b829aa15f970,83b2f870-2627-4840-96c7-e5ae96fa51c6,Lisa Fuller,lisa66@example.org,PROD-6213,Face-to-face next generation system engine,Books,2,476.96,2026-02-16T11:39:00,cancelled,bank_transfer,France,Davidport,953.92
e5ba51d6-e932-4103-8b56-4559d90de897,c556451a-0f1b-4c5f-88da-95277f637076,Rebecca Craig,amandavelasquez@example.org,PROD-3170,Versatile transitional software,Books,3,665.72,2025-07-31T13:48:55,cancelled,credit_card,Nicaragua,New Jeffrey,1997.16
c48cebb0-36ae-4d9c-b95a-36885523b243,cf518f5f-0e07-40c5-a217-1eca7d4312bd,Jason Porter,tparker@example.net,PROD-6168,Phased optimal methodology,Electronics,2,968.65,2025-09-10T00:38:15,cancelled,paypal,Argentina,Michaelport,1937.3
b023186a-45fe-482d-8e43-49f1bdb7ec4c,77a23da4-d1fe-43e9-bd26-9ed05fafd045,Kristen Castillo,johnbriggs@example.net,PROD-5228,Future-proofed contextually-based frame,Clothing,7,610.1,2026-02-20T07:01:01,pending,credit_card,Montenegro,Barrerashire,4270.7
3736da7e-5632-4355-b473-9f032eadac84,61bb2164-ce7b-4b1f-9449-43d340db07d0,Michael Thomas,briannawilliams@example.org,PROD-8522,Stand-alone client-server application,Electronics,3,700.74,2026-03-10T04:55:13,cancelled,paypal,Indonesia,New Timothy,2102.22
9bc95d6b-eaac-4ebe-b482-56ea976ab39d,12649e48-61ac-4b6a-b3ab-fd1ac441735b,Timothy Werner,amanda07@example.com,PROD-9835,Implemented multi-tasking firmware,Sports,8,33.11,2025-06-10T18:57:03,completed,bank_transfer,Lao People's Democratic Republic,North Christopher,264.88
18eb670c-1492-4248-a2a4-3eb42c3bba40,7e029632-7a6e-48c2-a316-7e0648def267,Brooke Smith,craig53@example.org,PROD-6782,Assimilated 6thgeneration help-desk,Electronics,6,713.61,2025-07-14T05:19:08,pending,paypal,Taiwan,Port Brentville,4281.66
5e10c19b-a638-476a-86cc-82f60c41ba8d,c92f749e-28db-4477-b16f-f70ab88f5cec,Stephanie Hardin,chenamy@example.net,PROD-2192,User-friendly solution-oriented knowledge user,Clothing,3,791.65,2026-04-25T21:11:30,pending,bank_transfer,Cameroon,Margaretburgh,2374.95
0961f965-61e7-416b-ab3d-f772f8249303,dbf30575-8826-4394-bae8-8572d6aedfcd,Maria Cabrera,yshaw@example.net,PROD-9623,Function-based disintermediate architecture,Electronics,3,216.01,2026-05-18T22:19:59,pending,paypal,Palestinian Territory,New Kevin,648.03
21cdf158-22cc-40d1-8deb-b6e5b5f7e101,6509b8c6-32ca-4115-a2ef-8d021542ee76,Eric Cooke,wilsonmaria@example.com,PROD-6036,Devolved tertiary frame,Food,8,119.65,2025-10-19T20:30:50,cancelled,paypal,Pitcairn Islands,Angiebury,957.2
f6f4472d-c3ac-4510-a5ec-fa9838b5c03f,d3140027-8133-46db-abae-5ead19f3a09e,James Wise,desireescott@example.net,PROD-5164,Versatile methodical toolset,Electronics,6,716.56,2025-09-03T18:24:35,completed,paypal,Peru,Christystad,4299.36
d1e12502-5c81-47f7-8373-d56bb2b6204c,94ec5e7f-d1cb-4cff-b94c-66a63607cecf,Jason Duffy,dixonkevin@example.org,PROD-6737,Configurable hybrid array,Clothing,10,590.35,2025-10-27T05:42:23,cancelled,credit_card,Latvia,Jenniferland,5903.5
55a88bfd-98f0-4b4d-951a-a063d84b7734,615fb402-3b08-4da0-824a-0bf3200b0dd4,Tim Ross,susanevans@example.com,PROD-4546,Expanded client-server pricing structure,Books,7,172.93,2026-05-23T21:58:32,completed,bank_transfer,Belize,Arieltown,1210.51
be3a80ab-e724-4a45-b455-8a11662805fe,d6036968-afbf-4093-a4bf-35585c3a67fe,Tiffany Smith,laurengreer@example.org,PROD-5735,Organic actuating implementation,Books,8,132.89,2025-10-28T03:51:48,pending,credit_card,Australia,Richardville,1063.12
3568514e-22a6-4a9a-8f29-7f26962a32c0,c4e24d3a-e5f2-4b79-9602-b15c36880743,James Duffy,jjimenez@example.org,PROD-8302,Virtual systemic time-frame,Clothing,3,463.63,2026-03-09T18:24:40,completed,credit_card,Korea,Judyton,1390.89
a9b8431d-be71-4d6e-8e57-7f41a7287024,1f027004-78ed-4788-9bc2-d0f0627df52b,Andrew Rodriguez,zhays@example.org,PROD-9037,Optional secondary synergy,Sports,8,807.8,2025-09-11T13:41:14,completed,paypal,Uruguay,Jonesview,6462.4
434ad98a-d32c-4d8b-9ab4-f78dff299a33,ec2a2bb0-34eb-4c30-8fc0-dcc67fcb9d09,Jennifer Robbins,nicolediaz@example.org,PROD-2206,Assimilated interactive project,Food,10,38.02,2025-10-06T00:21:13,completed,bank_transfer,Honduras,Port Benjamin,380.2
cf1d6090-c83e-40bb-b719-f93186584499,d332e2c2-dcdd-49be-9b58-270a0e36eafc,Kathy Tate,grobles@example.com,PROD-3889,Customizable object-oriented architecture,Clothing,6,191.49,2026-03-01T10:10:11,pending,paypal,Korea,East Maxwelltown,1148.94
6f6139b9-aaaf-4aa6-84ff-68d515ad2dc1,8d6e7464-edfb-41b2-b930-3a6bdb824b24,Karina Lewis,jonathonspence@example.org,PROD-5926,Digitized uniform projection,Electronics,10,247.21,2025-09-04T10:42:54,completed,bank_transfer,Holy See (Vatican City State),West Nicole,2472.1
10d38e82-3781-4f47-acbd-5b39afebcfa0,e87fc28f-d101-456d-b07e-f61b7b3b6a4a,Joseph Smith,lisafrost@example.org,PROD-9367,Enhanced web-enabled architecture,Food,1,205.59,2026-01-11T11:45:12,cancelled,credit_card,Germany,East Sean,205.59
574ac789-f13a-4b47-a8e4-7a622ca8ad54,d1906910-de96-42c1-abc3-f6c0beb26d35,Joshua Gutierrez,susan54@example.com,PROD-2599,Diverse executive capability,Food,5,937.02,2025-12-16T21:16:12,completed,paypal,Svalbard & Jan Mayen Islands,Williamview,4685.1
45996956-2aa2-4877-b399-f70f51eb50c8,14411ed3-3b23-46af-8e35-fbdf34496764,Steven Ramsey,jasonwilliams@example.org,PROD-1369,Balanced neutral groupware,Electronics,9,541.54,2025-07-08T21:40:57,completed,credit_card,Korea,Rachelhaven,4873.86
02756d7f-2287-4204-ab8d-0e30426f7a9d,3125ef41-37c6-4d93-863c-d9d34dc3e636,Richard Warren,deborahhall@example.net,PROD-7806,Visionary regional groupware,Sports,7,659.23,2025-10-06T14:26:04,pending,bank_transfer,Belize,Hooperville,4614.61
092eb07f-7915-4860-926f-1f318aaa3b5c,25d285e3-62a5-42a7-95ce-2ea782fbdfd1,Taylor Hurst,williamsamber@example.net,PROD-1306,Synergistic mobile concept,Books,3,97.14,2026-01-07T17:49:56,completed,paypal,Spain,Rileyhaven,291.42
111308f8-1d76-411d-b6c9-b24af4c16f6b,97d0ba4d-b989-4c0c-87a1-57347486649c,Tyler Larson,vhernandez@example.org,PROD-6148,Profit-focused bifurcated parallelism,Clothing,5,83.28,2026-05-03T06:21:54,completed,paypal,American Samoa,Fullermouth,416.4
d3eda4f4-3a5a-4042-acd2-4f9af0adac83,535432d1-7d0f-495e-ac6f-a635a1094792,Carl Miller,kimberlysmith@example.net,PROD-7102,Reverse-engineered heuristic knowledgebase,Clothing,7,968.1,2025-08-16T16:08:25,cancelled,paypal,Afghanistan,Kelseyside,6776.7
560ab6fb-5b31-4f26-a51f-816617564919,c88f7dd8-c34c-4d7a-9e33-1abfe1c8c750,Mr. Roy Baker,wattsjustin@example.net,PROD-7549,Programmable uniform installation,Electronics,8,397.7,2025-09-09T03:52:04,completed,paypal,Sao Tome and Principe,West Daniel,3181.6
b0c3cb94-69df-43d6-bca8-fcc386b081a2,a3a6354f-cbac-44c5-8674-5fc96fdcd422,Sydney Johnson,tammylevy@example.com,PROD-7153,Optimized human-resource access,Clothing,3,518.48,2025-12-30T00:21:38,cancelled,credit_card,Saint Helena,Port Sethport,1555.44
436e43e3-e9a1-41e7-bc37-93d40aef6fde,4e6546eb-acdf-405d-9416-3cd37b599366,Kristina Morris,zcannon@example.net,PROD-8560,Networked client-server conglomeration,Electronics,6,426.93,2026-04-07T22:07:00,completed,bank_transfer,Reunion,North Michelleburgh,2561.58
084e83e4-df76-4349-9962-e82e535b0196,54ee9827-c010-4a5e-b6d3-399a01833710,Mark Moody,smithcody@example.net,PROD-5648,Digitized impactful utilization,Clothing,6,492.47,2025-08-05T19:38:31,cancelled,bank_transfer,Gabon,Debbietown,2954.82
bd86824c-6268-48b1-8572-f47f5cf6932e,282f00bf-9378-4e59-b001-c2ac0c3323c0,Leah Peterson,saramora@example.com,PROD-2799,Adaptive systematic Internet solution,Food,5,506.67,2026-05-14T22:08:01,completed,credit_card,Guyana,Jamesville,2533.35
d00a4d7c-2ba9-4f52-bcf3-685c5f3b5b61,a0f85925-1236-41eb-8164-e7830df03579,Steven Perez,ashley66@example.net,PROD-9771,Fully-configurable full-range circuit,Clothing,10,393.98,2025-11-24T17:31:00,pending,paypal,Northern Mariana Islands,West Reginald,3939.8
20a93764-99cd-4b77-91cc-e40d9b2ed200,0da5d3a4-9f91-4c58-8694-f956904cc5fe,Tammy Hinton,sarah66@example.com,PROD-2880,Focused 5thgeneration strategy,Books,3,464.82,2025-06-28T16:44:39,completed,credit_card,Azerbaijan,New Michael,1394.46
4197b93e-19eb-4d46-a215-ea59346f1c97,bbe39e1d-0844-4501-a12f-88f87e78a43b,Hannah Duarte,marvinberry@example.com,PROD-1294,Cross-group 24/7 strategy,Sports,7,967.16,2025-10-28T11:56:01,completed,bank_transfer,Oman,West Andrea,6770.12
b3bee150-be62-47ff-b7d2-1d33084685bd,09192fac-29f6-410c-99ba-8ffa7f0acb89,Ryan Stevens,obrienalice@example.com,PROD-1417,Decentralized intangible portal,Electronics,8,40.21,2026-04-01T01:36:34,pending,credit_card,Mexico,West Virginiahaven,321.68
1406141c-1eea-4021-92b1-21d069aec6c7,3c646409-ee3b-4b57-8681-b897dcbd534a,Joyce Zimmerman,benjaminjohnson@example.net,PROD-9159,Pre-emptive bottom-line benchmark,Electronics,3,995.69,2026-03-23T17:45:03,completed,paypal,Mauritania,Krystalchester,2987.07
7d899ae0-291d-4968-871a-bfebe0cb497c,9ea4195d-8549-40b1-909f-b67bfb029a69,Terry Burnett,pamelavelez@example.org,PROD-9069,Reverse-engineered logistical structure,Electronics,6,589.19,2025-06-03T11:38:58,cancelled,paypal,Brazil,Joannastad,3535.14
325d2fa3-f5f3-49ea-9ce7-295d12955cca,ce511d61-d103-42c2-9bce-659acd9c95d6,Joel Harris,vanessa94@example.net,PROD-2994,Re-engineered responsive concept,Electronics,4,751.93,2025-11-10T04:12:49,cancelled,paypal,Sao Tome and Principe,West Christian,3007.72
613821ab-16fa-4461-8be9-37b77e99f2e4,d6303396-651e-49d6-9eb9-3d8946a157d5,Kimberly Smith,michele69@example.org,PROD-1038,Quality-focused motivating time-frame,Electronics,1,173.4,2025-12-01T08:17:11,cancelled,credit_card,Iraq,Charlesmouth,173.4
08062bfb-4976-4219-b1bc-9ea859e8ad67,1a207099-5eb5-4386-8f6b-c9d192d04c39,Angela Edwards,sarahwalker@example.net,PROD-2639,Right-sized multi-state projection,Electronics,10,840.98,2025-09-06T03:46:36,completed,paypal,Swaziland,Ianview,8409.8
024ab3be-5a55-4936-848c-c5b233282a57,db07204c-b17c-46f9-8cd2-d49c71ad86a7,Kim Diaz,edward00@example.com,PROD-4962,Managed 24/7 model,Sports,2,161.99,2025-10-20T20:49:17,cancelled,credit_card,Holy See (Vatican City State),Port Gerald,323.98
8ba18eb8-91f6-40f4-8dcd-51fa1d76490a,d842ecb9-58e9-467b-b135-53eae28d5d89,Brenda Jackson,andreahampton@example.org,PROD-5331,Down-sized upward-trending framework,Clothing,9,521.37,2025-07-02T15:42:25,cancelled,bank_transfer,Grenada,Collinston,4692.33
d5cf7035-ea7a-49b5-a3a7-fec988e33aee,cb8eb7e6-6458-4c38-ada8-3e792a5214a0,Michael Walker,zroman@example.org,PROD-6279,Extended zero tolerance monitoring,Books,4,724.48,2025-10-30T06:09:16,pending,bank_transfer,American Samoa,West Matthew,2897.92
6cd5638f-6522-4b48-83fa-8a0daaf4a70c,708d5341-a822-42d6-b57c-c76e9a90b0cf,Ryan Myers,cmurray@example.org,PROD-8889,Proactive systematic Graphic Interface,Electronics,10,735.36,2025-07-23T05:31:47,pending,paypal,Marshall Islands,New Sandraburgh,7353.6
03a7ffc6-efb7-4dc1-b05b-af19b6102b57,5db4002e-3d4e-42fe-99cb-35d94f17a523,Brandon Martinez,brenda74@example.org,PROD-2037,Right-sized multi-tasking Graphical User Interface,Food,10,839.51,2025-05-29T08:28:30,pending,paypal,Norway,North Kathrynburgh,8395.1
ae92de2c-ba1c-4973-8d9e-d8f22230b8f1,addb4fe3-1b5a-4cbc-8c25-be68d021649b,Dana Brown,haleyday@example.com,PROD-4820,Reduced 5thgeneration analyzer,Electronics,10,366.99,2025-09-18T06:21:39,completed,bank_transfer,Gambia,Port Jorge,3669.9
46669198-78f0-4607-93ec-f629c7d22002,fdeaf0c2-46dc-4ec5-a9e6-a62278f2e35e,Danielle Jones,kennethmartinez@example.org,PROD-3800,Customer-focused optimizing secured line,Food,1,678.86,2025-11-23T07:18:43,completed,paypal,Russian Federation,Simsville,678.86
b5476277-a1ba-46c6-bc62-4fc2ed9bb32e,76376ebe-64c4-4507-8126-b60e42aeb4f6,Francisco Little,solomonearl@example.org,PROD-7038,Ameliorated dedicated standardization,Electronics,3,423.55,2025-09-26T08:53:21,pending,credit_card,Cambodia,Thomashaven,1270.65
bd4a7d1c-0527-4798-8324-5c7283a123b8,3572d42c-1d93-4f14-88ba-9acee0e5d25d,Marcus Nichols,perezstacey@example.net,PROD-4153,Balanced 4thgeneration archive,Food,6,931.92,2025-07-15T13:53:56,pending,bank_transfer,Eritrea,West Sharon,5591.52
3f6a08f0-5cea-411f-a736-afeca72807fe,9ff033bd-3c19-4f3b-bbdd-7097c6369083,James Bryan,vedwards@example.com,PROD-7027,Team-oriented global function,Books,7,458.39,2026-03-07T00:26:00,pending,bank_transfer,Palestinian Territory,New Melissamouth,3208.73
fb1c06da-4e27-4b72-acdd-91f53190584a,6cb3a37d-97c0-4020-b6a7-e61a38ead836,Felicia Davis,kayla85@example.org,PROD-9816,Devolved heuristic circuit,Electronics,4,379.01,2025-10-13T00:40:16,pending,bank_transfer,Central African Republic,Martinbury,1516.04
f34fddb9-05c7-4886-bf56-321c0a07de6d,aa882b2b-6241-48af-8328-e2590b1caaad,Joshua Davis,briansmith@example.org,PROD-6437,Digitized composite hierarchy,Electronics,7,579.14,2025-07-07T08:51:13,completed,bank_transfer,Greece,Sullivanshire,4053.98
4cbc0876-214a-405d-801c-6386468d4f21,b6c83d76-8af6-4165-bd2a-c9d5d667d8aa,Lisa Thompson,cathygarcia@example.org,PROD-6308,Monitored systematic collaboration,Food,6,54.15,2026-05-12T06:00:33,pending,bank_transfer,Singapore,Virginiashire,324.9
a161ee6b-cf1c-48b2-aeb0-548d2064813d,7951ee7d-8b1e-43ee-b922-451f4785cef1,Steve Parks,diazchristopher@example.org,PROD-1764,Future-proofed explicit benchmark,Food,1,690.62,2025-11-14T12:18:14,pending,paypal,Colombia,Jeremyfurt,690.62
021b023d-4a5d-4a8d-a511-1e58c366cabf,f09f6497-7f86-4468-819c-ba793d760dbe,Beverly Lewis,usloan@example.org,PROD-8333,Multi-tiered upward-trending neural-net,Electronics,2,860.97,2025-11-28T09:56:16,completed,bank_transfer,Saint Vincent and the Grenadines,Hendersonborough,1721.94
76aec461-9fd0-4531-86ae-d737a309b4ca,72490bee-c151-4240-9d5e-3d86d9c00729,Michael Gordon,dominiquecrawford@example.org,PROD-1517,Self-enabling needs-based support,Clothing,3,266.46,2025-06-16T23:20:38,cancelled,bank_transfer,Montserrat,Lindamouth,799.38
4d2aea58-c430-4833-801f-d155632cdc51,1ca6fdd4-e8db-4c01-a592-f88b5e546189,Michelle Fuller,keith12@example.com,PROD-9112,Object-based foreground application,Clothing,9,41.87,2026-01-30T20:21:39,completed,credit_card,Greenland,Kellyville,376.83
d9857c73-f318-40d2-ba37-e29869bfa669,da754d23-c369-407c-97d4-148252d62e3f,Henry Wiggins,stephen41@example.com,PROD-8042,Innovative local structure,Food,10,68.54,2026-01-30T02:04:04,completed,credit_card,Guam,Drewbury,685.4
217a7279-1e75-4495-88da-6fc02905ca6f,4c21b55c-c3d6-4fa2-b88b-eda136ea2ed9,Jessica Mullins,nhayes@example.net,PROD-3530,Public-key incremental initiative,Electronics,10,943.47,2025-10-11T18:35:43,cancelled,bank_transfer,Norway,Lake Emily,9434.7
393de575-0eb8-42e7-875b-8f023435abc7,543ab003-f4f8-4552-a4d4-a376d4966763,Troy Pope,alvarezcarol@example.net,PROD-2565,Adaptive solution-oriented extranet,Clothing,9,315.19,2025-12-07T22:53:15,cancelled,paypal,Bahrain,Sanchezport,2836.71
c4446477-6422-4c72-bedc-dfaa1e3ff1c6,c419f896-3eb3-42d3-8d19-2749f8c40a5e,Amy Pierce,greennathaniel@example.com,PROD-2948,De-engineered analyzing hierarchy,Books,1,918.66,2025-10-21T06:56:30,cancelled,paypal,Northern Mariana Islands,Catherineburgh,918.66
9a17b542-09e4-4167-a060-b27814fdc5e4,13b3a101-4f6e-4e41-9e85-64dbdcd303e1,Matthew Hansen,mpayne@example.com,PROD-8972,Reactive high-level knowledge user,Books,8,548.39,2026-04-12T02:42:56,cancelled,bank_transfer,Comoros,Rodriguezmouth,4387.12
4ee64854-67f1-415d-8b62-d245dbca51df,50764815-6471-4849-93ff-75384b4052f4,Carla Vaughn DVM,alexscott@example.com,PROD-9979,Exclusive optimal instruction set,Clothing,5,446.78,2025-06-16T05:28:41,pending,credit_card,El Salvador,Kellyville,2233.9
556accca-8505-4770-8c0e-4de607a4ddc7,63ca2663-c359-42cb-b5aa-79f244f3ea1c,George Dennis,herrerachase@example.org,PROD-6371,Fully-configurable grid-enabled emulation,Food,1,501.02,2025-06-26T13:20:15,completed,bank_transfer,Western Sahara,Melissahaven,501.02
8ab0b4f1-ba07-4d9b-8bf4-ce6459063f04,ff70b6d0-8a32-4fad-8d12-551c592d5cfd,Raymond Lowe,michael50@example.org,PROD-4368,Assimilated client-driven utilization,Food,10,300.0,2026-05-10T21:50:05,cancelled,paypal,Yemen,South Donna,3000.0
721d75af-d50e-4030-adde-c46841389b47,1596442e-1710-432e-b0dc-efc5006b5669,Heather Singh,wbrown@example.net,PROD-8875,Re-engineered methodical open architecture,Electronics,3,302.32,2026-01-02T15:35:28,pending,paypal,Bulgaria,Fordborough,906.96
dabc6f8a-94f6-4948-b54b-6897ffba800e,d4e88f3e-3de4-4d9d-883f-b27428d99703,Melinda Williams,anna19@example.net,PROD-4523,Cloned modular initiative,Books,5,757.19,2025-06-20T12:37:03,cancelled,bank_transfer,Bouvet Island (Bouvetoya),Kaylaview,3785.95
108ee091-076e-4b21-8628-75f3c1b6b796,32f2e499-bdc0-4314-98b9-b00c3fe00aca,James Barr,fordbrenda@example.org,PROD-3824,Cross-platform bandwidth-monitored policy,Sports,8,815.87,2025-07-15T11:14:48,cancelled,credit_card,Pitcairn Islands,New John,6526.96
6de5395a-4179-4e36-af9a-6fffaf850c19,74b1b9db-28e9-43ea-a8ad-1a1da0bc65f1,Michael Neal,vincent24@example.org,PROD-6295,Reverse-engineered high-level workforce,Food,7,223.41,2026-03-05T01:13:08,completed,bank_transfer,Gibraltar,West Bradchester,1563.87
7a92bfda-8653-47b9-b364-62d48501e9a8,cb7de7be-a9f7-40eb-a6bf-74eed494357a,David Harris,qjones@example.com,PROD-6447,Devolved discrete neural-net,Electronics,1,371.02,2025-11-04T11:52:00,pending,credit_card,Vietnam,Thomaston,371.02
2b91ff2c-f311-4def-9805-46b88206272d,7100b741-94e5-44e5-bf06-21bad564b904,Gina Davis,nathaniel34@example.net,PROD-4465,Enterprise-wide 24hour attitude,Sports,10,648.14,2026-04-07T21:14:40,completed,paypal,Italy,Jessicaside,6481.4
bef897e7-f461-4f66-99df-f02b21066930,f0d66db9-7dae-4a7a-8d84-e5b261446493,Eddie Cox MD,penny94@example.net,PROD-7632,De-engineered encompassing intranet,Clothing,9,606.37,2025-09-07T19:47:29,cancelled,credit_card,Martinique,Alexanderchester,5457.33
4b6e9580-ac74-4764-8cf7-35944f566ee2,c67a9b33-d436-4e1f-ab60-830b15f8cb63,Clayton Carter,ortegasarah@example.net,PROD-9790,Virtual composite alliance,Food,7,336.19,2026-03-18T14:19:29,pending,credit_card,Kiribati,East Samantha,2353.33
0adb9612-6e6b-46bf-b9ba-c898b0404750,0f6b5be9-f890-45f0-88b8-208d89e64142,Louis Williams,lunagary@example.com,PROD-1566,Fundamental heuristic policy,Electronics,1,645.01,2025-08-16T16:52:28,pending,paypal,Andorra,South Antonio,645.01
1fc9b610-27a9-460b-8183-c3011fc6725a,47fc1bb1-1c4a-4aca-90cb-6097a2efe520,Nicholas Blackburn,jflores@example.org,PROD-8843,De-engineered eco-centric groupware,Sports,8,658.59,2026-02-14T13:17:15,cancelled,bank_transfer,Congo,Danielschester,5268.72
5a84c9ca-f393-4d36-9178-32be7df3b935,9a2f7454-4672-4ef8-9186-001cfa9eed8a,Jennifer Adams,morananthony@example.net,PROD-4214,Implemented asymmetric application,Books,2,536.27,2025-12-22T22:54:21,pending,paypal,Taiwan,Lake Kimberly,1072.54
ff8af0eb-f6e1-4145-894b-2dfd05003486,d527c8f0-d7c7-4129-95d0-4ee6e563b570,Jennifer Romero,whitejames@example.com,PROD-1580,Implemented demand-driven hardware,Food,9,653.77,2025-09-03T18:47:10,completed,bank_transfer,Belize,North Williamborough,5883.93
f497db81-d4f0-4372-b9e0-a9755b3bee9f,ed6e83a3-eec3-4ba6-a54c-bb77a9cff55f,Brett Chapman,stonemichael@example.org,PROD-7622,Intuitive value-added help-desk,Sports,8,283.06,2025-11-14T09:16:02,completed,bank_transfer,Botswana,Lake Amy,2264.48
10ca1de4-c093-4ae3-81fa-b2157bca3d52,d55dcc31-acb7-449c-8d5d-fef39c4ab497,Elizabeth Quinn,davisfrederick@example.com,PROD-4550,User-centric 5thgeneration array,Food,2,524.16,2025-05-30T11:27:00,cancelled,paypal,New Zealand,North Thomasfurt,1048.32
f68b64d4-4c6c-4488-99f2-397a55bd6d48,05b3a9dd-1c6c-417b-8bbb-ade0103c4efe,Laura Stevens,cmoore@example.net,PROD-5953,Team-oriented grid-enabled capability,Food,4,525.68,2026-04-21T05:32:59,completed,bank_transfer,French Guiana,West Amanda,2102.72
6b7bf509-4432-42d6-903b-629dc54430a3,d2f73a35-b84a-445c-ad77-0c460ead3d7c,Michael Brown,dunlapkimberly@example.com,PROD-1115,Future-proofed actuating portal,Food,6,781.79,2026-01-08T02:46:08,cancelled,bank_transfer,Saint Lucia,North Anthony,4690.74
ede55981-2485-48a6-a07d-b3bb26e61dfc,d76025bd-36e9-4c18-8457-272727a0e490,Jose Smith,paulhughes@example.org,PROD-3402,Integrated mobile archive,Electronics,4,413.69,2025-09-25T18:51:17,cancelled,credit_card,American Samoa,East Jason,1654.76
ddf908b3-90c5-4167-b0f5-0d6a606451ce,6cd69507-db58-4961-84b3-66eb07eef347,Shelley Hardy,hdodson@example.org,PROD-7078,Right-sized static customer loyalty,Sports,10,41.33,2026-05-20T08:51:24,cancelled,bank_transfer,Vietnam,Jonesville,413.3
6db1ff76-a662-431c-a131-4be642b11213,65c4bc71-71c1-4dde-81d3-cd845ae9dc0e,Crystal Tran,phanna@example.org,PROD-7185,Diverse optimal concept,Food,10,735.42,2026-04-24T17:10:32,cancelled,credit_card,Saint Martin,Tinaton,7354.2
05211f0c-8de1-4e17-a9bd-2fb2d34cc222,23c645e5-66d0-4253-9c44-391f784cb78a,Michelle Cooper,christopher71@example.net,PROD-9799,Persistent global definition,Clothing,7,18.11,2025-12-10T08:21:39,completed,credit_card,Myanmar,East Kathrynton,126.77
84ade7f8-9d14-4c63-bf63-abdd41d4af78,f5fff8d4-68d9-4e2a-9118-709b0d55f54e,Brian Burns,fgallegos@example.com,PROD-2192,Stand-alone asynchronous adapter,Electronics,3,272.4,2026-03-20T22:51:18,cancelled,bank_transfer,Palestinian Territory,Donnaton,817.2
238a5b5d-f3c4-44d0-af59-0778b2e913df,cdcbef20-729c-49c8-aeb3-b9d235bdba7a,Mike Carter,adriennespencer@example.com,PROD-5293,Decentralized tertiary data-warehouse,Food,6,708.36,2025-09-12T22:14:24,cancelled,paypal,Israel,Port Elijahport,4250.16
e7445225-55c5-4c2d-9623-17af5f2224e1,3062006f-e2b0-450c-a59c-aeb1c82d5688,John Kennedy,wallacedavid@example.com,PROD-2648,Profit-focused encompassing product,Food,9,123.68,2025-12-22T23:24:25,completed,bank_transfer,Turks and Caicos Islands,Territon,1113.12
f2f98a03-89e8-42b9-aa45-c60c92cfc0d7,67e8d303-1dc2-4a4a-8d1a-a5b9e12a558a,Jeffery Strickland,briannaallen@example.com,PROD-9118,Synergized stable success,Electronics,4,129.83,2025-07-26T12:20:16,pending,credit_card,Lebanon,Andrewfort,519.32
842b7997-525c-43eb-af8e-b9c06898fc8d,c9285f33-ae67-4fbc-ae0d-f4e4c9b2b5b4,Cody Martinez,michael67@example.net,PROD-9484,Focused context-sensitive help-desk,Books,5,680.06,2025-10-03T23:04:29,completed,credit_card,Kazakhstan,Stevenmouth,3400.3
9fc2af09-7f03-47a8-ac27-0578977f98c2,065adcb1-4da9-42a0-9a63-cfc34a16fbed,Shannon Phillips,robertgillespie@example.org,PROD-2879,Persistent fresh-thinking groupware,Sports,8,440.01,2026-01-28T01:36:38,completed,credit_card,Myanmar,New Bradley,3520.08
bb93926e-77cf-44c8-a208-df46f6daa5e0,5cf66743-2ffc-4b5a-80af-5dde978afff1,Emily Young,raymond70@example.com,PROD-9860,Fundamental fault-tolerant encoding,Food,3,37.24,2025-09-26T19:28:50,cancelled,credit_card,Reunion,Benjaminfort,111.72
9ee8ffce-5b6a-4844-835b-2c697184e8d5,943dc483-1647-41a6-b369-eb50689a81a8,Ronald Garcia,zruiz@example.com,PROD-6299,Compatible web-enabled conglomeration,Food,6,21.44,2026-01-20T06:47:46,cancelled,credit_card,Congo,New Andrewshire,128.64
051273b1-5640-48f8-a7e4-260b7801f908,3f1751e4-4d8a-4068-9b37-51d57bd0c170,Brittany Walker,pauljackson@example.org,PROD-6643,Automated systematic hierarchy,Clothing,4,893.93,2026-05-05T05:09:13,completed,paypal,Saint Lucia,North Felicia,3575.72
846e521a-9085-4a07-b169-1fc931ad57d0,d227517a-04b9-45bb-adeb-c2647a287cc0,Angela Burton,gonzalezkatherine@example.net,PROD-6999,Operative responsive help-desk,Books,1,590.39,2026-03-09T12:42:03,cancelled,credit_card,Malaysia,Carrfort,590.39
452a06e9-5c89-4551-83e8-b0a78e7c03e6,68657a8a-0833-43cc-96ea-5d134087e726,Ruth Cruz,meyersbonnie@example.org,PROD-6440,Sharable client-server infrastructure,Electronics,2,322.32,2025-06-18T01:25:53,cancelled,paypal,Antarctica (the territory South of 60 deg S),Jasonport,644.64
91d27ce6-2447-41f4-92a3-2a6b94514e1b,f37ce038-591d-4c7b-beee-3ef5cf7e6459,Maria Mcclure,jamie40@example.org,PROD-1118,Inverse methodical Internet solution,Food,5,310.66,2025-07-11T23:24:34,pending,credit_card,Belarus,East Ryanport,1553.3
1e699fb3-817c-44a6-8409-fe88c42c8af8,d530e097-a48c-40a3-8240-ad0958c0f860,Jennifer Sosa,seanwhitney@example.org,PROD-6017,Pre-emptive directional intranet,Sports,2,249.43,2025-07-18T01:52:25,cancelled,paypal,Benin,Tapiaborough,498.86
38fabdf1-1a8e-480d-b856-c35a07ac74a8,c2e753aa-c78d-4333-8e15-05e244278fd6,Gary Snyder,dberger@example.org,PROD-7841,Stand-alone motivating capacity,Food,1,913.42,2025-06-12T17:35:07,pending,credit_card,British Virgin Islands,West Clinton,913.42
ca0363f2-c6d9-4c0f-95ce-b44e63027394,98360962-274c-4085-8816-c7e68aed9734,Edward Montes,kevinmalone@example.com,PROD-6592,Customer-focused contextually-based open system,Books,1,347.67,2025-08-20T13:07:56,cancelled,bank_transfer,Mongolia,East Ashley,347.67
90863fe0-cff6-4fcb-b67b-599b401ac480,f3f68c20-83df-46c9-938e-58f4dd98c5dc,Scott Hernandez,pturner@example.org,PROD-4849,Fully-configurable web-enabled artificial intelligence,Electronics,2,982.26,2025-07-01T19:11:47,completed,paypal,Bhutan,Richardland,1964.52
03eb0e1c-3dfe-44a6-b2bb-fac242325152,afcc34a6-a81d-4257-8f4e-28fcba3009e1,Jeremy Fletcher,nathanturner@example.net,PROD-7282,Secured object-oriented knowledgebase,Sports,2,974.11,2025-05-28T03:36:16,cancelled,bank_transfer,Burkina Faso,Wardbury,1948.22
a3d252b2-42f6-40cb-a141-350a732f7b5d,341370f3-d85c-4977-b7b9-b7c99f0004ce,Theresa Camacho,victor83@example.net,PROD-1868,Pre-emptive content-based data-warehouse,Clothing,6,518.18,2025-07-18T14:30:27,completed,credit_card,Portugal,Conleyside,3109.08
a6f4d59e-da31-459a-8931-cfb87f0c58aa,fbf34fac-658d-4c6c-946e-266bdd2b0c4b,Nancy Walker,archerjoshua@example.com,PROD-6148,Future-proofed object-oriented capability,Food,6,404.28,2025-12-26T12:12:46,cancelled,credit_card,Monaco,West Carolyn,2425.68
d5f9ddc1-e6a7-4b21-9bcc-f57d5bf61ceb,de9192c3-86e3-4700-adde-e787e62f6c45,Krystal Rogers,sullivanmarilyn@example.net,PROD-3749,Open-source reciprocal adapter,Sports,3,568.42,2025-09-26T17:32:23,cancelled,credit_card,China,Monroetown,1705.26
f7228b04-b39c-4dbb-b5aa-a797f47017ae,ba456fe7-6d3c-4f39-975a-4827ca3a489f,Samuel Campbell,swilson@example.net,PROD-2860,Multi-lateral zero-defect neural-net,Electronics,6,515.66,2025-11-23T16:59:48,completed,bank_transfer,Brunei Darussalam,South Garyfurt,3093.96
ff1a1107-6583-4e6e-b711-d10501049456,51fb3685-5a4e-48bf-a74f-e80e2d266ccf,Erik Butler,hgarcia@example.org,PROD-3288,Sharable disintermediate archive,Food,3,305.65,2025-10-17T14:23:37,pending,credit_card,Sweden,Pughfort,916.95
362c3036-0cca-4831-9ae1-958c489bb8ed,c6628ca2-b2b9-4936-990c-46b4efe88275,Shelby Woods,jenna79@example.org,PROD-8514,Compatible background complexity,Clothing,3,637.94,2025-11-28T10:57:04,completed,paypal,Puerto Rico,Mccarthyburgh,1913.82
aae3c04e-6ef0-4ed4-805e-f294f42d83a6,6d6b73f0-762d-45e5-aedd-9fcf2d383111,Dawn Clark,ghall@example.net,PROD-8973,User-centric transitional customer loyalty,Food,9,543.86,2025-12-18T10:34:22,pending,bank_transfer,Lebanon,West Kristyside,4894.74
e9cd3049-7aeb-4403-841d-7b64d979bfa1,be094af9-3a9b-450d-874e-002ee4925e56,Wendy Johnson,angelajackson@example.org,PROD-6091,Switchable clear-thinking parallelism,Books,9,756.84,2026-01-24T06:17:39,pending,paypal,Mongolia,West Kathleenhaven,6811.56
527b016a-c3a8-4d57-8b72-2654e5246589,9f61830e-dc04-4cab-b5a3-8c068e6f2162,Stephen Watson MD,samuellane@example.com,PROD-4385,Phased uniform instruction set,Sports,8,213.2,2025-08-12T18:35:02,pending,credit_card,Guernsey,Lopezville,1705.6
d46f147d-6623-4f1d-afb9-fc85f89bdfcc,123f4b4b-e78e-42e5-ae6b-f1c549c177b4,Anthony Reese,michael42@example.com,PROD-7862,Future-proofed demand-driven neural-net,Sports,2,396.28,2025-12-30T23:08:10,pending,bank_transfer,Belize,Stewartfurt,792.56
713fd7cb-10d4-41a9-97c6-16028fe22cb4,5c6acfb2-91cf-44aa-bfaf-c1d4432bc83b,Rebecca Ramirez,patriciastone@example.net,PROD-9748,Ergonomic zero tolerance Graphic Interface,Clothing,4,339.87,2025-07-02T10:38:32,completed,bank_transfer,Korea,Coryhaven,1359.48
f500fd57-17a9-4a16-86dd-048667e9db1e,b0a96610-4822-4962-ad74-f64a2b2d1465,Kristen White,mirandashaw@example.net,PROD-4524,Cross-platform impactful concept,Food,7,932.64,2025-09-16T07:41:19,completed,credit_card,Namibia,Walkerport,6528.48
5c230c8b-440b-4ee7-9d38-4f25d40661bb,f8dec118-6b49-43a3-9f2b-f24958527066,Mary Kirby,wwarner@example.com,PROD-1701,Centralized explicit Graphical User Interface,Clothing,5,981.4,2025-07-30T12:46:19,cancelled,credit_card,Guinea,Taylormouth,4907.0
654b9580-7bd0-4642-85f6-5db875fa0821,819bbdb0-bdd1-4168-b3aa-1f1413b6c510,Kyle Garrett,michele43@example.net,PROD-8348,Synergistic uniform portal,Books,8,683.26,2025-08-24T19:16:55,pending,credit_card,Honduras,New James,5466.08
43410c62-7a68-47c7-8f37-5483642b05ce,728bb825-8334-485b-8f91-2d972ed36c26,Victoria Stephens,josejames@example.com,PROD-9076,Visionary even-keeled monitoring,Electronics,2,905.49,2025-11-04T02:41:29,cancelled,credit_card,Uzbekistan,South Melissabury,1810.98
cbdcebca-62b2-4cce-b7c1-07a14bfab5da,c5dd95e4-9b27-44a8-9037-807f2a85118c,Kenneth Johnson,anthony35@example.com,PROD-8137,Proactive asymmetric methodology,Books,9,62.83,2025-12-10T01:11:02,cancelled,credit_card,Suriname,North Ruben,565.47
1f445985-fa3c-4952-ab1b-75c580088b48,4a96c8dd-9811-42e2-adee-3fbdccc4c4f1,Rachel Wade,davidwhite@example.net,PROD-8150,Total didactic frame,Books,3,773.9,2026-01-01T02:18:25,pending,paypal,Seychelles,Jeffreyberg,2321.7
ba17267a-8957-4e4b-81ce-367182b635c7,01356613-cfaa-4549-97ae-4af5b6916ffb,Jason Miller,kevin46@example.com,PROD-1992,Customizable object-oriented benchmark,Sports,2,817.71,2025-12-29T09:48:34,pending,paypal,Anguilla,Port Brandon,1635.42
89c28b88-de70-4ed3-9fd1-2bab0e9c9758,40c0f5e9-7034-47ad-a85c-230dda3df725,Wanda Reyes,jefferymann@example.org,PROD-8466,Innovative solution-oriented algorithm,Food,2,158.41,2025-08-19T14:23:40,completed,paypal,Bulgaria,Fordshire,316.82
cc6a03fe-d3bf-4c8d-b92b-19b70dd0178c,dbd2faab-d607-4ad3-ba3e-b6605aff9a02,Tiffany Nelson,lisa26@example.net,PROD-7372,Programmable exuding definition,Electronics,8,288.96,2026-04-16T13:48:42,pending,paypal,Australia,Lake Deborah,2311.68
53d9f5b6-ac12-4c0b-84cf-132d5c220d6a,062c201d-136b-430f-bcf7-8308e13ea3a5,David Nelson,elizabeth97@example.org,PROD-8647,User-centric logistical solution,Clothing,2,905.82,2025-11-06T16:12:34,completed,credit_card,Qatar,Port Jonathan,1811.64
24189fc5-e396-42a5-b459-4c8c3988dda4,b194a71a-fdfa-440a-a8f8-9d38252fc6cb,Mary Stafford,bennettadam@example.net,PROD-8574,Up-sized regional hardware,Food,6,658.8,2026-02-12T22:18:42,completed,bank_transfer,Norfolk Island,Davisside,3952.8
e3de1996-7d9b-4d43-afbe-b9b83489c718,a2312811-6f4a-498f-b080-1c0d4d2d4d05,John Soto,gonzalezwilliam@example.org,PROD-4209,Visionary scalable emulation,Books,5,16.3,2025-08-20T17:05:52,cancelled,paypal,Solomon Islands,North Mark,81.5
6b4cac49-6f95-40b7-ab9f-b7a440a2b3b7,00886db7-c6c1-4ebc-94da-0f723653185a,Nicole Cox,mary40@example.org,PROD-1836,Enhanced asynchronous open system,Electronics,10,223.8,2026-03-22T01:35:29,completed,credit_card,Azerbaijan,Smithmouth,2238.0
0fda4176-adef-46fe-aabf-64fd17a52c75,6b95eb50-f249-4f56-838b-b8896de8f7f6,Nicholas Hernandez,upaul@example.com,PROD-7209,Distributed 6thgeneration attitude,Food,8,966.63,2025-08-06T02:29:16,pending,credit_card,Norway,North Elaine,7733.04
46dbffa9-45c6-4d0e-8268-220fdfd496d7,74d67551-52ec-4617-9449-9ad0a1ff891d,Daniel Bird,davisalejandra@example.net,PROD-7850,Operative secondary artificial intelligence,Sports,10,598.38,2025-10-06T23:41:20,completed,bank_transfer,Finland,North Robertstad,5983.8
d610836f-8aa3-42d6-a7e1-4d5ade06c1c1,7ff830a8-999a-4556-a9e3-658e4e9a95ef,Elizabeth Santana,bradleybryan@example.com,PROD-9697,Cloned intermediate benchmark,Sports,10,333.83,2025-09-05T16:23:18,completed,credit_card,Portugal,East James,3338.3
0ebd9550-139e-4017-97d0-da291c3459e3,841bc83e-38ed-471a-aa7b-bff726f25dc3,James Stanley,william04@example.com,PROD-3635,Persistent analyzing pricing structure,Clothing,9,940.8,2025-06-02T04:22:24,completed,paypal,Guinea,Alexanderburgh,8467.2
154b6ec1-abec-4eff-8f79-8309dc03c07b,7865d1eb-5cff-444f-8e39-2883ba7d87e6,Megan Dawson,erodriguez@example.net,PROD-4848,Customer-focused object-oriented secured line,Clothing,5,507.47,2026-03-18T16:59:48,cancelled,credit_card,Paraguay,Marcusview,2537.35
1e3c1378-a0af-49eb-bcba-4bef7ff3f2bf,9c7124db-0a52-4ce5-8794-1725dcc6919d,Kevin Henson,mialane@example.org,PROD-6611,Focused 24/7 capability,Food,5,135.68,2025-12-12T14:14:16,pending,bank_transfer,Mauritania,Meganfurt,678.4
a4ccb69c-8bf7-40fe-b959-0f4e4643e6b1,4b34a83e-60b2-4aff-848e-b9510e507f63,Jorge Greer,bsmith@example.org,PROD-5127,Mandatory directional middleware,Food,8,500.83,2026-04-01T21:31:15,completed,paypal,South Georgia and the South Sandwich Islands,Port Jacobshire,4006.64
1794c7ee-7ab6-442f-aa51-1d2754d096cc,d5c5b16d-4d16-4b13-ad92-9689c11bb3e6,Margaret Griffin,hrussell@example.net,PROD-3115,Networked leadingedge Local Area Network,Sports,5,370.68,2026-01-31T02:28:56,cancelled,bank_transfer,Malta,Lake Patricia,1853.4
2ad9fa83-91c0-4144-a4ce-037a87d8d702,a7e96f01-bd85-4859-8de3-b7a1c917df6c,Michael Escobar,wcarroll@example.org,PROD-3300,Multi-tiered disintermediate flexibility,Clothing,5,552.06,2025-12-24T04:20:29,cancelled,bank_transfer,Suriname,Garciamouth,2760.3
cb77f586-378b-4ceb-82e3-59614beaa9e1,9fcd815d-51a5-4b6d-b59c-580f974e3c66,Mitchell Wright,egarcia@example.net,PROD-3526,Visionary optimal structure,Books,7,898.45,2026-03-04T17:50:13,cancelled,credit_card,Cook Islands,New Christinehaven,6289.15
2c65b121-9902-4320-8a0d-4cb80629bba6,ba1a8ed6-5b88-43dd-b912-8e8d962704ed,Travis Alexander,williamgarcia@example.com,PROD-9606,Inverse tangible toolset,Food,1,318.61,2026-01-11T20:00:00,completed,bank_transfer,Azerbaijan,Aliciamouth,318.61
2b8eca92-398f-480e-ad05-cfd9f9393a68,f2b09764-6393-401a-8986-b5632a936520,Kim King,rachaelmiller@example.net,PROD-6168,Compatible methodical adapter,Food,5,911.38,2026-02-15T06:38:06,pending,credit_card,Nigeria,Allenport,4556.9
a9b645eb-52ec-4593-b951-d6ea4cfba166,bf09d145-106c-4274-b8c1-e8d5d28078b1,Kevin Johnson,travis26@example.net,PROD-3886,Polarized zero-defect frame,Electronics,8,505.78,2026-02-01T00:15:22,pending,bank_transfer,Congo,North Erictown,4046.24
afbd5640-8dfb-4f3b-9c0f-be68fed8156b,c84e89cf-2fc4-4a8f-bd74-feb51fb660fb,Jerry Contreras,chrisfrederick@example.net,PROD-6987,Centralized zero administration concept,Clothing,5,912.64,2025-06-14T09:45:42,cancelled,bank_transfer,Faroe Islands,West Karen,4563.2
4319f70e-895e-47af-b1bc-73d74e6f342d,d1e1f097-8136-4d4b-b06d-38281b6ba089,Jordan Ruiz,xlong@example.net,PROD-8859,Triple-buffered dynamic website,Food,9,573.13,2025-11-17T00:19:37,completed,paypal,Swaziland,Lake Mitchell,5158.17
a28fc735-649d-41ae-b56b-cdac47e47771,dde5851b-674e-4785-9082-d927a72a8c72,Nicholas Miller,beckyhodge@example.net,PROD-6945,Pre-emptive fault-tolerant attitude,Food,5,969.69,2026-02-13T23:08:34,cancelled,credit_card,Senegal,Riveraburgh,4848.45
324630be-071a-45f4-b601-ba9ed79463c2,39f0b8de-3d2a-4b0d-aba4-54bf95df4ef3,Norman Webb,adamsrachel@example.org,PROD-4904,Fundamental heuristic architecture,Books,7,430.42,2026-03-25T08:45:10,completed,bank_transfer,Malta,East Darius,3012.94
ee1edd05-ca66-4b50-ae8f-ad9511c4c802,cf08ab4a-67a0-41cb-b7cc-177fb39df40f,Jacqueline Harris,thompsonjoyce@example.net,PROD-1276,De-engineered tangible capability,Food,3,346.01,2025-12-12T07:56:29,completed,paypal,Lebanon,East Lindafort,1038.03
890e645b-df8b-4a3c-a792-06a7271e39e4,f97ab635-320e-4688-980d-ff9a986b9ca1,Denise Kemp,justin38@example.com,PROD-7900,Triple-buffered asymmetric success,Books,2,59.6,2026-01-13T22:47:53,cancelled,paypal,Haiti,West Donald,119.2
ce54c19c-ea44-4556-ba28-47672dd79370,e85b3e3a-2ac7-46ab-9198-b3f24aa6b78b,Robert Baker,rjohnson@example.net,PROD-7512,Managed regional system engine,Books,9,178.48,2025-07-18T04:41:36,cancelled,bank_transfer,Sri Lanka,Lake Lauraside,1606.32
c184dcbb-64c9-4e72-9c5c-2890967bf4a3,7bcdec00-b9a9-4cde-8906-3d57a9fecfa9,Alec Mcdonald,floresnicholas@example.net,PROD-5505,Managed fault-tolerant alliance,Books,9,523.01,2026-03-10T18:42:28,completed,credit_card,Nicaragua,South Justinburgh,4707.09
646e6695-82ac-43bb-9722-76465b5a9012,882dbd7d-ad43-4a43-8ff4-c8bec6430a93,Leonard Gray,thompsonmelanie@example.com,PROD-7836,Self-enabling bifurcated capacity,Clothing,5,431.04,2026-02-28T09:08:33,cancelled,credit_card,Mali,Lopezshire,2155.2
ea801a42-eba1-41b1-b276-795094fbf0d9,81f8128f-494e-4c88-a285-41deeeb44436,Oscar Parks,lgarcia@example.org,PROD-8864,Operative real-time productivity,Books,9,533.35,2025-06-05T00:28:35,pending,paypal,Kazakhstan,New Kimberlyshire,4800.15
1b54c3ba-2d66-4711-aeba-1e1b33748a50,b3cdaed7-070f-42a2-b674-9cc7bda2147d,Anthony Carlson,jackhill@example.com,PROD-2062,Automated explicit paradigm,Sports,2,136.6,2026-03-09T04:33:36,cancelled,paypal,Hong Kong,North Barbaramouth,273.2
a40f3fd7-41b0-4b23-9d41-b54b035be80e,1b37ddd1-a463-46db-bc3e-4d3dfbae60bf,Allison Brown,sophiajohnson@example.com,PROD-1610,Front-line needs-based utilization,Clothing,1,62.9,2025-10-25T07:50:06,completed,credit_card,Denmark,East Scott,62.9
a2c821a4-7d10-4f0b-8413-6a5385f7619e,cbcbdcd7-93e9-4447-bc58-9f3959aabb67,Amanda Anthony,amanda51@example.net,PROD-8732,Exclusive 6thgeneration policy,Sports,3,956.99,2026-04-07T11:50:48,pending,paypal,Zambia,Howardberg,2870.97
3e46c074-a0fa-4286-90fb-64dec7e1b7c1,388af639-0999-403e-9633-05b5e0126135,Mary Fletcher,zharris@example.org,PROD-7061,Exclusive reciprocal attitude,Clothing,3,846.2,2026-04-11T17:53:18,pending,bank_transfer,Argentina,New Sydney,2538.6
3cc8d3c2-db2b-4b6e-9215-8675fa37a8a4,e6c2406d-517b-4e5a-b816-671ec2fdb5d5,Jamie Kennedy,mcfarlandjohn@example.org,PROD-4272,Enhanced secondary success,Clothing,9,719.88,2025-07-10T22:35:49,pending,paypal,Brunei Darussalam,Deannaview,6478.92
7b8f4b0d-52d8-406e-99cc-2a41d48a9df4,a95f3c45-f047-4ab5-ace2-034592f876f5,Melody Baker,ambergrant@example.net,PROD-9678,Self-enabling object-oriented definition,Sports,7,848.5,2025-11-19T03:34:30,cancelled,paypal,Algeria,New Chad,5939.5
8f2a4e73-0cbf-4adb-b78b-62e290679566,a22f92d9-d2a1-497f-8dfb-d7c82b35b921,Ashley Ponce,martinezmelinda@example.com,PROD-2859,Polarized 4thgeneration archive,Electronics,1,445.32,2025-07-19T14:23:11,cancelled,bank_transfer,Liberia,Paulstad,445.32
5c81a791-7182-4228-be9d-885aac7aec1a,8e95802a-ab3b-46f3-bc4f-4e059154fe92,Marie Howell,jordancraig@example.com,PROD-6351,User-centric contextually-based capability,Sports,2,679.95,2025-08-30T06:30:25,completed,credit_card,Belgium,North Chloe,1359.9
dcd1bf70-50d4-4053-9b10-678f90f46c3c,77b2e810-dc2f-4a61-a66c-f815fce7771a,Jonathan Flynn,zbenjamin@example.net,PROD-2371,Focused reciprocal access,Food,5,872.87,2026-03-02T14:11:48,completed,paypal,Isle of Man,Lake Allenmouth,4364.35
20242977-39c2-4d7a-b04e-646a1d0e0fbb,dd501377-59c1-4653-92f3-e3d4cd79d4a3,Andrew Perry,james24@example.org,PROD-9780,Enterprise-wide optimal workforce,Electronics,7,996.53,2025-11-10T07:28:03,pending,bank_transfer,Denmark,South Tina,6975.71
90871494-f72a-4d6c-b0ae-b4640350eb8b,f5ee1859-cd7e-4656-a827-ef405fdf5faf,Tina Richards,stephen63@example.com,PROD-8972,De-engineered dynamic strategy,Electronics,7,506.26,2025-08-18T03:20:41,completed,paypal,Montserrat,West Johntown,3543.82
603a2e10-4019-4eb6-b1d2-5f8cee88dbff,707156a0-9616-4a5b-a5d3-5ddf9d2582f0,Mrs. Amanda Tucker MD,maryroman@example.org,PROD-5780,Reduced logistical open system,Electronics,1,145.03,2026-01-08T08:45:02,cancelled,paypal,Cote d'Ivoire,North Daisyport,145.03
8b350093-41c7-420c-9556-8f33057061ad,a7abdf82-2edb-4836-99fb-6fc87938dabe,Paul Wilson,tracey18@example.net,PROD-3849,Ameliorated even-keeled migration,Books,7,159.27,2026-01-21T10:01:57,cancelled,credit_card,Guyana,New Sophia,1114.89
ac80ec05-fffc-456f-850d-d4766fce408f,27dcc878-fc9f-4c7a-9e00-6bce3d6c908e,Carl Garcia,qbrown@example.com,PROD-1857,Quality-focused bandwidth-monitored definition,Food,10,935.56,2025-08-25T04:12:09,pending,bank_transfer,Guam,Justinmouth,9355.6
28f5e808-6b40-481b-a560-566e6b2d09bb,469c03cc-703b-4289-91a7-cd3116600cce,Michelle James,nicole84@example.com,PROD-8041,Triple-buffered multi-tasking groupware,Clothing,2,441.49,2025-07-05T11:02:07,pending,credit_card,Saint Helena,Kellistad,882.98
6848a8a5-c5f8-42ee-97b2-e9d2d6058f35,a34aeccf-44df-44e6-9156-92901d6cc41c,Melanie Hall,berrysandra@example.org,PROD-7013,Distributed grid-enabled framework,Clothing,10,646.87,2025-06-15T20:36:54,completed,bank_transfer,Samoa,Stephenchester,6468.7
1872207a-4d30-4515-9f6a-b4d81664464c,7ee2ca4e-d1d9-41dd-8075-bee0b0ddfbd5,Johnathan Campbell,amberwilson@example.com,PROD-8111,Re-engineered modular implementation,Electronics,5,68.02,2025-08-31T18:15:45,completed,paypal,Timor-Leste,Duranstad,340.1
a88c7f96-e202-429b-a339-900f8968ad65,3c53b670-7915-434c-ac30-c5e51d20faa9,Anne Donovan,umiller@example.org,PROD-1422,Decentralized dynamic focus group,Sports,3,555.35,2025-12-10T17:57:17,completed,credit_card,Equatorial Guinea,Lake Josephstad,1666.05
e97b3a51-fdcd-451a-9674-3873d322da65,8003be3a-7c2b-48a4-9326-b8f378f483c9,Jacob Garza,paulmercer@example.net,PROD-9004,Self-enabling zero-defect process improvement,Sports,3,225.0,2026-01-04T19:29:19,completed,paypal,San Marino,Jonesview,675.0
07f89ba7-39ad-46b5-a82b-ceb6d134e12c,a2d9384a-50f7-40ca-ac25-03a49e4dd6e5,Lori Johnson,paulamartinez@example.net,PROD-7266,Enhanced intermediate software,Food,6,107.22,2026-03-27T09:34:50,cancelled,bank_transfer,Moldova,Williamsport,643.32
b53743c2-bd4f-4acd-82af-24b7bb0f6430,9b1cc95c-ab6c-4477-b76b-59421c520960,Mary Howard,gracejones@example.org,PROD-8705,Multi-lateral secondary synergy,Electronics,4,970.27,2025-06-07T21:49:25,completed,credit_card,Saint Barthelemy,Lake Bethanyburgh,3881.08
28fd94a7-a4d4-4df6-b8e9-47ab64d03be3,66a784aa-9119-40b5-8bfd-7d67c07bfb50,Mary Wiggins,fisherbrandon@example.net,PROD-1612,Expanded empowering adapter,Food,7,572.26,2025-07-02T17:20:09,cancelled,paypal,Ukraine,West Donaldborough,4005.82
4e474c4a-b727-48ee-a4d7-cbe064a0588f,4606f61c-e2fd-4879-928c-d21d0c74290b,Dawn Carter,woodardsamantha@example.org,PROD-2474,Secured cohesive toolset,Food,5,488.85,2026-04-10T13:52:12,completed,paypal,Luxembourg,Port Jennifer,2444.25
9344999d-6530-43f5-9139-6b976826953f,714030bf-3c30-4f90-850a-f5f3c7e44806,Amanda Jacobs,hrodriguez@example.org,PROD-1696,User-centric impactful productivity,Electronics,7,610.07,2025-08-07T19:06:38,cancelled,bank_transfer,Austria,New Michaelfurt,4270.49
414c9503-a9fa-4221-887a-7721e73c7d43,d18b532d-d9df-47ca-84ee-6c6e6a285fb5,Leslie Combs,hoovermaria@example.net,PROD-8689,Universal neutral instruction set,Sports,1,225.29,2025-12-29T05:17:36,pending,bank_transfer,Bahrain,Williamsonton,225.29
1d0b0f45-1574-4005-8a6a-38fa9e763640,d6f9a360-1a06-4f0b-becd-3665c93f5e0b,Alexis Nelson,josegarrison@example.com,PROD-4784,Customer-focused background capability,Books,7,982.38,2026-05-08T08:37:57,completed,paypal,Central African Republic,Mejiabury,6876.66
189c0627-21a7-409e-b661-850d68aef4b7,90d17427-49a5-4343-8177-27ad776350b4,Julia Christensen,schultzdeborah@example.org,PROD-3927,Quality-focused radical instruction set,Food,2,343.19,2026-03-01T14:34:08,cancelled,paypal,Tuvalu,Kendramouth,686.38
354d156d-4add-4f09-9854-17a2d737e384,88f78108-ad27-4200-90c4-5066ac025443,Fred Lopez,meyerjason@example.net,PROD-6174,Secured modular contingency,Clothing,2,788.17,2025-12-01T01:06:54,pending,paypal,Western Sahara,Angelaborough,1576.34
0ab9ca84-7a58-4e38-ab92-bd6c1a9f49d3,0ff0c6aa-4107-483e-9ba3-699d6d40b608,Jay Davis,tkeller@example.net,PROD-9814,Profound high-level customer loyalty,Electronics,4,403.89,2026-02-02T00:25:34,pending,bank_transfer,Solomon Islands,South Ryanland,1615.56
607b14bd-7588-4671-8b26-aa14a33b26e1,cd0044d0-8753-478a-bf1e-82fd7406c4f1,Jimmy Bowers,tarmstrong@example.com,PROD-3565,Focused mobile info-mediaries,Food,9,218.58,2025-11-20T21:08:56,completed,bank_transfer,Mexico,West Tylerside,1967.22
1bfe48ac-b9f0-4b65-a90d-74b8e36a5744,3fc8dab2-3ca9-4899-8ef6-a0c15a341c40,Patricia Fields,mary47@example.net,PROD-1666,Assimilated fresh-thinking intranet,Sports,8,193.65,2026-04-20T12:25:35,completed,paypal,Czech Republic,West Lauraville,1549.2
7621b183-1fba-4aa1-8ae9-a59d9ee7eee9,38c6d21a-bd0d-4fe8-b770-9a83dd3e35cc,Patricia Franklin,davidchavez@example.net,PROD-9545,Mandatory hybrid knowledge user,Sports,1,473.66,2025-12-05T11:29:07,pending,paypal,United States Minor Outlying Islands,Mcclainmouth,473.66
d3b827eb-1c06-489e-851b-578635f33f4e,7cffb711-3e83-4286-89a7-0035b6ae9996,Bryce Arellano,kruegercarrie@example.net,PROD-4901,Fully-configurable zero tolerance firmware,Electronics,8,39.06,2026-03-13T07:28:26,completed,bank_transfer,Antigua and Barbuda,Marshmouth,312.48
e4d5080b-ca16-4fa1-9c7c-a5ca8ed53e81,1ee1842f-b456-46bb-ba00-084129623706,Michelle Dunn,bridgeschad@example.org,PROD-8650,Synergistic optimizing ability,Clothing,9,611.23,2026-05-01T15:16:17,completed,bank_transfer,Bahamas,Port Andrea,5501.07
ac7a7495-7c12-45a1-8ab3-78cfae12cb34,98917cfd-f531-44a1-9857-5dc9ef771c1b,Shawn Torres,lindsay03@example.org,PROD-2751,Diverse bi-directional adapter,Food,4,767.01,2025-11-03T08:43:53,pending,paypal,Mozambique,Christineville,3068.04
f24886db-8892-4a4d-ad98-5a272bea2081,0f195e16-51ae-4dcc-b90b-b7af71b0bb33,Dr. Linda Baxter,kelleylaura@example.net,PROD-7106,Intuitive fresh-thinking installation,Food,8,52.16,2025-06-29T03:59:27,pending,credit_card,Sweden,West Zacharyview,417.28
93d46915-dafa-4d7c-830a-a186f20e9b1a,5a13dbdd-1825-4151-bdec-c8acf8a2c194,Michael Gallegos,cortezlauren@example.org,PROD-3021,Face-to-face tertiary complexity,Food,3,919.57,2025-07-17T15:34:13,pending,paypal,Cocos (Keeling) Islands,Franciston,2758.71
37ab196b-bd11-4b3c-878b-954277c9bd75,487734a1-d0a5-4349-8bf0-b602dab54411,Dr. Sheena Snyder,katherinepittman@example.com,PROD-1323,Decentralized explicit open architecture,Food,10,126.55,2026-05-09T10:06:35,completed,bank_transfer,Netherlands,New Danielchester,1265.5
9cb8ab84-c5f7-4786-8187-898b62aed3a9,b3b477d1-b4f9-440a-b671-1a052b374ec3,Jared Griffin,lisamason@example.org,PROD-9062,Integrated executive Graphical User Interface,Books,8,275.3,2025-12-15T05:08:18,pending,bank_transfer,Kuwait,Port Elizabeth,2202.4
743e838a-9cd2-4ad9-990f-47f62e5e9b0b,0424cb87-b579-48a8-a7a2-3718d3e06bd6,Michelle Butler,kylesanchez@example.net,PROD-7251,Horizontal radical time-frame,Food,1,933.54,2026-03-06T14:23:30,cancelled,paypal,Lao People's Democratic Republic,Holdenfurt,933.54
8cdcbb3c-099b-4fc8-8690-0fda979b2b72,df4ed1d7-d05b-4b58-b332-a8f968263b19,Natasha Mathis,samuelharvey@example.com,PROD-6172,Ergonomic discrete focus group,Clothing,8,434.29,2025-10-01T06:18:01,pending,paypal,Rwanda,New Brad,3474.32
3b8f679a-9a9e-450d-a096-765edb62793b,8efa863b-8c29-4a54-a406-22d16ca1ccce,Holly Pearson,xcamacho@example.com,PROD-9186,Seamless even-keeled adapter,Clothing,10,556.99,2025-09-23T03:53:59,cancelled,credit_card,Malawi,North Patriciabury,5569.9
722eb244-9d9b-4753-8381-800266936ac2,61c15863-5fdb-474e-bac4-308a0ae4edb4,Mary King,clintondawson@example.com,PROD-6068,Profound stable Internet solution,Books,10,966.18,2026-01-04T13:03:09,pending,paypal,Nepal,Lake Sarah,9661.8
1f9b6d0a-a5b1-4a86-a568-33bf72b9907c,2599a5a7-00c5-4969-8221-b8dd440cd6ab,Stephanie Carter,karen59@example.com,PROD-6370,Open-source tangible pricing structure,Sports,8,942.75,2026-01-20T14:59:39,completed,bank_transfer,Qatar,Billchester,7542.0
df9ec647-171d-4f4f-a228-38464ebcc10f,e9b851a9-549e-44ba-810c-a5d76d926d18,Jonathon Barton,timothy68@example.org,PROD-6331,Synchronized systemic Graphical User Interface,Clothing,2,636.21,2025-10-14T13:44:35,completed,bank_transfer,Gambia,Millerview,1272.42
c6e953fc-4073-404c-a41a-220b99b304a4,9955a991-30c6-4435-a5e5-d94b8940ce3e,David Reyes,stevejuarez@example.net,PROD-3422,Synchronized foreground protocol,Clothing,5,602.32,2025-08-13T02:21:02,cancelled,credit_card,Saudi Arabia,North Jacob,3011.6
e5ed0e65-b483-411b-b4c1-44ac78e723bb,eafd1f04-fff4-42aa-843d-23c4f96a5997,Kelly Silva,lisa12@example.org,PROD-2246,Advanced motivating strategy,Clothing,4,23.41,2026-04-11T00:11:10,pending,credit_card,Reunion,North Hannah,93.64
6ecc58ef-5986-44fe-939e-c2a7e6d5a02b,9fbb54cd-6770-45b3-ad46-934b792c503b,Mrs. Julia Gonzales,qburgess@example.net,PROD-6246,Compatible background support,Books,9,46.73,2025-09-07T20:34:23,completed,credit_card,Bolivia,North Gail,420.57
f82c47fe-4a72-4754-82b9-fc95b354c5a5,9d723499-f5b6-4b41-b1ef-b7e9a08bfa04,David Martinez,lloydpaul@example.com,PROD-6917,Enhanced homogeneous concept,Books,5,26.39,2026-02-01T14:15:38,completed,bank_transfer,Saint Pierre and Miquelon,Bergstad,131.95
1ffe8ae2-e0db-4ccd-9cf8-257a24cd8bf8,7383c5ed-0ecf-4a5c-87d9-70b72ad65a12,Lydia Goodwin,emilykelley@example.org,PROD-7612,Reactive foreground Graphical User Interface,Clothing,7,795.27,2025-08-03T16:55:36,pending,paypal,Saint Vincent and the Grenadines,East Kimberly,5566.89
2a8da366-de5d-414f-aba1-f162bd19d9ef,d44a1b5c-c922-4f0c-bf33-515bee51228d,Dennis Powers,rebecca03@example.com,PROD-2525,Multi-channeled bandwidth-monitored installation,Sports,2,798.06,2025-11-05T09:55:06,cancelled,bank_transfer,Tunisia,Port Jennifer,1596.12
6cc92881-3386-41db-ae64-01b9d16672fd,f907fbba-d10d-4dec-9581-e8a99a1e3832,Michelle Bradshaw,shawn67@example.net,PROD-5044,Balanced multi-tasking approach,Clothing,8,165.62,2025-10-10T20:03:55,pending,credit_card,Cook Islands,Collinsmouth,1324.96
1754bde1-dbf0-474a-b078-9befdbc4a439,f1bf3021-ce65-45c3-9de8-a73c0216fb6b,Meghan Miranda,richardsonrebecca@example.net,PROD-7342,Profound clear-thinking open system,Sports,6,632.5,2025-10-19T07:30:45,cancelled,credit_card,Suriname,Kendrafort,3795.0
c369116c-033a-44c8-99f5-55988efb1c1d,59635f76-fbe3-4857-8ba9-efa6f60f74ae,Christopher James,shannon44@example.com,PROD-5362,Stand-alone 5thgeneration workforce,Clothing,3,630.57,2026-01-27T20:17:45,completed,credit_card,Pakistan,Lake Craig,1891.71
44176f68-7e3e-4265-b30f-09f649c550e6,45e4438b-85bf-4f45-be5d-3c34b8bc5f96,Joseph Rodriguez,hallstephen@example.net,PROD-5395,Object-based multimedia superstructure,Food,4,395.26,2025-05-25T16:56:37,completed,bank_transfer,Bosnia and Herzegovina,West Michael,1581.04
63d4beed-f59b-47c1-95c3-f0ff76598b71,7e5e0df0-7035-4dad-b0c2-a53492bb3a4c,Samantha Haas,yjensen@example.net,PROD-8518,Enterprise-wide content-based infrastructure,Electronics,8,309.7,2025-09-08T04:44:36,pending,bank_transfer,Cayman Islands,East Nicholas,2477.6
db3ace63-3a65-4ae9-aaea-6f989bf332f3,b545bdb7-bb61-44be-9a5e-cb673884bea2,Sara Anderson,ralphbond@example.com,PROD-9355,Intuitive 6thgeneration definition,Books,9,514.42,2025-11-22T04:24:54,cancelled,bank_transfer,Montserrat,Nashborough,4629.78
d9c864a6-b9f3-49f1-8368-d10690d03c35,8275fc8f-9d42-406e-ade6-3029cfebb0b7,Dalton Mejia,haleydawson@example.org,PROD-9485,Phased explicit alliance,Food,2,789.37,2025-06-20T12:23:58,pending,credit_card,Hungary,East Sherylchester,1578.74
8bd257f9-9ae2-4cc2-8a3e-db86222ebf41,7bfc12a0-eed0-47b2-b4bc-b7a49f5ef66d,Clifford Perry,davenporttina@example.org,PROD-4270,Synchronized stable architecture,Sports,10,674.63,2025-12-09T02:23:41,cancelled,paypal,Honduras,Sharonview,6746.3
8a38fd15-ee0b-4cca-8d80-b8dd39125537,d57a2fd2-237a-4852-939d-d0f9be753012,Richard Russell,heidi90@example.com,PROD-6413,Pre-emptive foreground toolset,Clothing,9,321.95,2026-01-25T15:41:58,pending,paypal,Iraq,Katrinaview,2897.55
b665bb4d-6bc5-45d3-ba13-da6247173fef,d83b6992-8cd3-42f8-b90a-dd906f5dbd9a,Micheal Mcdaniel,reyesgabriel@example.org,PROD-2632,Optimized next generation frame,Books,1,668.09,2025-09-27T22:53:37,completed,bank_transfer,Tokelau,Millerhaven,668.09
20ca8562-4c8a-4d77-ad81-5a332db21e66,5c992750-aa64-49b6-a47c-f1bddf55a16a,Brandon Burgess,kathy73@example.com,PROD-8159,Networked tertiary product,Books,2,161.51,2026-03-07T01:09:09,completed,paypal,Gibraltar,South Marcus,323.02
d2bb26f8-86cf-458f-b32b-bdef00333e05,f9717d91-d153-4ccd-b5a3-620f1b371492,Christina Walters,spalmer@example.com,PROD-5816,Devolved fresh-thinking firmware,Electronics,5,374.75,2025-06-03T19:07:18,completed,paypal,Bahrain,Cunninghamhaven,1873.75
ea22626f-1bf3-491f-ae9f-ce714d7e7c89,bd89dd6f-bbc0-4992-ad58-261c11b2beac,Bobby Dyer,gracewalls@example.net,PROD-7437,Profit-focused radical success,Food,9,556.44,2025-08-03T20:44:44,cancelled,paypal,Aruba,Henryville,5007.96
4976ef01-1b98-4990-b8cc-c76d681d7e81,f2d45a25-7488-4400-96d2-ffca2e29cc9c,Ryan Robertson,amy52@example.org,PROD-3826,Cloned cohesive budgetary management,Electronics,3,982.37,2026-04-17T01:23:35,pending,paypal,Pitcairn Islands,Danielfort,2947.11
57ad7a3c-10a8-4ec0-b9ec-0f57d053b376,7057a907-2e29-4a0f-8484-20e1e393c2e8,Amanda Perez,phillipsjason@example.org,PROD-2975,Integrated static flexibility,Electronics,3,154.86,2026-03-12T18:09:50,pending,bank_transfer,France,Port Lisa,464.58
b55e8f99-698c-4ae0-b953-895a8f2bd582,086958b1-2cb9-4432-aeef-bd5dcaa0f6de,Jonathan Hawkins,monica96@example.com,PROD-8275,Triple-buffered exuding matrices,Food,1,724.39,2025-11-04T11:57:45,completed,paypal,United Arab Emirates,Natalieborough,724.39
e86a860d-101b-4f3a-b771-3bc3791b1f92,693f1cf4-ca21-4afc-8c04-6dde21df1551,Larry Green,sarah52@example.org,PROD-4765,Devolved 4thgeneration policy,Clothing,3,179.35,2025-06-26T10:27:27,cancelled,credit_card,French Southern Territories,New Eric,538.05
73c97505-699e-4ccd-89aa-813d44d31d47,94aea7f2-b7ee-400b-bc35-1210985ac04f,Linda Griffith,nicholasgarcia@example.net,PROD-2256,Self-enabling actuating analyzer,Electronics,4,586.56,2025-08-10T23:00:27,completed,credit_card,Kiribati,Burnettfurt,2346.24
99c00faf-14fd-4a72-927f-3ec71efd4da8,5df5bdbf-132f-455f-a41f-f443185d6556,Betty Williams,marcyork@example.org,PROD-3729,Cross-platform systemic software,Electronics,7,822.87,2025-09-15T06:57:42,completed,credit_card,Timor-Leste,Rodriguezton,5760.09
4024656c-4f44-4a0b-baf8-386db248914e,186dab42-b5d4-44df-8c8b-ad7e7e528610,Brian Martin,brian21@example.org,PROD-8140,Realigned fault-tolerant protocol,Books,4,231.91,2025-06-01T08:55:58,completed,credit_card,Nigeria,West Kenneth,927.64
8e4d965c-d0b5-415a-aedd-c53e131fefe8,032ed1fb-9616-494c-a208-d478e5e6bded,Paul Dunlap DVM,emily01@example.org,PROD-7446,Fully-configurable stable support,Food,1,135.9,2025-12-20T17:55:23,pending,paypal,Azerbaijan,New Christopher,135.9
9f8caa92-489b-47cf-920e-572620187c6e,37b2db38-21da-4eca-a567-a568ddd5a328,Mariah Carson,brittany01@example.org,PROD-7289,Integrated full-range neural-net,Electronics,9,618.19,2025-09-21T08:09:37,completed,bank_transfer,Samoa,Zacharyfurt,5563.71
cc97516d-04ce-4ffc-8c41-51665fd4460d,e6355170-8d8e-489a-a6b1-3d8ec7cdba1f,Joseph Robbins,brobbins@example.net,PROD-4403,Ergonomic system-worthy policy,Food,1,640.17,2025-11-07T20:11:16,pending,bank_transfer,Benin,Huntmouth,640.17
aff643d5-9937-41d3-87e9-17434aa31064,085b0fde-4e08-461f-9740-e5cfba28f958,Susan Robinson,joneskenneth@example.org,PROD-2649,Function-based even-keeled customer loyalty,Books,9,874.37,2025-12-27T06:54:36,cancelled,credit_card,Chile,Johnstad,7869.33
adc7b433-0e69-400f-844b-714fe6d5c294,55670448-6573-4858-aaa2-636664c647f8,Steven Ortiz,josekent@example.com,PROD-4275,Team-oriented 5thgeneration policy,Books,2,469.45,2026-05-16T23:33:50,pending,paypal,Mauritius,South Eddie,938.9
d825e76c-c0d1-4074-bcf0-e76a1186e105,bd27a7b7-dfd3-4de4-b7ef-1ba41618cf76,Stephanie Pineda,wmartinez@example.net,PROD-8316,Face-to-face dedicated middleware,Sports,2,576.95,2025-06-27T12:38:27,completed,paypal,Ecuador,Port Dustinburgh,1153.9
db4562bd-3f14-436e-bb1a-c60ff0fe5f90,d77844d7-b6dd-4a05-b131-0edaf072088c,Tina Martin,kbradley@example.org,PROD-9348,Function-based fresh-thinking groupware,Food,10,479.71,2025-06-25T03:23:56,cancelled,paypal,Panama,Sarahchester,4797.1
34bbe9ba-e8e3-4386-9a0f-d8e962a96e4c,a1fb9052-c05c-4144-bec8-09bebad4d82a,Justin Bell,lmurray@example.com,PROD-1183,Focused logistical firmware,Clothing,6,589.65,2026-02-01T00:21:03,completed,paypal,Belarus,East Terrance,3537.9
1c4255b7-db87-4288-b415-7e3add881913,136907cd-b553-4e0d-b6d3-178b5384147a,Tara Briggs,cmartin@example.com,PROD-6462,Multi-lateral logistical utilization,Clothing,1,819.96,2026-01-26T15:41:34,completed,bank_transfer,Bermuda,Higginsshire,819.96
7e2b1d21-2682-4c6d-8fc9-5e20d00f82f1,fa87145c-689f-41fe-96e2-8253bc5ce4c4,Brandon Nguyen,christinastone@example.net,PROD-6432,Intuitive 24hour orchestration,Clothing,9,276.17,2026-04-02T07:52:38,cancelled,bank_transfer,Eritrea,Walshview,2485.53
1f6d417e-c302-47d2-84b3-c6f27ecc40cd,b02ce1a3-a53e-4944-ac09-0954c673a7da,William Wyatt,randy79@example.net,PROD-9843,Virtual eco-centric database,Electronics,8,416.3,2025-10-30T10:40:53,completed,credit_card,Kazakhstan,Colemanside,3330.4
ab9674be-9e05-4a10-a654-ac8d46abe6ac,cda78225-cdbf-43cb-9382-078f2bbd4d71,Matthew Palmer,mary51@example.com,PROD-7648,Stand-alone 5thgeneration info-mediaries,Food,9,47.8,2026-05-21T13:42:13,pending,paypal,French Guiana,Bradmouth,430.2
8fec0226-cc10-4a08-98a9-2c866e6b6792,4f0a4f0a-cf0c-44bb-86a4-8fadbc8faea9,Kevin Salinas,grace65@example.com,PROD-8316,Ergonomic 24/7 parallelism,Books,5,803.34,2025-09-28T20:00:54,pending,credit_card,Argentina,Natalieport,4016.7
9f50b9df-2bf4-497a-a1e9-727ef5716896,acf6d70d-b172-4871-9d9b-f5400929c8d7,Kayla Castillo,whitepamela@example.org,PROD-8544,Vision-oriented contextually-based structure,Food,2,528.9,2025-12-22T18:51:46,pending,bank_transfer,Reunion,Valdezton,1057.8
09349801-ddf0-4b3e-a456-06a609ecf266,76ec3e8f-38f4-4c45-b46a-b254205a681c,Kayla Matthews,kayla72@example.com,PROD-5272,Customizable empowering structure,Sports,9,540.93,2026-01-15T06:17:45,completed,credit_card,Martinique,Albertmouth,4868.37
3540917f-f2e9-4af8-bb88-30e10227bb02,93e2c013-d23b-4206-a32d-1bfb0208ea42,Luis Wells,rachel41@example.com,PROD-9025,Devolved dedicated productivity,Clothing,9,52.69,2025-07-09T13:26:51,completed,bank_transfer,Fiji,Webbfort,474.21
e419ccb6-4a69-4f37-be6c-5d4d168cb6dc,dc8e931a-426a-44c3-9cc2-cf9430658be3,Adam Wilson,johnsondavid@example.net,PROD-8626,Multi-channeled holistic customer loyalty,Food,10,235.83,2025-11-20T16:13:22,pending,paypal,Chile,Kathleentown,2358.3
afd7bc33-7194-42ee-95a7-6020697559e0,b2fe8e03-e5e8-416c-a43f-4133f011063b,Monica Wilson,elizabethlogan@example.org,PROD-6831,Customer-focused object-oriented budgetary management,Electronics,7,385.56,2025-12-01T17:23:39,pending,bank_transfer,Lao People's Democratic Republic,Cooperhaven,2698.92
4466d62a-ca34-4cfa-8107-f6245442a3d0,93465d10-256d-48ab-9e12-6dccc7439390,Jesus Sims,ryangarcia@example.net,PROD-9732,Progressive user-facing firmware,Sports,4,30.23,2025-06-04T03:54:20,pending,bank_transfer,New Zealand,West Rodneyville,120.92
f8028f2a-0948-4b00-a86f-098f9f9fecd6,34ca644b-a5f3-44a6-a2f7-f272da530fcc,Rebecca Holland,josephwalton@example.com,PROD-4673,Synergistic system-worthy support,Books,1,183.23,2025-11-12T17:20:37,completed,paypal,Haiti,East Michael,183.23
a34d7af8-dcf7-4721-b787-8fe92be2d4fc,f023cee7-6626-4989-8fb9-062af4bd23aa,Ashley Fisher,lisa68@example.com,PROD-8992,Progressive clear-thinking capacity,Food,2,952.56,2026-02-03T00:01:20,cancelled,paypal,Pitcairn Islands,Jamesland,1905.12
0f6f39ed-1712-4b3e-b1b3-631b0ac4befb,dbc65f39-fec7-4cec-a428-2a684dc61ef9,Kelly Long,freyamanda@example.net,PROD-2790,Configurable client-driven emulation,Sports,10,129.79,2026-03-08T01:20:13,completed,bank_transfer,Ukraine,South Cherylhaven,1297.9
d9f8c274-7b02-45e5-954c-9fca73dbf06d,410a997b-f697-4aa3-bb63-c8314435cf2c,Mark Lucero,cjames@example.com,PROD-5684,Self-enabling zero administration moderator,Clothing,3,920.71,2026-01-03T21:17:19,completed,paypal,Guinea-Bissau,West Jodi,2762.13
ab07055f-8725-4ed0-af88-9c89d35d1597,fe279586-3ddb-467a-aa08-012acc9428dc,Ryan Forbes,salazarelizabeth@example.com,PROD-7741,Switchable bottom-line alliance,Clothing,3,898.82,2025-10-12T07:54:36,pending,bank_transfer,Northern Mariana Islands,South John,2696.46
60352949-dbbd-486b-b738-f7618e930484,1f81e496-9746-4d04-80b1-4b98e8cafccb,Dylan Curtis,danielle99@example.org,PROD-9399,Multi-channeled mission-critical benchmark,Books,3,881.46,2026-02-15T22:26:17,pending,bank_transfer,Libyan Arab Jamahiriya,South Kayla,2644.38
ac090fed-01bc-4775-bf1e-74fc678844d6,f16cd2c3-1117-4437-ae97-5fa59c6fe324,Veronica Massey,alyssa19@example.org,PROD-5611,Pre-emptive context-sensitive installation,Sports,9,383.07,2025-07-10T00:49:31,pending,credit_card,Turks and Caicos Islands,Walshborough,3447.63
f65459a9-1c32-4a37-bc95-d3fea43f49f8,a3b0e640-3441-46c8-9df5-5f217b149267,Darlene Duncan,ian98@example.net,PROD-9013,Customer-focused global help-desk,Sports,5,186.38,2025-06-18T07:02:53,completed,paypal,Central African Republic,Port Christopherberg,931.9
4c0f6c09-8904-4521-bde3-1e032f3ee75e,83c38f3f-1d85-4003-bec2-cef0182903ad,Lawrence Mcneil,ambergriffin@example.net,PROD-5758,Open-source 3rdgeneration archive,Books,3,667.67,2025-09-21T02:14:42,cancelled,paypal,Sierra Leone,Myersshire,2003.01
5a635f5f-ad75-475a-8fc7-97dbd8009d76,9adfd0bb-535e-4c5e-95ef-a1f11683e50a,Shannon Myers,deborah27@example.org,PROD-2219,Implemented multimedia moderator,Books,10,838.96,2026-05-02T15:48:50,pending,paypal,Kenya,Lake Jennifer,8389.6
8f154f05-a858-4e5b-851b-38511c4787d2,1624b116-f12e-4f3e-8fe3-0279c9d89ab6,Sharon Zavala,martinezkara@example.com,PROD-5818,Switchable dedicated toolset,Sports,3,26.35,2026-01-25T10:51:45,cancelled,credit_card,Luxembourg,Kimberlystad,79.05
470c7089-639d-4624-8a8d-cba981eec690,843d4d9f-5045-49ba-86e0-de26d20e3114,Reginald Palmer,gilbertcristian@example.com,PROD-1816,Switchable 3rdgeneration model,Electronics,8,824.56,2025-08-09T15:36:32,pending,bank_transfer,United Arab Emirates,Guerreroport,6596.48
6495b3de-efc5-4379-af25-ae898418fdc4,ce634895-81af-4095-8126-97fca221c942,Michael Blankenship,liurobin@example.net,PROD-8611,Compatible web-enabled open architecture,Sports,1,27.47,2025-07-05T01:00:52,pending,credit_card,Seychelles,West Angela,27.47
28d5cdc3-4721-4f88-b387-d4108b5024df,cbca5701-4cd1-4c09-a93f-6c6adfea4977,Nicolas Rodgers,keith96@example.com,PROD-1167,Face-to-face zero tolerance toolset,Books,5,102.92,2026-02-10T09:56:18,completed,bank_transfer,Jersey,Carmenville,514.6
46ed0d23-4f96-4bff-933b-0d1358fc1ce8,3722250a-741f-41fb-8229-e27024c82875,Louis Thomas,tdecker@example.net,PROD-3868,Visionary mobile benchmark,Food,4,110.89,2026-03-22T20:19:55,cancelled,bank_transfer,Montenegro,Wonghaven,443.56
760dcd81-2e3b-43c4-8bf6-1d85792378bb,fdb236d3-b9bc-4b2c-98f6-a322e536fbe3,Amy Fox,jessicamyers@example.com,PROD-7800,Ergonomic exuding projection,Books,1,851.38,2026-05-04T01:44:03,pending,paypal,Cuba,Lake Joshuaside,851.38
ab6b30d7-afce-4c13-aed1-07bcd4f83345,bbd31590-f183-4cbf-aaf5-4d3b0655d743,Corey Henry,kimberly40@example.net,PROD-5556,Distributed tertiary infrastructure,Clothing,5,880.2,2026-03-02T07:41:33,completed,bank_transfer,Reunion,Soniamouth,4401.0
44c1e2e2-726d-4ba5-a254-bd06ba488568,2d288d79-c0db-4e23-9bbb-922367e8c0f5,George Chavez,fmurray@example.org,PROD-1732,Virtual bifurcated toolset,Electronics,8,659.23,2025-07-20T02:12:14,cancelled,paypal,Singapore,Munozburgh,5273.84
23ec0708-5b98-4718-84d3-6f27d6e00180,cda3e445-50f1-4f83-bb2c-2efb35dfec24,Jeremy Wood,penaalexis@example.org,PROD-7457,Distributed bifurcated pricing structure,Electronics,6,861.63,2025-08-04T04:23:16,completed,credit_card,Malawi,Amandashire,5169.78
07370617-878e-4af1-bb8e-1785b17496b3,f308e5e1-40e8-4c87-9736-85188817c4bd,Rhonda Jones,mccartywillie@example.com,PROD-3696,Organized bi-directional time-frame,Clothing,10,617.21,2026-03-15T02:11:56,cancelled,credit_card,Isle of Man,Hamiltonmouth,6172.1
e2b863f6-d83b-4278-bed9-d8465fa37122,821a052f-eca6-455d-970e-99e83aacdbab,Jacob Grant,vlopez@example.org,PROD-3836,Networked methodical frame,Electronics,5,42.34,2026-03-08T11:02:41,cancelled,paypal,Vanuatu,Linport,211.7
d4c966d5-f625-4e2f-8afc-46cddeeb6314,bde9c768-7c7d-44d4-9906-b48bdd95bb66,Jill Lin,schroedercharles@example.net,PROD-2673,Phased empowering ability,Food,10,575.38,2025-11-28T21:47:14,cancelled,bank_transfer,Turkmenistan,Kevinfurt,5753.8
9c18b378-493a-4c7b-b69d-b9506a0b976e,130e013d-2d1e-4489-ac31-5f94e45e4763,Danielle Barnett,andrewherrera@example.net,PROD-4050,Innovative content-based system engine,Food,1,769.24,2025-10-31T01:10:07,completed,paypal,Korea,New Brittany,769.24
659944e1-8ab5-4a5c-ad40-4879faac0dd3,8ae00b59-6952-4de9-8e43-927f5058aca1,Jason Marshall,jeffrey12@example.org,PROD-6069,Reduced needs-based application,Sports,5,623.85,2025-06-25T14:23:54,completed,credit_card,Western Sahara,Farmertown,3119.25
f1666b1f-a746-4ef3-9fc0-bdd9213795dc,cdcdc18b-f912-49a0-b33a-23282d53690c,Alejandro Powers,christopherbrady@example.com,PROD-6267,Synergized clear-thinking knowledge user,Food,1,420.16,2025-09-17T01:00:06,pending,credit_card,Macao,South Ashleyton,420.16
0f719cb0-d113-4f1c-b68b-b05609652ee1,e7379c3e-d742-4bf1-83b6-f54922625bad,Jane Waller,npeterson@example.net,PROD-4213,Realigned homogeneous software,Electronics,10,379.98,2025-09-27T14:44:28,pending,credit_card,Reunion,Kellytown,3799.8
b0595064-ac71-4307-99ef-885057c5c1b3,f32c62a5-e893-4285-8e6b-66ff35dbf72d,Sandra Shepherd,tfreeman@example.com,PROD-5814,Ameliorated context-sensitive synergy,Clothing,3,533.99,2025-10-09T17:35:04,completed,bank_transfer,Central African Republic,Barbaraland,1601.97
d93598af-bec9-4e54-8207-d4423031e742,ef8f85ad-c8a7-4769-8671-27af8f31432d,Jenna Jones,leefred@example.com,PROD-8075,Synergistic object-oriented frame,Sports,1,363.92,2026-02-08T01:18:49,cancelled,credit_card,Jordan,Port Heathermouth,363.92
49495076-6ba8-41a4-9121-12000ff16616,dc220bbf-89a7-48d9-a146-40188a6e54c7,Tracy Massey,wfisher@example.org,PROD-5196,Virtual clear-thinking superstructure,Sports,1,270.33,2025-08-15T11:03:08,cancelled,credit_card,Tuvalu,Andrewsside,270.33
335639b2-139d-4cee-a98e-d18568e99f53,9cfe52c4-0665-49ca-892e-38c425de3c8f,Jeffrey Ellison,brussell@example.com,PROD-6185,Persistent 24hour contingency,Food,9,586.94,2025-06-15T21:10:55,completed,paypal,Norway,South Madison,5282.46
c5436af9-b339-4a1d-aa53-1a619f45615d,20dce8c0-d5d3-4478-a0e2-ae2dc1b459d5,Lucas Hayes,philipvaldez@example.com,PROD-4441,Reduced coherent circuit,Books,8,220.61,2025-06-12T15:16:51,cancelled,bank_transfer,Belgium,Morrishaven,1764.88
b878ead0-f1e0-4ba2-80a9-3843ad59c3d2,420e089d-b1fb-49f9-9e2f-8dd794d92f00,Daniel Schmitt,pwatson@example.com,PROD-4040,Re-contextualized hybrid projection,Books,6,669.25,2025-07-05T08:24:13,cancelled,bank_transfer,Brunei Darussalam,Rebeccatown,4015.5
795b5d06-5681-4e0a-968d-30ffac51a621,bd20794c-adfc-4c44-91a6-bc58520b5af9,Deborah Stewart,mannsteven@example.org,PROD-9156,Compatible attitude-oriented capability,Electronics,9,940.24,2025-08-14T02:19:05,pending,paypal,Cook Islands,Maryton,8462.16
6ce8087a-04b3-4b5e-9002-3a5081c0421a,7e5b5c77-2cea-46ba-8207-ecd24248431b,Samantha Garrett,lguzman@example.com,PROD-7777,Fundamental national help-desk,Electronics,6,315.97,2026-03-30T14:42:33,completed,bank_transfer,Samoa,West Richardshire,1895.82
06dd4361-8b57-4567-8845-db86629c04c8,7029f7d4-bb10-4449-be6b-cacb687e957d,Donald Hutchinson,arielolson@example.net,PROD-3346,Visionary contextually-based adapter,Clothing,1,556.27,2025-10-24T21:14:50,pending,credit_card,Guatemala,Port Edwardport,556.27
3bd64c94-8460-49ee-bee1-09922bd636c3,02236683-7833-48c8-b0e7-c7d9f2a620e9,Scott Matthews,erinarias@example.net,PROD-1436,Extended next generation encoding,Books,1,481.43,2025-06-26T13:37:26,pending,credit_card,Georgia,East Cindyshire,481.43
af8ec356-40cb-432c-9304-bd5300713f17,a272c3a1-5b96-4b4c-ac79-4aaafc89fdf4,Karen Phillips,jerry84@example.com,PROD-9052,Managed empowering open architecture,Sports,6,632.33,2026-01-18T05:29:13,completed,bank_transfer,Sudan,Griffithberg,3793.98
bee758a7-6741-46a3-b0e2-0b39bc52d303,e2809bd5-60c4-4d32-8f38-59a96e5cab66,Lisa Pratt,leachlee@example.net,PROD-3391,Assimilated disintermediate hub,Sports,6,210.13,2025-12-15T16:27:28,pending,credit_card,Isle of Man,West Patriciaside,1260.78
0b5fb70e-c24f-4a4d-8cd9-cb617b0deb94,08c6ff3b-075f-4a01-bcbc-dac24014bcec,Amber Carpenter,taylorbenjamin@example.org,PROD-8567,Seamless bi-directional success,Clothing,3,232.58,2025-11-03T11:28:51,cancelled,bank_transfer,Gambia,Port William,697.74
d6fb830b-ccc8-45ec-b375-2ca982c09d78,4c78a459-9c73-423a-8321-c188a6a97a92,Rebecca Morgan,bettynichols@example.com,PROD-4997,Reactive foreground data-warehouse,Electronics,8,46.23,2025-07-25T18:58:01,cancelled,paypal,Mauritius,Pittmantown,369.84
2feea09e-e31a-407a-b32a-cb688225cce8,8a877f24-6b8f-4c80-afd0-2a728dc44317,Alison Underwood,deannaweber@example.com,PROD-2804,Optional content-based architecture,Electronics,3,685.45,2026-03-14T08:48:50,cancelled,bank_transfer,Singapore,Davidmouth,2056.35
66262756-d55e-4628-92ec-59c3f5aeac16,6ae2dce8-55a9-4fa4-9d8a-e31e4afb1663,John Douglas,coloncharles@example.org,PROD-1911,Proactive 3rdgeneration migration,Food,10,102.5,2026-03-10T19:23:19,cancelled,bank_transfer,Pakistan,North Brianborough,1025.0
c90e9646-89de-4a7b-b9c2-262febd3bee4,912bf22f-a105-4ab0-8c19-1b940b4ec825,Brandon Frazier,davisrita@example.org,PROD-9584,Right-sized mission-critical superstructure,Sports,3,350.92,2026-01-14T20:59:38,completed,credit_card,Iran,Mcguirebury,1052.76
fc883972-5750-4834-a06d-2a3312f51ab2,ab7772b1-973d-4545-9305-822e141d29ee,Jerry Flores,bwebb@example.com,PROD-7240,Decentralized interactive migration,Food,6,230.43,2026-03-17T16:34:14,completed,paypal,Korea,Johnsonberg,1382.58
beb1c85f-510c-4f41-acfc-f771de3bc601,3f7221c8-58ab-4e11-b8b6-ebf0ab90c9f8,Ana Kim,lopezalan@example.net,PROD-6491,Customer-focused fault-tolerant ability,Electronics,8,19.75,2025-09-03T07:03:10,cancelled,credit_card,Antarctica (the territory South of 60 deg S),Diazburgh,158.0
911dec4b-952c-4483-b097-0c85b20516d2,7acc5017-e5f8-420e-bff9-f1e74b926e9d,Andrew Chavez,kellywilliam@example.net,PROD-7810,Cloned composite matrix,Books,7,510.88,2026-01-24T17:56:38,completed,credit_card,Eritrea,Port Allisonmouth,3576.16
ba579cbf-c0fb-4e69-998b-8c283262fc43,d0cc2b06-34df-49e2-9ac9-45375bc3c050,Hannah Young,lawsonjeffrey@example.net,PROD-9734,Focused analyzing definition,Food,9,481.05,2026-05-18T13:59:33,pending,credit_card,Holy See (Vatican City State),Sparksmouth,4329.45
119b5a22-0ade-4123-95ab-3e98b1253fb2,56c89c1d-83fb-4b17-902f-8c5de4a86433,Michelle Berger,sheliacrosby@example.com,PROD-4038,Business-focused actuating info-mediaries,Food,7,196.98,2025-09-16T01:12:29,completed,paypal,Reunion,North Amyton,1378.86
f30a09d5-39cc-4a32-98b3-8da04209386b,e3d4edd4-dc7a-4653-b1d5-ed91a4749896,Cory Silva,michael19@example.net,PROD-3090,Polarized asymmetric moratorium,Food,9,677.91,2025-11-29T15:32:45,pending,credit_card,Isle of Man,North Kristinmouth,6101.19
a9a61964-28d9-45d7-a012-0f4c420fbc46,b15ee43d-d56a-47aa-b734-93e7d0a70cd1,Raymond Fry,amanda74@example.net,PROD-3916,Total 6thgeneration framework,Food,2,819.84,2025-09-27T11:26:25,completed,paypal,Nepal,Port Taylor,1639.68
4ccc4620-af27-4e4e-bc53-20f7425c43b2,8007d443-de64-4add-80ee-b9be06755406,David Davidson,whitejacqueline@example.org,PROD-5996,De-engineered even-keeled artificial intelligence,Books,8,678.72,2025-11-23T00:30:28,pending,credit_card,Belize,East Jordan,5429.76
25bfe123-f595-473f-94d9-4e104e84255c,0c0a4979-5b6b-4667-9c1c-c36d60efd7fe,Robin Rodriguez MD,tedwards@example.net,PROD-7255,Switchable static portal,Food,2,80.76,2025-11-12T06:27:20,completed,paypal,Benin,West Thomasburgh,161.52
b12212e9-f690-4227-bd3a-7d43d150193d,15959eb4-0d48-45ad-933a-f56904dd6d1a,Jay Franklin,katie09@example.org,PROD-4317,Polarized hybrid framework,Sports,9,528.09,2025-06-08T04:09:43,pending,credit_card,Mayotte,Port Patricia,4752.81
c64273b8-2b0c-4542-8367-f1681fb14e27,37e07f53-4674-4e36-ae5f-49a1f8bdae06,Allison Gentry,ronald25@example.net,PROD-2638,Grass-roots dynamic customer loyalty,Sports,1,758.09,2025-06-28T11:58:30,cancelled,bank_transfer,Papua New Guinea,West Audreyland,758.09
5ab26fd0-52ab-4c10-91b3-5df7f38f27e4,96654184-c6b1-4872-a446-cd1f484ab6cd,Jennifer Dennis,holtdaniel@example.org,PROD-6257,Reverse-engineered interactive installation,Electronics,7,951.12,2025-08-02T14:46:33,completed,bank_transfer,Samoa,Paulbury,6657.84
de9efd5c-c203-4554-9d47-da75c52a0e7c,d1fd99d2-21a9-451a-9a45-80291f84dbac,Antonio Hogan,nicolegibson@example.com,PROD-8637,Multi-layered full-range function,Electronics,10,68.8,2026-02-25T02:02:35,completed,credit_card,Guernsey,Melissaburgh,688.0
fd94e7d3-abaa-4453-890e-77079adc4b5d,e3583f03-0d42-4d4a-a4a6-a5db1d03bd15,Mary Barrera,shelbytaylor@example.com,PROD-5366,Quality-focused reciprocal approach,Electronics,6,233.5,2025-11-12T01:09:59,cancelled,paypal,Antigua and Barbuda,Seanshire,1401.0
642a7934-b652-4620-8d16-a968a4ef9007,94fbb132-5244-4ecb-b496-bb608c6780c3,Tyler Moon,jodireed@example.net,PROD-4004,Proactive explicit adapter,Food,10,447.71,2026-05-15T09:07:26,pending,paypal,Nigeria,Stevenborough,4477.1
2522ef55-490f-41c3-9562-23c3657f34c4,1db5df86-f6f5-41c1-a616-3030bab043aa,Eric Horton,veronica00@example.com,PROD-7306,Realigned reciprocal implementation,Clothing,1,446.03,2026-04-19T04:28:15,completed,paypal,Uganda,Janicestad,446.03
c16ce081-3822-4887-a2a7-9352557d81e4,128cf9e8-d06a-4873-ad98-5312d58f105c,James Neal,joanna53@example.org,PROD-6616,Re-contextualized transitional paradigm,Books,10,388.53,2025-10-03T03:44:57,cancelled,paypal,Finland,Ashleybury,3885.3
c263638f-350c-4486-8071-9282c674923d,33638f1b-7d3f-453a-97c2-b8100fe4063d,Jeffrey Solomon,karahughes@example.org,PROD-6180,Reactive mobile help-desk,Electronics,8,280.02,2025-06-16T16:57:48,cancelled,paypal,Heard Island and McDonald Islands,Christophertown,2240.16
83603051-d142-4375-a46c-eb00db2c2af7,4d3d411e-5fab-4f05-8eb1-deebc3999549,Shawn Black,hollowayjerry@example.com,PROD-6895,Function-based tangible encoding,Sports,8,859.41,2025-06-26T01:23:51,cancelled,credit_card,Bulgaria,North Stephenstad,6875.28
e1bafa96-1031-4446-bb53-470a641073b1,526cc2c5-b70b-4a4e-9f5b-5eefbb4d6800,Emily Newman,johnsonsteven@example.com,PROD-9484,Public-key stable service-desk,Electronics,10,475.01,2026-03-06T15:50:22,pending,paypal,Denmark,Perezchester,4750.1
0ad80451-cb83-4f17-b469-c75e7a29f7f5,fde8adca-2b63-450e-bccd-546d1fac9350,Victoria Patterson,richardharris@example.net,PROD-1700,Pre-emptive needs-based groupware,Books,9,996.76,2026-04-07T16:07:50,pending,paypal,Central African Republic,Port Nicolebury,8970.84
71f18537-6d8f-4266-a7c4-a7e24e0a374e,29a629cf-6276-4b6e-b148-b2995af1dd6b,Debra Martinez,davidwhite@example.org,PROD-7723,Digitized global monitoring,Food,3,985.13,2025-10-27T23:04:34,completed,bank_transfer,Macao,Port Heatherland,2955.39
a5e8a0cc-fcf8-4e77-9413-deeb157b0688,7ced4e7d-a861-4041-9bcd-2c1ea2a3818b,Jennifer Fuller,romerodavid@example.com,PROD-2065,Focused intermediate flexibility,Food,9,667.49,2025-09-03T09:57:44,completed,paypal,Antigua and Barbuda,East Stephenbury,6007.41
c405bd9d-85ba-4fea-b2d9-25451a5a9f3a,9135716a-b8fa-4305-94b0-b0c72360970d,Melissa Wood,shari35@example.com,PROD-2155,Configurable discrete capability,Clothing,5,758.09,2025-09-27T23:27:28,completed,bank_transfer,Zambia,Ramirezfurt,3790.45
ec7ba280-aea8-4e91-a5ce-7266d3f5af85,1c275f08-182a-431d-bef8-8f2b994a313b,Julie Gallagher,moorejoshua@example.com,PROD-6528,Profit-focused motivating knowledge user,Food,10,591.85,2026-05-13T16:57:24,pending,credit_card,Netherlands,Tanyafort,5918.5
f039c76e-6415-47b4-99d1-274ece651b9a,30bc0dda-d6b8-4f2a-90f2-5a9dca27b0bd,Jacqueline Jordan,daniel83@example.org,PROD-6800,Future-proofed 3rdgeneration artificial intelligence,Clothing,5,588.34,2026-01-16T05:46:32,completed,paypal,Malawi,New Paul,2941.7
83d441d3-01a7-4106-b52c-aa158f38c7df,6433c616-7f56-4220-98b6-196cc35cd212,Joseph Williams,molly56@example.net,PROD-6156,Public-key web-enabled hub,Clothing,8,560.79,2025-07-27T06:06:39,pending,credit_card,Burundi,Fisherhaven,4486.32
62ead792-16df-4b14-9a0c-2f6b7f1f84a7,352f9224-3102-4d96-b6fb-9adf30bacf29,Patricia Thomas,andrew87@example.com,PROD-7020,Exclusive radical pricing structure,Clothing,1,860.55,2025-08-05T19:10:31,completed,paypal,Portugal,Hensleybury,860.55
26990d65-d20a-457d-8ef3-b207aacb4176,047859c7-e8e1-4ad6-a001-00199e4d31fe,Kim Jackson,lwilliams@example.org,PROD-3167,Multi-lateral radical array,Food,10,957.17,2025-08-13T21:13:23,completed,paypal,Saint Lucia,New Timothyberg,9571.7
46f81a3f-7dd1-4fe0-9ceb-f63b22d2fdb2,f9aeada3-7dd2-4fe8-bfc6-d47e02d1033c,Louis Rivas,brownkayla@example.com,PROD-7286,Synergistic stable artificial intelligence,Electronics,1,325.81,2025-09-21T15:45:57,cancelled,bank_transfer,Lao People's Democratic Republic,Jenniferland,325.81
a58c6415-4897-4b69-9dfe-43428e26aec1,ae4b7481-fc86-4adb-a64a-d9ed4da46ac1,Tiffany Collins,david92@example.org,PROD-1921,Face-to-face scalable complexity,Electronics,6,420.0,2025-11-14T03:36:26,cancelled,credit_card,Netherlands,West Katherine,2520.0
e48efeec-3dd3-4a79-8ea8-69c8f1a0e27f,4b89076e-a09f-4eac-9ab1-f04872a61e05,Karen Crawford,xphillips@example.org,PROD-4357,Operative bottom-line process improvement,Food,7,540.27,2026-01-03T20:38:04,pending,paypal,Kuwait,Port Kimberlyborough,3781.89
05e6d3e6-1781-4e57-8219-e7bedfeb472d,4d120f0d-6330-4ade-8e44-8542d5f7d3da,Taylor Jackson,jennifer28@example.com,PROD-7683,Re-engineered secondary software,Clothing,8,136.1,2025-07-31T02:23:15,pending,paypal,Iraq,North Marilyn,1088.8
36232153-3d5d-4b25-8384-d942dcaa2df2,1334ccd7-8fec-4e19-bb3a-84ad83b289a2,Christopher Ashley,ortizashley@example.com,PROD-9218,Reverse-engineered radical pricing structure,Food,1,123.36,2026-03-31T10:21:13,cancelled,credit_card,Saint Martin,Walkerfort,123.36
2483559f-63c8-493f-aa40-6d6059eadf50,38f5f36a-4ed8-492a-841d-d4cae34ff4d7,Dr. Marcus Brown,ubauer@example.org,PROD-4646,Expanded executive hardware,Books,3,878.55,2026-01-23T14:27:24,pending,credit_card,Zambia,East Jillian,2635.65
b567aca7-611c-47e0-838a-ba4f67c9c40c,31249b33-83e8-4707-94d1-8677b6b783d9,Matthew Wilson,littlematthew@example.net,PROD-3280,De-engineered uniform archive,Electronics,10,348.47,2025-08-12T07:55:37,pending,bank_transfer,Guam,Lake Aliciaborough,3484.7
1d327482-7931-4f43-87f6-44d9bb1810b9,e34772e6-82b1-4eeb-af91-1038c99be99e,Tammy Moore,hooverbrenda@example.org,PROD-9655,Monitored regional firmware,Electronics,5,967.29,2025-10-31T12:56:09,pending,credit_card,Congo,Klinebury,4836.45
9b192e36-ccb9-419c-84b6-c0cf336cad08,9e2853bb-95ab-454d-86d6-e055634f4eb3,Michael Meyers,mcdonaldwillie@example.net,PROD-7974,Quality-focused multi-tasking knowledgebase,Electronics,9,738.14,2026-02-19T02:05:59,pending,bank_transfer,Antarctica (the territory South of 60 deg S),South Samanthashire,6643.26
a58e86dd-2b65-4a54-9a37-5cff2428775d,f33c319c-5169-4892-ad98-943851783157,James Mccann,stevejones@example.org,PROD-1148,Operative well-modulated interface,Sports,9,873.07,2025-10-01T13:52:48,completed,bank_transfer,Monaco,Jacobsbury,7857.63
eef93af2-ed54-4754-9b12-1c673dc7e9a1,1e7030c6-6b0a-469d-8925-cc757e20a07a,Matthew Green,hectorcampbell@example.net,PROD-3653,Devolved mission-critical portal,Sports,8,767.89,2026-01-08T15:16:27,cancelled,credit_card,Turkey,Denisefurt,6143.12
1b5b7cfd-adf3-4953-a168-50f141f9e969,7ca2b26b-b3fd-4947-94a6-afe6bbbdba17,Michele Dean,qpetty@example.org,PROD-7923,Persevering impactful website,Books,2,233.33,2025-09-12T18:52:25,pending,paypal,Yemen,New Kyle,466.66
b53c43d5-bd1b-4ed6-b53a-0462282c2fa8,115fe3ba-f425-4bfe-b8e8-59c7f51528ca,Jared Fisher,mike26@example.com,PROD-7497,Ameliorated static synergy,Books,10,816.07,2025-08-18T12:51:17,pending,paypal,Anguilla,New Cassandra,8160.7
faded8bd-b5a4-4609-a775-1fee22ce7844,e05bdcbe-7b5c-48cb-a379-1639fbd3aead,Alyssa Huerta,danielhinton@example.org,PROD-8751,Ameliorated didactic paradigm,Clothing,7,381.58,2025-11-23T07:16:41,completed,credit_card,Lesotho,West Helenville,2671.06
a6487395-fcae-462e-a5eb-4120c5852f51,2ab3a5c4-d757-46ca-93e4-3c3e40f87a5b,Kimberly Stewart,marymullins@example.net,PROD-6783,Multi-lateral bi-directional flexibility,Electronics,8,881.28,2025-09-13T21:05:51,pending,bank_transfer,Chile,South Karen,7050.24
06b871fb-152e-4c46-af45-7040b453d603,8a63dfb4-ba17-4956-8a84-4599fd7eec4a,Lori Clayton,tford@example.net,PROD-1877,Multi-channeled 5thgeneration frame,Clothing,3,141.35,2025-10-02T15:40:38,pending,paypal,Bosnia and Herzegovina,Jenniferland,424.05
434a9cbb-eb5c-46a9-91fb-5c6ca8b05b94,427049d5-cef7-4cce-9d34-799150b874aa,Kathy Compton,patrick26@example.com,PROD-2166,User-centric systematic time-frame,Clothing,5,18.83,2026-05-17T21:41:56,cancelled,bank_transfer,Tunisia,Lake Jimmy,94.15
1fbc8822-dab9-4e13-b9ce-60ee5a027caf,5da80620-419d-49c2-b5e5-a57b3b1850c1,James Walls,deboraharmstrong@example.net,PROD-8984,Triple-buffered intermediate info-mediaries,Clothing,5,558.52,2025-06-25T01:20:29,pending,credit_card,Kiribati,Margaretton,2792.6
1c2eb0da-9a24-4381-83ac-3c1ae12b5986,11105bd9-8efe-4db5-878d-33461ebabaad,Joseph Jenkins,jimenezmichael@example.com,PROD-9625,Cross-group exuding attitude,Books,7,227.33,2025-07-10T17:45:31,pending,paypal,Greenland,West Ashley,1591.31
34cffae0-4cd3-4bbc-842a-bec73155e470,f4dde32c-48a9-4251-870f-0ea639d248e9,Richard Washington,nancytorres@example.org,PROD-6312,Triple-buffered systemic protocol,Sports,4,456.24,2026-04-16T21:43:24,pending,paypal,Turkey,Zacharyview,1824.96
856040f3-3c5f-405d-b4c6-66afb292a89a,7b754c59-42d1-4c4d-b513-1d8e658e33f6,Elizabeth Watson,humphreyjoshua@example.com,PROD-1558,Cross-platform executive matrix,Books,7,966.88,2026-02-26T14:43:24,completed,credit_card,Togo,East Savannahburgh,6768.16
6414d3d4-c771-4999-a84d-cc6ffc054f66,06709dc5-83cf-4da3-8339-5d79a9626514,Stephanie Cole,bradleyjones@example.com,PROD-3910,Reverse-engineered bi-directional Graphical User Interface,Food,7,66.15,2026-04-22T12:57:25,completed,bank_transfer,Comoros,Thorntonville,463.05
5f7b91c8-efa6-4fcd-a31b-d4ee71170dae,383501a3-6bf7-42f5-96f8-714b78932fce,Ryan Villegas,kristi66@example.org,PROD-1369,Configurable fault-tolerant open system,Clothing,2,119.67,2026-01-31T09:03:50,cancelled,bank_transfer,Djibouti,New Jaytown,239.34
7750c8c8-5a53-4618-8d3a-5d0aa2afaad7,0ad23951-1934-4453-afb6-eb7725676144,Nicole Mcgee,npierce@example.org,PROD-8526,Multi-lateral client-driven moderator,Electronics,8,51.0,2025-09-03T22:36:15,cancelled,paypal,Albania,Christinaton,408.0
a4dc5bf6-6bb1-428a-bb56-e1adb7560b6d,6df814cb-8d56-4a95-b668-4c080795bdee,Raymond Chandler,robert50@example.com,PROD-7947,Decentralized encompassing flexibility,Sports,1,985.67,2025-10-13T16:23:19,cancelled,paypal,Venezuela,South Davidchester,985.67
44759ac6-7e9b-449d-ba86-9414df109e74,6f4182fc-1022-408d-a95c-8fb0fd0e67c4,John Bennett,adamsscott@example.net,PROD-2232,Phased human-resource focus group,Clothing,10,341.36,2026-03-27T09:23:05,cancelled,paypal,Georgia,Lake Antonio,3413.6
10def376-42aa-4f65-b221-1787a0d45905,1f55eadb-5980-45b3-b8c4-64d64b607bf5,Brenda Kelley,jennifer64@example.net,PROD-1251,Intuitive optimal flexibility,Books,6,151.13,2025-05-26T13:45:32,cancelled,credit_card,New Caledonia,North Steve,906.78
1031e360-9eca-4001-a223-10c2f7ce80a8,d0efbf06-d6e9-4394-9670-d88f8a8200c8,Jordan Smith,patricksmith@example.net,PROD-7307,Cloned next generation utilization,Food,7,288.49,2025-05-28T09:28:23,completed,credit_card,British Indian Ocean Territory (Chagos Archipelago),Gordonside,2019.43
8fe434e3-29e3-42a2-b88c-63db53cda055,0f717d37-8f00-41c1-8e32-c3da2e8a0f7e,Miguel Carter,waustin@example.net,PROD-4027,Face-to-face zero tolerance website,Clothing,5,710.92,2026-04-28T21:24:11,cancelled,credit_card,Monaco,Port Laurachester,3554.6
2f158bbd-e718-42e4-baef-81eae2d7df05,0bb58cce-29f0-4b53-91f9-3108d015a7d1,Carol Hernandez,danielleschaefer@example.net,PROD-5900,Upgradable next generation toolset,Electronics,8,148.2,2026-02-02T09:47:38,cancelled,credit_card,Croatia,Andrewport,1185.6
9dee8561-69fa-4e3a-b00c-50de91cf6ab1,c8e5305b-3727-4eb3-bc13-13390d9306c1,Michael Owens,denise74@example.org,PROD-5511,Reverse-engineered even-keeled firmware,Books,10,570.55,2025-10-08T22:13:44,completed,credit_card,Nepal,East Stephen,5705.5
9aec4d2e-5a5a-436f-a58e-4d67bb0e485a,c7d0eb4b-a0c0-41a2-bbd8-8fafce90fc70,Gregory Morgan,vasquezbrian@example.com,PROD-4333,Right-sized coherent circuit,Sports,2,930.74,2026-01-26T14:29:29,completed,bank_transfer,Bolivia,Katherineburgh,1861.48
093c8a79-65f7-4f48-b0ef-2afefff87782,a019bd86-8411-42e4-822b-0b10224a0160,Lacey Walker,curtismeghan@example.org,PROD-5867,Business-focused context-sensitive forecast,Electronics,5,493.71,2026-04-07T15:42:10,cancelled,credit_card,Eritrea,East Evan,2468.55
66c63c82-2d02-4fda-8c4a-faa12a9c777c,d0bb76da-b0ae-4ebf-8607-90fafb480b0a,Mrs. Jill Barr,qhernandez@example.net,PROD-8398,Customer-focused secondary knowledge user,Sports,6,519.96,2026-04-20T11:36:00,pending,bank_transfer,Bahamas,New Rebeccaside,3119.76
af79a99f-4835-4f93-926f-d23d0026b0c0,7b20378c-e4a6-4b70-b9d9-00bb49a3f321,Joanne Vincent,donna53@example.org,PROD-2579,Programmable incremental orchestration,Books,3,489.73,2026-05-07T17:01:37,completed,bank_transfer,Armenia,Port Danielmouth,1469.19
af9dd7de-4bcf-4ea6-b201-8f8860aee6f9,4ad72931-fc0d-4bfa-8819-d2345b450480,Nicholas Shaw,tstewart@example.org,PROD-9432,Networked logistical complexity,Books,3,558.1,2026-03-19T11:23:57,completed,paypal,Iran,Port Ricky,1674.3
6908f7e2-b2a2-4064-9fef-c60b32c87a46,47be4dea-2a34-4466-b986-94a1c98de422,Juan Evans,jonathan56@example.net,PROD-2601,Realigned encompassing software,Electronics,2,920.83,2025-08-08T17:29:06,pending,bank_transfer,South Africa,Port Amandaville,1841.66
2ed0db56-710a-44f9-b17c-b32eff5ec05f,9671838c-6e76-44e0-bce9-5d1f892e9a2d,Jasmine Barrera,davidthomas@example.com,PROD-1460,Organized radical toolset,Sports,4,160.67,2026-02-14T10:55:06,pending,paypal,Panama,Mckeehaven,642.68
d425f803-005a-49d2-a8c8-b4bc0a026f8a,a47a9f4d-3335-4bc8-8b2e-0fff079a0932,David Jackson,jherrera@example.com,PROD-8518,Operative heuristic leverage,Food,7,916.69,2026-05-05T16:12:09,completed,paypal,Heard Island and McDonald Islands,North Phillip,6416.83
630d5793-211f-4775-8627-c1f06dd61a19,04421ec7-0215-4b23-a299-7b153b0e5e5a,Scott Cox,kevin97@example.org,PROD-5504,Multi-lateral interactive projection,Sports,5,245.22,2025-11-15T20:56:57,cancelled,paypal,Taiwan,Port William,1226.1
db907133-267a-41bb-810d-da2ef615b11c,eaa23954-cb79-4970-aa07-6ff21e95136e,Nicole Thompson,bryan12@example.com,PROD-2155,Profit-focused hybrid productivity,Books,3,749.09,2026-01-02T22:04:41,pending,paypal,Northern Mariana Islands,South Danielle,2247.27
69972d4a-d718-46c4-81e2-563fd4bb21a5,3bc58d96-cc08-4473-84d3-0ff7b87c8d86,Chelsea Anderson,ebrady@example.com,PROD-7645,Phased solution-oriented definition,Clothing,2,566.27,2025-10-21T04:58:55,pending,credit_card,Falkland Islands (Malvinas),West Mathew,1132.54
840e5f58-4f5f-4b5c-9f28-9710bf81256c,427efa54-e129-4bc0-bd96-c00758394885,Joan Allen,millergloria@example.net,PROD-1121,Fundamental contextually-based collaboration,Electronics,2,356.54,2025-12-23T10:32:37,cancelled,credit_card,Tanzania,South Rebekah,713.08
38d3a90e-ee2c-46ee-b4bf-a8967a7896af,b367b6e9-5d59-4324-9b75-fc5fc3fc4e15,Brandi Myers,heather38@example.net,PROD-9781,Extended homogeneous application,Food,1,297.55,2025-07-07T12:04:11,completed,paypal,Tonga,Cervantesmouth,297.55
9192f3cc-dcc6-4a2e-bfa3-5709327ef433,437246d5-e6e3-4fe0-a7d5-c8ad220d81d1,Crystal Lopez,teresa45@example.com,PROD-9555,Universal system-worthy application,Sports,5,423.15,2026-01-04T20:29:59,cancelled,credit_card,Azerbaijan,North Virginiaville,2115.75
17f44216-d1b7-4c19-a659-85fb5ff747c9,0ad97e37-556e-402a-bd71-74eb717c2716,Sharon Ballard,rvazquez@example.com,PROD-6570,Profound demand-driven projection,Electronics,5,563.19,2025-09-13T23:33:00,completed,paypal,Azerbaijan,Sanchezmouth,2815.95
9e510a9a-739f-4c69-93de-6cc584eed876,90a54f60-7b49-43e2-82ef-1f7e62259aa5,Rachel Avila,brogers@example.org,PROD-3083,Networked intermediate benchmark,Food,8,852.53,2025-09-16T21:12:53,cancelled,bank_transfer,Azerbaijan,South Leslieshire,6820.24
a08785ff-97ad-421e-9695-6ba01e68a0ce,07608834-0e2e-4c22-9cc7-44ea7626eb77,David Bond,uwilliams@example.org,PROD-2063,Innovative human-resource standardization,Electronics,5,975.29,2026-01-02T08:30:17,cancelled,bank_transfer,Czech Republic,Ryanbury,4876.45
186ec118-98a2-4db5-abf3-9087e38cd7e6,a7713b4f-abe1-4edc-a137-21261574b86c,Megan Aguilar,gjackson@example.org,PROD-3975,Persevering maximized approach,Clothing,3,249.47,2025-06-15T19:06:36,pending,credit_card,Libyan Arab Jamahiriya,North Matthewstad,748.41
1c532c94-a128-460e-8755-41eae4ba194f,dc5c6e17-c0df-425e-ae8c-05842e8a5614,William Reed,imartinez@example.com,PROD-3041,Advanced static capability,Books,7,889.21,2026-01-16T10:57:59,completed,paypal,Gabon,Port Bonnieview,6224.47
f2d40c48-20d6-4d64-ad6c-35e8155a3523,7da3ddf8-a817-4a43-8025-3e07b9d2fa85,William Smith,christopher00@example.net,PROD-7209,Up-sized eco-centric process improvement,Electronics,9,872.83,2025-06-09T00:08:17,pending,credit_card,Djibouti,Thomasmouth,7855.47
97f1b441-e719-4912-bd79-9ac002a36166,85cfcbc3-2023-48bc-a031-5580102f62f9,Pamela Huerta,stephenacosta@example.com,PROD-5711,Function-based eco-centric approach,Sports,3,111.4,2026-04-10T07:29:31,cancelled,credit_card,Saint Martin,Mendezshire,334.2
c77d09f9-cf39-4d4c-9e97-d5360bfe4316,274482e6-787f-45af-b6f4-ae49228d458f,Juan Rodriguez,hlove@example.net,PROD-2867,Re-engineered stable adapter,Food,10,613.72,2026-02-11T23:44:42,completed,paypal,Portugal,East Michael,6137.2
7745ec56-60de-4d31-9f0e-01efb510184b,92a43b28-d6e7-4df6-995a-f8bc2992f862,Ashley Torres,arnoldelizabeth@example.com,PROD-3806,Open-architected value-added contingency,Sports,2,550.28,2026-01-20T18:21:54,completed,credit_card,China,Robinsonport,1100.56
30569f25-2871-44af-b8ce-2a913350a729,30a94c4b-eb69-4a80-8833-f330fd7a508e,Karen Pace,april68@example.org,PROD-9600,Visionary national extranet,Sports,3,367.54,2025-07-31T01:47:05,pending,credit_card,Guam,Lake Emily,1102.62
a4f5c811-e4a4-4565-be3e-54a1be65ad19,04717bc6-6b32-428d-a24d-01f265aade71,Jeff Hayden,michaelmcmahon@example.com,PROD-4156,Front-line next generation orchestration,Food,4,52.13,2025-06-21T18:43:26,pending,paypal,Northern Mariana Islands,North Marthaland,208.52
941c9418-ff69-4364-95c6-c3be7d560b5d,5f5531c3-fbbe-4e2a-af92-6b74151536db,Sonia Hill,sandra01@example.com,PROD-3863,Open-source even-keeled encryption,Sports,7,397.78,2026-03-31T23:43:28,cancelled,paypal,Afghanistan,South Stephaniemouth,2784.46
27a0ec73-d723-4679-b1f7-4987c7cca4ce,09147fc2-796a-4323-ac2b-34c733a29435,Timothy Williams,audrey46@example.org,PROD-1768,Operative secondary capacity,Electronics,10,613.67,2026-05-15T00:18:01,pending,credit_card,Aruba,Williammouth,6136.7
342940c7-a642-4002-b1ac-6b449f38d2d5,5e3ef0ad-f7f5-4225-bbe9-0223b89063ca,Rachel Mills,tinafaulkner@example.org,PROD-8490,Future-proofed context-sensitive customer loyalty,Electronics,4,654.85,2025-08-31T11:26:26,pending,credit_card,Guam,Victorialand,2619.4
996963e8-cfb5-4bdb-8c43-14d2f4bf8886,4e0d5369-ce93-48ec-90f6-e0a638250f31,Alicia Rojas,syoung@example.net,PROD-7351,Centralized tertiary frame,Clothing,3,361.91,2026-05-18T07:40:15,pending,bank_transfer,Togo,North Denise,1085.73
5384d263-a726-4685-b037-9bffee40416e,1173c778-145d-4f7a-a90c-fb94175dc975,Grace Smith,robert91@example.net,PROD-3468,Fundamental attitude-oriented Graphic Interface,Books,3,813.78,2025-11-25T08:20:10,pending,credit_card,Iran,Port Jonathan,2441.34
55b857e4-6bdc-4d62-8e52-b03f2209dd01,f272a3b1-7d41-470d-a1fb-940e357edc9e,Maria Horton MD,michellewilliams@example.com,PROD-5931,Proactive context-sensitive application,Sports,5,991.63,2025-08-20T22:19:56,pending,paypal,Brunei Darussalam,Kirbystad,4958.15
c291a4ed-ac85-4386-8b24-61233d9dd507,5dacf6e5-fe6f-40e1-a174-7eccc534d415,Edwin Fuller,hsimmons@example.net,PROD-5969,Self-enabling motivating circuit,Food,1,810.38,2025-08-13T07:13:09,pending,credit_card,Costa Rica,Port Ashley,810.38
5b0ae3fe-165c-4eac-b11a-cf6d0b3b8a1d,98df2349-ab4f-4fc9-a07d-276e6c02e146,Elizabeth Valencia,jessica66@example.org,PROD-5538,Stand-alone regional software,Sports,10,72.28,2025-10-26T10:29:09,cancelled,paypal,Netherlands,Robertland,722.8
e48c1f29-28de-4809-b8c1-5b2c5b1fe791,ed0fc0eb-7e49-4192-b68f-6ad396a2f00c,Faith Aguilar,youngcourtney@example.com,PROD-3218,Compatible bifurcated hardware,Books,5,215.55,2025-08-07T22:42:47,completed,paypal,Pitcairn Islands,Annton,1077.75
4368be6c-713d-40ad-8a4c-87115f0ca4b0,eb04fdb3-4fbe-436a-bab4-57f6253c53fd,Rebekah Jenkins,maryjones@example.org,PROD-2140,Cloned maximized adapter,Clothing,10,720.3,2025-09-27T20:20:32,pending,paypal,Guinea-Bissau,West Taraland,7203.0
ae47893d-0965-4230-b2bd-3ce323f32fc9,8f0ae2f6-5f34-4af4-8146-508bf736b531,Derek Cameron,ffisher@example.com,PROD-3535,Down-sized disintermediate database,Sports,5,250.64,2026-03-23T15:18:25,completed,paypal,Norway,Monicaberg,1253.2
94738390-fc5a-4e42-98d6-a8ac576a6d4c,3c1bf727-d28f-444a-a554-cacd68cb8bad,Danny Robertson,jennywhite@example.com,PROD-1285,Fundamental reciprocal time-frame,Clothing,10,57.06,2025-11-19T13:37:15,pending,credit_card,Congo,Angelamouth,570.6
08fafe6d-bf3b-4abc-8b42-791d520b55b4,2ebc443b-9300-4b41-b567-98d5ef9d0b0d,Crystal Cox,logankelly@example.net,PROD-4066,User-friendly disintermediate encoding,Food,4,24.02,2025-08-07T22:02:57,cancelled,credit_card,Bouvet Island (Bouvetoya),Chapmanfurt,96.08
22e1aaf7-2861-4a4a-9abd-35f6c28b49e2,171fbc36-6026-4bad-ba75-20a52927ce26,Brent Miles,kathleen33@example.net,PROD-8574,Streamlined methodical success,Food,1,628.45,2025-10-02T20:03:06,pending,paypal,France,North Diana,628.45
5eeb7b01-1d53-4058-aaf9-1a05dfbbe399,8b988c7d-56d1-453c-9db9-a51797a241da,Hailey Aguilar PhD,waltersryan@example.net,PROD-1675,Business-focused heuristic toolset,Sports,8,906.24,2026-02-23T13:43:30,cancelled,paypal,Tuvalu,New Krista,7249.92
bfa4aa12-5f30-4252-bc0d-05aeba0ea435,6e28834a-b184-4c3d-9b75-d1f02d0e2787,Ann Randall,hyoung@example.org,PROD-1008,Optimized 4thgeneration standardization,Books,4,762.93,2026-05-15T15:09:08,cancelled,paypal,Korea,Simpsonstad,3051.72
fe2d577e-746b-4705-9f36-122bef16a85e,f807cac5-b123-4f84-ad84-c3a6848d0bfd,Matthew Alvarez,monica30@example.org,PROD-2811,Devolved intermediate collaboration,Electronics,4,318.21,2026-04-06T06:35:48,completed,paypal,Guinea-Bissau,Port Jason,1272.84
9e4d13af-9628-471a-8473-f908b74ea5b3,c6327373-4e14-4e56-aa3b-3c2570efeb00,Mark Underwood,fhuff@example.com,PROD-1636,Front-line needs-based complexity,Food,9,482.55,2026-05-01T11:01:33,completed,bank_transfer,Antarctica (the territory South of 60 deg S),South Stephentown,4342.95
a66b3289-9e29-4ab8-adfe-0d46d7ede079,1b53da08-8ffe-479d-9587-cf21f0226d2e,Nicole Mckee,rlogan@example.com,PROD-9027,Realigned dynamic contingency,Electronics,6,300.92,2025-06-22T05:33:23,completed,bank_transfer,Ethiopia,Christensentown,1805.52
1f381bc1-ffcf-4f9d-b861-878ac7e66dc7,c2f3cb65-0d04-416d-802d-79589edaf665,Mark Johnson,bgarcia@example.com,PROD-6313,Optional fault-tolerant artificial intelligence,Electronics,8,730.1,2025-08-13T23:30:37,completed,credit_card,United Arab Emirates,Lake Anthony,5840.8
b3af381a-81c2-4cc6-b7b3-c563341ed2e7,1d52c663-a74a-48d9-8554-34d5e41437c2,Brittany Rodriguez,faulknertanya@example.net,PROD-3725,Advanced eco-centric throughput,Books,6,621.09,2026-02-21T17:35:24,pending,paypal,Montenegro,West Moniqueburgh,3726.54
ed8156e4-a962-4358-bc34-d2e07e8cb95e,8b9ae3f9-21a5-4e0e-8ef7-1ff4488b8b9a,Dana Sullivan,ygreen@example.com,PROD-9567,Multi-channeled tangible neural-net,Clothing,7,473.69,2026-05-09T21:27:35,completed,paypal,Uruguay,Port Russelltown,3315.83
47bffcf4-0051-4313-a39a-5d064efc6b0a,3df7f431-15a1-4d40-9a9b-10965559b419,Earl Kelley,lisa26@example.net,PROD-3631,Automated asymmetric functionalities,Clothing,8,393.57,2026-02-23T04:32:53,completed,paypal,Uzbekistan,South Erictown,3148.56
f048b834-a8ee-4496-a8bc-29e8c61015fe,8433c807-b9c8-4d82-9c72-45dc4469f128,Christopher Fitzgerald,sandra05@example.org,PROD-3892,Business-focused zero-defect complexity,Food,6,442.19,2025-12-04T21:47:38,completed,paypal,Saint Martin,Jessicafort,2653.14
8bfddbfa-0ea0-4ffb-a00f-b0f7941d3ca3,0fb72406-c4e8-4204-8675-c45cc5ba163f,Linda Contreras,daviswilliam@example.org,PROD-7553,Stand-alone bi-directional product,Clothing,1,580.16,2025-06-19T02:14:54,pending,credit_card,Cameroon,Josephshire,580.16
4c1eb983-e421-4034-ab07-ffc5acfc04fc,1db85503-a7e7-4c32-a608-78eacc33c947,Brandon Duncan,stacygarcia@example.com,PROD-9564,Assimilated actuating knowledge user,Food,6,23.73,2026-03-12T18:31:56,completed,paypal,Tanzania,West Tony,142.38
c59b4ce8-6122-4196-9aa0-bd658aa207f6,7e925046-05b7-4954-8f00-3851bb283ab0,Roger Harvey,hgates@example.com,PROD-7785,Enterprise-wide web-enabled benchmark,Clothing,4,840.82,2025-06-07T22:25:07,pending,paypal,Togo,Mitchellport,3363.28
e2fc4d0e-9f2f-4799-9824-6d7ab679bcc1,5b9f51a3-a289-45fc-b83b-9fdcc0b415f2,Chad Bond,malonejohn@example.net,PROD-7163,Ergonomic uniform parallelism,Clothing,8,68.41,2025-07-28T20:24:00,cancelled,credit_card,Sweden,Wintersland,547.28
25479287-822f-4bca-a508-b06f64b621dd,791a5d78-5164-4d2f-ae7f-88dc5a4458d2,Victor Chase,markwilliams@example.org,PROD-3617,Proactive scalable functionalities,Food,10,665.49,2025-06-29T10:51:34,cancelled,paypal,Gibraltar,Mikeport,6654.9
1930a273-dcde-4e73-8b1f-3f110d6ddc3d,4b51f4fd-683f-488a-b498-a75856537045,Eric Jordan,thomasjennifer@example.org,PROD-7807,Persevering responsive task-force,Sports,9,836.56,2025-08-11T02:38:33,cancelled,bank_transfer,Palestinian Territory,Amandachester,7529.04
a133fc0b-ea8b-4948-a731-f2982ea64766,1154f7c2-799d-4d36-bf72-821d64d0ab86,Jason Chavez,butlermallory@example.org,PROD-2639,Robust explicit matrices,Books,9,473.38,2025-09-12T11:48:15,pending,bank_transfer,Fiji,North Amyshire,4260.42
bbdd1170-d67d-460f-96f9-574d1b0a4209,bbd76b1a-9139-49b3-b322-0a0dfad7eaa1,Connie Gomez,watkinsjoshua@example.net,PROD-3604,Profit-focused interactive challenge,Clothing,6,453.38,2025-10-07T15:26:43,pending,credit_card,Jamaica,New Megan,2720.28
fe555718-5b14-44ef-993c-30a8c6195781,66b0cdec-1546-4e51-88b4-cf4e80a6d1e8,Claudia Hernandez,jvargas@example.net,PROD-3906,Realigned web-enabled moderator,Clothing,7,539.93,2026-01-11T19:57:26,completed,paypal,Benin,East Joshua,3779.51
6148f59d-3457-4431-8e97-67a19cd20d15,7e2a117c-aa73-489b-b6c9-c1d5aaec5393,Gregory Reilly,scottbrown@example.net,PROD-8071,Front-line interactive open system,Clothing,4,973.61,2026-05-05T08:57:02,pending,credit_card,India,Adamfurt,3894.44
ae28e0f6-ab6c-4c56-b044-92b4620236ed,7809477b-c0d3-4f6c-a781-d96d0f6c4edf,Tammy Garrett,omorrow@example.com,PROD-8037,Automated well-modulated website,Clothing,9,824.72,2026-03-21T21:05:47,completed,credit_card,Mongolia,Lake Andrea,7422.48
b76ea191-dcb2-4473-b602-2e0ebe4cd3bb,b0b1cc55-6600-4f5b-8295-e0c584792b1d,Timothy White,montgomeryrichard@example.com,PROD-1909,Seamless 5thgeneration migration,Books,4,934.7,2025-11-24T08:20:43,completed,paypal,Congo,Powersport,3738.8
fa569d3b-09b5-438c-918e-168342b2112b,dd2cef62-7fc4-4a21-b0b6-59189bdb7382,Mr. Jimmy Robertson,amandahatfield@example.net,PROD-5585,Organic well-modulated budgetary management,Books,5,584.11,2025-08-07T20:34:22,pending,bank_transfer,Sao Tome and Principe,Robertchester,2920.55
3681f4ae-7330-45b7-8523-e97b02f8452f,416cf75c-33d7-4f31-8acf-1583b19faa45,Alexander Higgins,colleen78@example.net,PROD-3769,Visionary bottom-line interface,Sports,5,884.53,2025-12-22T14:21:02,completed,bank_transfer,Chad,Lake Jeanne,4422.65
ce32a0e4-55d8-4920-b56f-0b46789be1df,8efe482f-ca23-4200-a3d2-fac0753b78ac,Matthew Andrade,hayesedwin@example.org,PROD-2911,Horizontal dedicated throughput,Electronics,4,966.94,2026-01-22T03:30:34,completed,credit_card,Kiribati,Port William,3867.76
2d577a91-eca9-4084-9e4f-d7f1851c1e34,1065d842-bf2f-4757-a851-3cba3a4bebcb,Nicholas Russell,hmartin@example.org,PROD-3875,Right-sized content-based synergy,Food,1,978.91,2025-07-17T17:16:41,pending,credit_card,Turkey,Frenchville,978.91
ab7419b6-6828-43a5-8cc8-c2b517bd9dc5,e6fed1a1-534b-4a10-9b79-43e2ef241fda,Shannon Brown,steven14@example.net,PROD-6403,Triple-buffered modular approach,Books,7,104.02,2025-09-26T04:46:33,cancelled,paypal,Tunisia,Josephfort,728.14
5d028f64-0266-48db-b3af-7ca013362a58,5dfad8ae-d080-4de3-a436-60ae192f5968,Cristina Blankenship,mcguirejustin@example.org,PROD-7679,Sharable multimedia contingency,Electronics,2,857.63,2025-10-27T04:00:18,cancelled,bank_transfer,Mauritania,East Andrew,1715.26
65c42ab1-b112-4d50-a994-9fcd833f2632,f00b5fd4-7fd8-41f6-b1b0-c57baf625aff,Billy Mueller,jasmine36@example.org,PROD-1039,Secured regional pricing structure,Sports,4,535.31,2026-05-19T13:27:55,completed,credit_card,Bermuda,East Ryanville,2141.24
e88fc89a-bf98-4c3f-9f94-24eb37f9850e,d33950fa-c74f-47a2-a504-6b4340b28446,Ashley Shields,cgarcia@example.com,PROD-8568,Proactive coherent hub,Books,2,300.5,2025-06-09T18:19:41,cancelled,paypal,Bermuda,Port Ruthside,601.0
7dec6341-4c27-4501-ae23-317aee33ec11,5f9d8e98-25be-4cbe-837d-b9b0bdddd5d8,Dan Morrow,rebeccawolfe@example.net,PROD-8101,Advanced full-range hub,Food,5,18.21,2025-08-13T07:39:26,cancelled,bank_transfer,Burkina Faso,West Andrewfurt,91.05
4a3767a0-8c7b-43dc-a84c-90020d81ebbc,f33cd731-9c1d-4d39-9969-0cec16c6387d,Amy Young,josehood@example.net,PROD-4707,Front-line web-enabled website,Sports,1,815.94,2025-08-04T22:53:34,completed,credit_card,Vietnam,Charlesport,815.94
f894c4ed-f541-4fc0-9816-16f7e57360b9,a1b722f8-7e13-4d24-86ee-9a3681a11601,Alexa Baker,butlereric@example.net,PROD-5452,Right-sized dedicated ability,Electronics,7,250.37,2026-04-20T11:54:09,completed,paypal,Niger,Markbury,1752.59
ac709929-5622-4611-9d8f-c098a3d837b8,4b13a77e-3473-466d-944f-1ea5391950d1,Stacey Fitzgerald,alvarezdonald@example.com,PROD-8726,Configurable 24hour parallelism,Electronics,1,89.95,2025-12-01T09:52:04,cancelled,paypal,South Africa,North Jamesmouth,89.95
b019f1c4-817e-47de-a0fe-0c6b997f42a3,604423e7-7bb1-4f79-871e-6c0ea47bfb5f,Richard Sullivan,brownsandra@example.com,PROD-2824,Diverse multi-tasking knowledgebase,Electronics,8,695.27,2025-11-02T11:34:01,pending,credit_card,Dominican Republic,West Josephmouth,5562.16
b78d5da3-d26c-4b2a-a409-94d7c0dc8df6,306984ec-3ef2-49aa-9dfe-d801964eac5c,David Gilmore,scottchang@example.com,PROD-9185,Team-oriented logistical open architecture,Clothing,8,512.0,2025-10-18T22:28:13,pending,bank_transfer,Qatar,North Linda,4096.0
a7eadc85-f200-4d09-b09f-f90aaf5dc207,eb585dc9-9b7d-4926-bc01-91262e557718,Hayley Newman,xglenn@example.com,PROD-3237,Grass-roots directional function,Books,2,586.1,2026-03-23T23:41:47,pending,credit_card,Saint Pierre and Miquelon,Vasquezshire,1172.2
bfd85fd6-90c5-4393-aa94-0591ad94a79a,3e3d5dd4-f934-4cc8-b0ee-f46c51b8596e,Kimberly Schroeder,jbarrett@example.org,PROD-6061,Switchable empowering intranet,Clothing,4,665.18,2026-04-02T11:02:44,completed,paypal,United States Minor Outlying Islands,Kennethmouth,2660.72
ec450214-57aa-41bb-aeb0-a78cb8f7835c,933609ed-c5f7-4cf4-a261-77b6dda8cd5b,Shelby Martin,david17@example.com,PROD-8213,Realigned empowering circuit,Electronics,7,525.71,2025-11-25T01:18:08,pending,bank_transfer,Benin,Johnberg,3679.97
4031382d-f778-4ab1-9939-9b0426fde6d8,12ab3855-51f2-49a4-bded-d0ee3a193cda,Catherine Sanchez,severett@example.org,PROD-7741,Ameliorated empowering throughput,Books,1,115.22,2026-01-16T08:36:03,completed,paypal,Uzbekistan,Anthonyville,115.22
63a43a6a-535d-45ed-9802-5405b9db9d67,6a564003-fa14-492c-92eb-d2c201ef6928,Kevin Savage,banksryan@example.org,PROD-3092,Automated 24/7 leverage,Food,3,173.25,2025-09-07T09:20:50,completed,bank_transfer,Brazil,Wongland,519.75
b0f7e717-943f-401d-bb19-08610a8d5e08,a2502485-e144-4a1a-bfef-d997d9c7a064,Angela Johnson,colleen41@example.net,PROD-1329,Universal heuristic portal,Sports,4,17.69,2025-07-02T04:56:26,pending,credit_card,Tonga,Amyville,70.76
621617d6-c87d-451b-99fb-502e8aa67b4a,8d4f9c4a-9288-468c-998a-7da6fc525d17,Steven Coleman,john84@example.org,PROD-5273,Networked upward-trending initiative,Sports,1,819.33,2026-02-04T01:52:03,completed,paypal,American Samoa,Andrewburgh,819.33
2e1b66d7-c81f-41e9-89e5-1e0af1a675c0,db2025ba-76e6-4386-a82f-d613759cde1b,Stephen Pitts,doconnor@example.org,PROD-4823,Configurable exuding utilization,Electronics,1,817.0,2026-03-31T09:31:22,cancelled,credit_card,North Macedonia,Bensonport,817.0
219330cc-65ce-472b-8666-e32fe19c110c,dd98d328-c081-4ad7-ac4c-ea5d4f96d533,Stephanie Fitzgerald,johnowens@example.net,PROD-2394,Decentralized real-time functionalities,Clothing,1,652.26,2026-01-15T09:30:03,cancelled,credit_card,Bahamas,Zimmermanfurt,652.26
3ea64148-97c6-43b3-ab07-0f71a24946a0,6d5a172f-52cd-4c39-896a-0ca3b2868a56,Calvin Brown,dacosta@example.org,PROD-3890,Inverse responsive flexibility,Sports,10,723.02,2026-02-22T05:46:16,pending,credit_card,Andorra,Henryton,7230.2
42c89159-957d-4794-8aad-1a55f6d1a460,886004e5-5e67-449d-be6c-f0eb62cd5f87,Colleen Bowen,jamiefrey@example.org,PROD-5211,Enterprise-wide multi-state help-desk,Sports,2,499.02,2025-09-26T07:04:38,pending,credit_card,Fiji,Arroyofort,998.04
6406068e-e39e-4c6b-82e0-2fd8a7ced859,70259571-8450-410c-98dc-45e74287787b,Kevin Lee,james20@example.com,PROD-6447,Automated web-enabled software,Sports,5,882.18,2025-08-24T18:51:16,completed,bank_transfer,Sudan,New Jamesview,4410.9
cc664a6f-29f4-4310-9d25-c5e2bd8ec8c4,924f9d9f-0088-47e8-a1ab-912e4e0fba69,Cynthia Brown,gatesgeorge@example.org,PROD-2784,Open-architected discrete archive,Sports,7,38.2,2026-03-26T21:05:11,completed,paypal,Tanzania,Williamsport,267.4
f824efb8-78da-4426-983f-a95c0ffa5360,926b33fe-b880-43c3-bae2-d4731a10cea8,Michael Austin,wyatt80@example.net,PROD-9665,Future-proofed scalable project,Electronics,6,322.03,2026-05-24T12:03:22,pending,bank_transfer,Nigeria,Greenburgh,1932.18
201a47c1-ad2d-4913-93c5-e762c26142a6,6b278b99-c02e-4898-9367-4d40d4a84c56,Aaron Smith,jbrowning@example.net,PROD-2327,Optional real-time emulation,Books,2,915.32,2026-05-15T08:04:31,pending,paypal,Iceland,West Lisaburgh,1830.64
d9c93416-a245-4ed2-9292-255827100bda,dbac4f22-3891-472a-942b-b341db7c7b9a,Megan Curry,rachelpatterson@example.com,PROD-5775,Vision-oriented motivating architecture,Books,1,980.88,2026-02-02T13:19:23,completed,bank_transfer,Palestinian Territory,Gwendolynstad,980.88
7faecddb-7fc5-4bb4-8149-a316bf6a3977,363367d4-56f0-4200-bce9-e26bfa91ed95,Nicole Hudson,amatthews@example.org,PROD-8587,Visionary clear-thinking encryption,Clothing,9,445.46,2026-03-13T15:18:00,completed,paypal,Maldives,South Paul,4009.14
1f7b3254-dee0-4db9-81b8-1ad3c94dbc96,eef2dd54-49be-4eb2-abe8-94dc29715428,Norman Sanders,thomasrebecca@example.org,PROD-9106,Implemented reciprocal process improvement,Clothing,10,573.07,2025-10-21T13:46:24,cancelled,credit_card,Sudan,Aguilarfort,5730.7
54e75446-b078-4824-9b02-bbf59fe237d7,b1f12765-ca17-4047-b18c-5a58c5d14962,Ellen Ramirez,ypotts@example.net,PROD-6874,Up-sized bottom-line product,Electronics,7,361.6,2025-12-27T00:34:12,cancelled,credit_card,Tajikistan,New Stacy,2531.2
1db78506-ba46-4d2d-8cb8-9054ab67a9ee,f0649593-2cf9-4c2f-be2e-993fca3ecd1c,Lisa White,manderson@example.net,PROD-8965,Ergonomic logistical Internet solution,Sports,10,177.11,2026-04-29T15:37:12,cancelled,bank_transfer,Mauritania,Lake Dakota,1771.1
9945a230-1044-4f26-80ef-d0fc3281f660,b900dc7d-4982-4cd2-b130-4954eb027c1a,Edward Cannon,ygarcia@example.org,PROD-5199,Team-oriented executive parallelism,Clothing,8,629.79,2026-04-18T20:39:16,pending,bank_transfer,Argentina,West Veronicastad,5038.32
d0464b6d-0d37-4151-aa02-e19e287d0220,2bd714e9-7082-4397-a4e3-fa2a891bb18f,Michael Cooper,christopher88@example.com,PROD-4234,Function-based real-time leverage,Books,6,556.89,2025-09-08T01:11:09,completed,bank_transfer,Cameroon,Port April,3341.34
d99d7a82-e523-4bfc-85ad-c48c539bb1b8,61187eb7-6d71-415d-b0ae-35e40b3b2e7b,Margaret Harris,juanbeasley@example.net,PROD-7674,Distributed disintermediate task-force,Books,1,885.38,2025-12-07T06:37:09,completed,paypal,Central African Republic,Kennethshire,885.38
299bba19-2a1c-4f6f-a0b9-6ea5995d3a7f,efa8cb59-2599-43b0-9df0-a56734d4fc25,Zachary Scott,ericacarroll@example.net,PROD-5790,Compatible content-based methodology,Food,8,290.54,2026-05-05T08:11:13,completed,paypal,Mauritius,North Aaronborough,2324.32
9f6a4136-afbb-4dce-8359-35d3c0b91acf,ec20980f-947f-44e0-a830-1946a7d8c051,Karen Garcia DDS,victor46@example.org,PROD-7103,Phased multi-state implementation,Sports,3,148.54,2025-09-23T07:33:40,pending,bank_transfer,Cayman Islands,Port Jillmouth,445.62
1994da07-72ad-4685-9f56-ce4b48d3f4ad,16445229-9bd0-4e26-8091-57016c90ad13,William Roman,julie33@example.net,PROD-4208,Fully-configurable 24/7 knowledge user,Clothing,7,816.03,2025-12-13T05:29:58,pending,paypal,Taiwan,South Nicholas,5712.21
5dc6a109-5679-496f-82df-d04587f7052f,8ab2d540-557b-49ec-9e5c-e32f4c2221d3,Summer Huynh,pedrowilliams@example.com,PROD-9853,Configurable zero-defect productivity,Clothing,5,988.63,2025-06-15T09:32:51,completed,credit_card,Western Sahara,East Jaredhaven,4943.15
eff30b72-f104-403a-ab80-e25c706e1e26,b30e656a-6831-4cff-bad9-c9bc1912ee13,Jennifer Patterson,christophermiranda@example.net,PROD-1432,Multi-channeled object-oriented archive,Clothing,4,269.94,2025-06-08T07:12:40,cancelled,credit_card,Armenia,Port Jonathanside,1079.76
ac1ab4e9-f7ae-46be-a42a-4cb816eb65d1,022c6592-1ea1-4e6b-a3a0-80c40a938c42,Blake White,cherylnorris@example.org,PROD-6004,Managed 24/7 support,Food,9,577.08,2026-03-06T04:44:10,completed,bank_transfer,Cuba,Dawnport,5193.72
f84b96a2-2770-41cb-a7c6-2c29bdfd44a6,8a0eda44-d13a-43b7-9425-28f1c77c0a91,Becky Phillips,edwinmoss@example.com,PROD-1319,Centralized holistic utilization,Clothing,8,587.22,2026-02-15T16:59:02,completed,paypal,Oman,South Marilyn,4697.76
203ce143-8bef-4ac9-9324-d56af7972825,f7b8e188-11eb-4581-be06-6a7886841676,Peter Morris,kevinheath@example.com,PROD-3076,Extended systematic toolset,Sports,3,193.85,2026-01-22T01:10:06,cancelled,bank_transfer,Uganda,Jimenezport,581.55
7e62169d-9e30-446d-ac32-180483fb5ab5,4b119ce0-5882-4b82-b457-f07fdc37002e,Joshua Marquez,uwood@example.com,PROD-5322,Streamlined heuristic algorithm,Clothing,2,225.58,2025-10-23T07:59:42,pending,paypal,Somalia,Hallhaven,451.16
5bc9beab-67e9-4cd7-847e-f503a42c1117,0c19e81b-d5da-41cf-bf53-5e3b707188bc,Valerie Ellis,ndaniels@example.com,PROD-8733,Networked coherent projection,Food,8,115.33,2026-03-09T08:13:01,completed,bank_transfer,Estonia,New Michaelborough,922.64
cd28a535-8cfe-4be2-90da-cca76810d8f9,9ce716fc-6230-4a31-894b-a619f35ff147,Stephanie Mosley,sophianeal@example.org,PROD-8835,Public-key static firmware,Sports,6,805.09,2026-05-14T08:02:24,completed,credit_card,Taiwan,West Christinehaven,4830.54
3bc6f7df-1bea-4dfd-906b-452680a20f24,3c87db4e-7ee1-46e3-b32d-69dfbf572c1e,Sarah Young,martinezandrea@example.org,PROD-3508,Re-contextualized neutral process improvement,Sports,9,130.3,2026-03-31T18:54:11,pending,paypal,Somalia,Williamhaven,1172.7
f11e27c4-926d-49d2-b814-85a0d9c22876,c420ad09-5ab8-4035-b79b-9b18b8a15782,Kathleen Williams,ajennings@example.com,PROD-1752,Profit-focused asymmetric core,Sports,1,336.5,2026-01-15T22:28:46,cancelled,credit_card,Seychelles,Shannonburgh,336.5
d2ad76af-5fe2-4fad-a3e2-fbb622a242e9,d06e300d-cd0d-4164-9f54-e73ed39f9a1c,Larry Gardner,rodriguezchad@example.org,PROD-3289,Switchable bifurcated workforce,Electronics,5,902.57,2026-03-22T00:16:53,completed,credit_card,Philippines,Port Angela,4512.85
5b276283-0aed-41f8-b51b-1e625b78e12c,0e1375e5-d7fb-47c7-a48f-99ee3e3c0a2b,Gregory Parker,gonzalezrobert@example.org,PROD-9671,Exclusive optimizing matrix,Sports,4,268.18,2025-09-11T01:13:43,pending,bank_transfer,Papua New Guinea,South Rodneyton,1072.72
0e5f1f8b-8b49-4ab1-a9f9-e719e267aaf9,b27107c4-1dfb-4dab-8a5f-e774f6e32b5e,Melissa Curtis,elizabeth86@example.org,PROD-8393,Upgradable bottom-line model,Clothing,5,203.16,2025-12-19T22:28:59,completed,paypal,Iraq,West Walterburgh,1015.8
26da45bc-2844-45fd-bf5d-c58cc87f1097,3e39bf77-b1bf-4333-ba25-c2474df5b50f,Cynthia Gonzalez,joe29@example.net,PROD-2969,Visionary modular groupware,Books,5,973.83,2026-02-16T23:23:04,cancelled,bank_transfer,Congo,Ewingside,4869.15
cc5cf7cf-d7e1-42b7-8e51-51f913e40fbf,7fbf0601-64eb-497a-b3a3-6f0ac038a0e1,Kayla Perkins,leah80@example.org,PROD-7107,Managed cohesive framework,Clothing,8,989.94,2025-10-29T08:42:54,pending,paypal,Somalia,West Wendy,7919.52
07bf41ea-1794-4511-89bf-ab49bb8acac9,a013ac47-5d2a-4426-ab93-76ad076d94f8,Jaime Skinner,charles29@example.org,PROD-5113,Integrated fault-tolerant toolset,Books,6,250.92,2026-01-21T21:37:42,cancelled,paypal,United States Minor Outlying Islands,East Derrick,1505.52
a94e5512-2d44-4fdd-bac7-f24c68e43fca,323d220c-7ef7-4c8d-b08d-4fb7b5a514f4,Timothy Tapia,simpsonstephen@example.org,PROD-5900,Customer-focused heuristic attitude,Sports,4,109.18,2026-03-12T03:50:11,cancelled,paypal,Zambia,South Davidview,436.72
f056c740-1ce9-4a71-ada3-d37a42bb8eeb,c666d4e8-7801-4c64-9997-241ea6e735d7,Sheila Bailey,walkerronald@example.net,PROD-9009,Persevering background contingency,Sports,6,123.74,2026-02-20T11:30:02,pending,credit_card,Guam,Sandersstad,742.44
2f867611-efd1-4e4c-9675-e46b791a9c93,dd839922-c159-4731-b368-1be4a2bbd746,Jeffrey Ortega,sampsonanthony@example.org,PROD-8693,Up-sized directional info-mediaries,Electronics,2,583.5,2025-12-18T16:23:40,pending,paypal,Montserrat,Perkinsmouth,1167.0
870e4af4-1371-4ac6-8501-3426c3d1b2d0,302877ab-1e22-42f7-83ca-1555b34b06b6,Barbara Hensley,usantiago@example.org,PROD-6813,Versatile neutral emulation,Clothing,9,504.71,2025-08-09T11:42:08,pending,paypal,Malaysia,Wrightbury,4542.39
19a7a64f-b453-48ad-987e-1658f9f71f9b,1be16d85-b88e-4b40-87f2-f0dc464862a2,Dana Blackwell,hollandkevin@example.org,PROD-6623,Persevering asymmetric help-desk,Sports,3,92.93,2026-04-05T18:26:41,pending,paypal,Gibraltar,Washingtonton,278.79
82b44029-6934-4505-a462-244f0f2ac181,780c4928-d54b-4fec-9b94-6e9aa72ff57a,Helen Brown,davidmurphy@example.com,PROD-8520,Mandatory local help-desk,Clothing,8,298.25,2026-02-15T03:11:34,completed,credit_card,Nauru,Briantown,2386.0
a758cf15-84f9-4570-b1d0-f37327a1e408,4dfab049-bb1a-484b-b7f4-014832ad4a0f,Lauren Carter,dwilson@example.net,PROD-1033,Pre-emptive human-resource workforce,Sports,7,394.72,2025-08-10T23:46:41,completed,bank_transfer,Togo,South Autumn,2763.04
1512755c-11e0-4116-8093-ffc52cb03556,a99d4e2d-287d-414a-a566-d58a80c1c287,Andrea Stewart,lrichard@example.com,PROD-4098,Down-sized secondary neural-net,Electronics,2,221.81,2026-01-15T21:19:30,pending,paypal,Paraguay,Roseberg,443.62
95804d3d-57c6-41cc-a9bb-71e167a8ebf3,61001f9b-767e-484d-9206-4ec0637a86f9,Meagan Martinez,hollandanthony@example.com,PROD-2485,User-friendly stable protocol,Clothing,2,564.12,2026-02-09T11:24:03,cancelled,paypal,Colombia,Aprilton,1128.24
e7a7ba93-30b9-4d49-a623-f76c481c9bef,95d30e09-2b2a-43af-a948-cdee2f6d9884,Laura Pearson,joanna62@example.org,PROD-5160,Progressive context-sensitive attitude,Electronics,4,764.83,2026-01-31T00:42:46,completed,paypal,Congo,Anthonymouth,3059.32
cfc05d7c-97b3-47e3-ac74-a44c988db2a3,77cf2e9c-9872-47a9-930e-d64ae1fda03d,Lawrence Maynard,ashley32@example.org,PROD-1314,Proactive tangible open architecture,Food,7,224.59,2025-08-05T18:20:39,pending,bank_transfer,Zimbabwe,Mcmahonborough,1572.13
aa9a68b7-20cb-4206-b201-f771c5f479fc,3a6b8cc6-fc1c-4bae-ae7e-4905c4a49ec0,Heather Smith PhD,danielle70@example.com,PROD-6590,User-friendly optimizing monitoring,Clothing,7,29.94,2026-05-12T03:01:12,completed,credit_card,North Macedonia,Harrisonburgh,209.58
923e47cf-f29d-4472-8413-15ee80012646,907a5b48-7df4-4722-b606-308960f603ec,Melissa Snyder,courtney74@example.org,PROD-4252,Business-focused tangible synergy,Sports,2,798.19,2025-06-09T19:50:04,cancelled,paypal,Timor-Leste,Bethanytown,1596.38
0c035a09-43d9-40ea-9e4b-6a4d0aab5ff4,82597102-97e2-4943-bf1d-0ed91cd2c712,Richard White,dmurphy@example.org,PROD-6305,Synergistic directional focus group,Food,10,323.42,2025-11-16T05:59:25,cancelled,paypal,Latvia,Warnermouth,3234.2
75c65278-5a33-4c4e-855a-cac8c632d07a,2a95ae1b-9ab7-4e4b-a685-90264ab1cf33,Brian Moses,john92@example.org,PROD-7884,Persistent client-server core,Electronics,1,279.08,2025-12-02T10:10:28,pending,bank_transfer,Ghana,Wrighttown,279.08
9461338d-7e11-4d2b-9ec5-5e34fa9c7cdf,bb820090-d8da-4a34-8c36-1c29ea777b84,Mark Brown,kevin33@example.com,PROD-5039,Expanded neutral customer loyalty,Clothing,10,459.91,2025-07-24T10:16:57,cancelled,credit_card,Saint Lucia,East Tiffanyport,4599.1
4ab0096a-349d-46cd-961e-7d7227a71c59,d678ab56-e22c-4d83-bae8-6e96ab5a0d39,Donna Brown,alex34@example.net,PROD-3271,Configurable disintermediate Graphical User Interface,Electronics,1,137.87,2025-11-19T02:36:25,completed,bank_transfer,Bahamas,Port Patriciastad,137.87
f4213c10-9785-48b8-945d-4877b3fd1202,f6f2112d-0000-4a78-b384-0e18f4cf6e5a,Richard Thompson,dawnlarsen@example.com,PROD-8985,Seamless full-range focus group,Sports,8,406.76,2026-03-23T15:05:21,completed,paypal,French Southern Territories,New Christina,3254.08
e837b3a0-ce56-47d0-a330-2b44e714f8fe,2f4e7bc2-2d35-4c74-ae8c-7cba8df0a32d,Tammy Gill,aaronpacheco@example.org,PROD-4246,Down-sized clear-thinking task-force,Clothing,4,479.21,2025-11-25T15:23:05,cancelled,bank_transfer,Ethiopia,East Russell,1916.84
92ee5429-ed8f-4cbc-928f-2653f3c50e7c,05304eb7-18cf-4b0f-8f55-83ae99d12ae1,Robin Carpenter,zachary92@example.net,PROD-2340,Future-proofed asymmetric capability,Electronics,4,48.19,2026-03-06T08:54:58,cancelled,bank_transfer,Austria,Lake Tracy,192.76
067044a2-b7e2-4516-9f33-fcd0dce29305,9dd807cd-24a2-425f-bb38-90a77df577ce,Robert Green,jamesalvarado@example.org,PROD-7644,Realigned modular workforce,Electronics,4,787.96,2026-03-08T02:28:01,completed,credit_card,Austria,North Tammyhaven,3151.84
32fe49be-a563-4175-8508-b0d3518dc5fa,74259cc6-99f3-4c2b-9192-2464a82314e2,Earl Lamb,stevensmichael@example.org,PROD-8458,Cross-platform full-range encryption,Sports,1,394.19,2026-04-09T13:00:18,cancelled,credit_card,Canada,Madisonton,394.19
f3f5bf81-d415-40d2-99ad-87f437907a15,964fbfbb-8ed4-499a-bf51-6de2a97751ed,Kenneth Reynolds,bryan25@example.org,PROD-9499,Operative upward-trending focus group,Food,1,945.59,2025-06-15T15:43:36,cancelled,bank_transfer,Saint Barthelemy,Michelleborough,945.59
d23749ff-9fcb-4cd6-93fa-2908e346c52a,eaba59a9-664d-4c7a-a21e-850d41277f20,Hannah Deleon,rileyhernandez@example.org,PROD-9971,Optimized 24/7 ability,Electronics,1,584.11,2026-01-18T02:29:00,completed,bank_transfer,Malaysia,Brookeborough,584.11
73a3b6da-f388-4031-a216-5c99ad6e63e3,de98dcec-a487-4878-9120-16c281d74463,Kristin Smith,jasonray@example.net,PROD-5894,Multi-lateral radical hardware,Food,3,28.42,2025-06-19T05:03:41,cancelled,bank_transfer,Fiji,Carrton,85.26
0b297634-65d5-49b9-9fb7-9e5462ef4761,3e793383-5455-4314-adba-5f69a8164eba,Amanda Bird,russellnelson@example.net,PROD-7619,Focused real-time model,Food,7,409.32,2026-02-15T01:12:40,cancelled,bank_transfer,Burundi,East Jillian,2865.24
08579a92-f2cf-4e37-99e0-f5c23610da86,72644957-1249-4a69-a27c-6a603d121845,Valerie Burch,amy70@example.net,PROD-7498,Organized 4thgeneration help-desk,Electronics,7,901.98,2025-11-26T15:00:37,cancelled,paypal,Martinique,New Sarahmouth,6313.86
b2b1ff54-1bfa-4c39-9c53-b03d27e4560c,aad87a62-4765-4a4b-90a6-e7d5ea023ffe,Sandra Frederick,miranda22@example.com,PROD-2623,Exclusive optimizing synergy,Books,9,868.38,2025-09-24T14:02:51,cancelled,bank_transfer,Poland,Bakerchester,7815.42
79538d25-2255-4549-880c-8f3a611734bc,b7fe0dad-0b8e-4086-9da4-0d35c18dcbcb,Jenny Morgan,pamelazimmerman@example.net,PROD-1872,Enhanced optimizing hierarchy,Electronics,5,29.51,2025-12-06T22:02:28,completed,bank_transfer,United Arab Emirates,Gonzalezview,147.55
5972430b-cf1c-4313-89f7-e851f6165f32,ef1b0d0f-f09e-4f9b-8466-e4bb61999508,Jason Lee,david74@example.com,PROD-4235,Monitored composite model,Food,5,391.21,2026-02-25T23:39:23,cancelled,paypal,Cuba,Greenshire,1956.05
099c5075-b5c7-45a7-8b76-50a51db85920,2a45ae08-6f1f-4194-b9b1-65851636a850,Danielle Johnson,jeffersonmichael@example.org,PROD-1494,Business-focused demand-driven flexibility,Sports,3,590.63,2026-05-01T23:57:46,pending,paypal,Somalia,Rodriguezfort,1771.89
b7dc68dc-3432-4e89-8c0d-9ea2df29c73f,1ed014cb-e31f-4866-9d21-d147aa5d573a,Karen Lang,cory21@example.net,PROD-4867,Robust logistical policy,Books,5,784.41,2026-01-10T15:39:07,pending,credit_card,Mauritania,South Lawrence,3922.05
eb4261c0-8121-425e-b430-98347c6f36e5,23c97cf6-ba4c-4fb8-9acc-283af469b782,Edward Burton,amanda14@example.org,PROD-7068,Devolved dynamic workforce,Sports,5,572.52,2025-10-16T06:37:42,completed,bank_transfer,Kenya,North Rhondastad,2862.6
e3b98e02-39a5-4943-a503-9d1edc00dc8b,1f282a04-9c79-4e79-bd2c-3b6a4aadff3b,Sean Walls,tanya96@example.org,PROD-7839,Configurable system-worthy matrix,Food,7,943.64,2025-08-19T11:25:20,completed,paypal,Reunion,Anitaburgh,6605.48
98aeec44-e906-4001-a43e-8aeb31d007d2,9806aaf2-0aa7-4178-97a2-5a50fd7cd5c0,Mr. Joe Walker,williamspaul@example.net,PROD-9200,Quality-focused logistical secured line,Food,8,694.52,2025-12-12T09:34:44,pending,credit_card,Italy,South Maureenbury,5556.16
4cf61e6f-543d-4830-8205-bd418b72550d,8ccf20c0-2918-4e84-8a9a-c2c275a81786,Mark Cooper,wclements@example.org,PROD-2363,Stand-alone dedicated customer loyalty,Books,6,672.31,2026-05-20T05:28:13,cancelled,bank_transfer,Algeria,West Dana,4033.86
8bbc39ff-f776-4a49-b1e8-b49fc5a822e2,1ab87d34-1b0d-40a0-a00c-f38e78797748,Mark Sullivan,lejustin@example.com,PROD-3549,Public-key well-modulated flexibility,Books,2,992.12,2026-03-22T19:33:16,completed,bank_transfer,Ukraine,Kyleport,1984.24
106b0d80-0635-498f-9f1c-381b306923bf,1d67ebc2-0b47-4648-a49e-f966cf78cf96,Billy Phillips,felicia31@example.org,PROD-4276,Stand-alone zero administration Graphical User Interface,Clothing,4,522.65,2026-01-05T23:28:08,completed,paypal,Bahamas,Port Rachel,2090.6
52a4e10d-e3c8-41cf-8e48-057df6d576e9,6b2c1219-f699-41d1-99c0-74236b81d20f,Elizabeth Fields,morganconley@example.com,PROD-3758,Enhanced disintermediate software,Books,7,122.18,2026-03-19T05:44:49,pending,credit_card,Poland,North Samanthabury,855.26
ae042f8c-8d58-424e-bd1c-ea22e2adf959,02a91d00-ca71-4548-8b11-78da99a5a2b6,Michael Lee,tgreen@example.net,PROD-4294,Managed tertiary system engine,Books,1,154.45,2025-10-23T02:28:41,pending,bank_transfer,Mayotte,Lake Hannahburgh,154.45
bde0816f-80d0-4908-8d46-c2a2ee57e110,2052ddfe-1dd5-47ec-9895-2a637ee8f4c1,Colin Lowery,stevenmcdaniel@example.com,PROD-5464,Intuitive fresh-thinking budgetary management,Food,5,158.96,2026-01-15T17:25:13,cancelled,bank_transfer,El Salvador,Darrenstad,794.8
32b4a1e3-b597-4789-ac21-71a07c45e0ea,14579066-d8d2-4311-8bbe-d4a2b732fe44,Melanie Mitchell,christopherholland@example.com,PROD-3650,Cross-platform composite function,Books,4,42.68,2025-08-08T12:54:53,cancelled,bank_transfer,Saint Helena,Ashleystad,170.72
174e17cd-2409-4ae0-97f5-d638b6e167ee,b133747b-e3ff-4737-a786-bb234ca074cd,Matthew Mcdonald,vscott@example.com,PROD-9276,Virtual mission-critical moratorium,Sports,9,946.96,2025-08-25T16:50:49,completed,paypal,Timor-Leste,New Brendaville,8522.64
49121ff0-b26e-4ad1-9ee8-b72bcfb53788,3c63d9f6-d697-442b-b001-d3ded078c73d,Kenneth Thompson,cynthia28@example.org,PROD-1041,Multi-tiered homogeneous knowledgebase,Books,8,329.14,2025-06-03T21:05:11,cancelled,bank_transfer,South Georgia and the South Sandwich Islands,New Christina,2633.12
1c9276bb-90e3-4165-8751-1e16888134fa,29fdeacc-5af1-4528-a28e-36bfb5811426,Courtney King,brian89@example.net,PROD-6292,Quality-focused zero-defect implementation,Food,3,369.72,2026-03-26T23:33:04,pending,paypal,Tuvalu,West Kennethmouth,1109.16
bf40f098-ccd8-4137-99dc-2d5a54a4357d,adebb500-fd02-49cc-8348-c95b6346079c,Isabella Duran,traci46@example.net,PROD-7767,Assimilated stable protocol,Food,5,943.09,2026-05-21T09:38:33,pending,bank_transfer,Ukraine,Port Madisonberg,4715.45
50c2c7d1-3da9-4583-b76a-8baa6107fc28,b00bcac0-6f31-477f-b8f8-b3c92028d848,Olivia Warren,msmith@example.com,PROD-7021,Triple-buffered responsive orchestration,Books,1,733.34,2025-09-11T01:01:15,completed,paypal,Yemen,West Joseburgh,733.34
b13df8d1-8dc6-45e8-ad79-ba27364cecee,fd9fb1b1-30ce-4690-960f-db80d6877437,Tamara May,richard91@example.com,PROD-9615,Ergonomic leadingedge infrastructure,Clothing,3,44.91,2025-10-08T15:07:11,completed,credit_card,San Marino,Pamelaside,134.73
f645d18d-550a-4cb4-b6c8-cf977193a6ab,869ebf71-3c50-40aa-b67a-23c9649f6595,Sandra Hartman,kimberly56@example.org,PROD-2062,Quality-focused dynamic software,Clothing,10,958.1,2026-01-19T15:00:04,cancelled,credit_card,Korea,Sandraside,9581.0
5b249d54-26d4-4b15-a911-5ee478079df6,d1d88180-df34-4841-a2e7-67dcea84eee4,Melanie Jordan,rickyturner@example.com,PROD-1935,Innovative value-added synergy,Food,1,571.34,2025-06-15T16:08:20,completed,bank_transfer,Greenland,Port Meghanborough,571.34
5e1c1fcf-abde-4381-a9a2-5f5e9af59b2e,78ce6a7d-69f9-40cf-8e54-756b1ff951fe,Justin Wise,donnarivera@example.net,PROD-6180,Reverse-engineered systematic artificial intelligence,Sports,4,30.08,2025-10-13T17:20:31,cancelled,credit_card,Gambia,Ericside,120.32
f5e424b3-d6af-47f2-87ec-0a3cd8be497d,6a179088-e893-4d38-a1b9-cc4fd2eb63b7,Tammy Salazar,nhart@example.com,PROD-8004,Networked composite definition,Clothing,2,723.82,2025-07-07T03:50:37,cancelled,credit_card,Costa Rica,Kochchester,1447.64
02513604-6e1e-4602-a712-d1b36c723a08,a74e0a38-628f-4837-940c-ec1ee6c2af06,Brian Francis,colleenalexander@example.net,PROD-3781,Public-key bottom-line middleware,Food,5,229.17,2025-11-01T06:24:08,cancelled,bank_transfer,Honduras,Jameshaven,1145.85
bd28f12a-1a51-4fa6-8bfe-d3e4d187da4a,d9daa2de-6d42-4916-b239-dc8ef4d3cb9c,Jeffrey Dixon,brenda72@example.org,PROD-6089,Grass-roots dynamic hardware,Clothing,1,878.63,2025-08-24T00:13:24,pending,bank_transfer,Equatorial Guinea,Codychester,878.63
3ac12816-ef8d-4a8f-bd45-603ba8ce7fba,8f82461e-993b-44ad-b725-5c177302a1ba,Daniel Patton,ulamb@example.net,PROD-9613,Virtual tangible circuit,Food,5,438.25,2026-01-18T19:41:39,completed,credit_card,China,Greenberg,2191.25
53d6a91e-1d9b-4907-9fd1-25e36e769ae9,a1a2f8a9-d9b7-46b6-bb8b-93c96c67fed2,Stephen Phillips,imanning@example.com,PROD-1132,Versatile high-level portal,Electronics,3,160.93,2025-06-26T06:20:51,pending,credit_card,Senegal,Lewisshire,482.79
a43f9d31-0185-4d03-93f0-a50b0f0b38b7,85f0950e-dbe0-49de-acf8-f7e7a50c7f9b,Mr. Jose Higgins,sthompson@example.com,PROD-1529,Automated user-facing success,Electronics,3,730.93,2026-02-21T02:18:39,completed,bank_transfer,Brazil,Bensonmouth,2192.79
f548e18d-f10c-42cb-b9df-bbef3338253b,80d5ff80-035d-4f8f-8b50-6cd4253599d6,Mrs. Megan Wilcox DVM,rpatterson@example.com,PROD-5625,Secured impactful data-warehouse,Clothing,9,282.4,2025-12-29T19:05:26,completed,bank_transfer,Afghanistan,Joshuahaven,2541.6
77033858-9297-46d1-83f6-891a5aa472a5,2f297158-e58b-4580-98d0-b2416045ef15,David Frank,ffrench@example.org,PROD-3704,Universal empowering capacity,Electronics,1,264.9,2025-06-22T18:27:19,completed,paypal,Trinidad and Tobago,North Daniel,264.9
ba80f9cf-8497-4566-976a-a34cc0efc527,c8de2615-9c0c-4b12-8f23-b70ba2186753,Kelly Larsen,nguyendeborah@example.org,PROD-7813,Synchronized multimedia instruction set,Electronics,2,185.59,2025-07-10T18:38:08,pending,credit_card,Azerbaijan,Schmidtton,371.18
43ee6682-2c0b-4e78-92c1-55ff98d7938a,6b04d639-ffa0-4dd5-bca1-8c706b77bab2,Katrina Rhodes,fwright@example.net,PROD-5520,Enhanced neutral help-desk,Books,2,477.69,2026-04-16T06:09:02,completed,bank_transfer,Bahamas,New Peterport,955.38
efe41027-9ab0-4000-ba2d-7f3ae7a2c840,cafde267-f87b-4e1b-99f8-d1a9ee45b99f,Tracy Burgess,tina30@example.net,PROD-2666,Programmable static solution,Sports,4,777.72,2026-05-16T21:01:35,pending,bank_transfer,Sweden,Larryton,3110.88
049fc275-d9ed-4cd5-9beb-0770aab5cc5c,04a1f895-5c39-43ad-b4fa-8b76f3a1e728,Stephen Moore,jlewis@example.net,PROD-8058,Robust tangible hub,Books,9,907.46,2026-05-24T02:54:24,cancelled,credit_card,Saint Helena,New Jessicatown,8167.14
ead1cf97-4ce6-46d6-9cc5-caa97e3c0c13,10a77413-9d9f-4cb1-b533-95fc4fb0a08a,Alicia Matthews,stevennoble@example.org,PROD-7765,Horizontal client-driven success,Clothing,3,161.95,2025-08-12T10:41:09,cancelled,credit_card,Panama,Lake Jacob,485.85
63dbd5e0-8c80-4d60-bca7-f4722d82d1ff,d9a9a0e8-f8c5-4e77-9b23-cc0708a08e1f,Rachel Thompson,fbrown@example.org,PROD-7790,Fully-configurable real-time time-frame,Electronics,10,360.68,2026-04-01T14:43:11,cancelled,credit_card,South Georgia and the South Sandwich Islands,Lake Derek,3606.8
6285af48-0e23-4ec1-8e57-8112a071a418,30127dad-edef-4f38-b6be-5d23c234b7f4,Hannah Williams,andersonjoshua@example.org,PROD-9650,Polarized reciprocal paradigm,Electronics,3,408.6,2025-10-10T13:56:27,pending,paypal,Reunion,Hunthaven,1225.8
feef3b9b-3840-4887-a3eb-667cab90d9cd,a6c43b9d-63c3-40ba-82f1-a2257ad6e589,Victoria Donovan,zmartin@example.net,PROD-9787,Decentralized 24/7 encoding,Clothing,9,418.81,2026-05-08T19:21:34,completed,paypal,Panama,Charlesstad,3769.29
7c1d5c20-0662-422b-8187-126e97ebb061,9d93bebf-16a2-420b-a2dc-8af6cf85b725,Gloria Hess,diazdean@example.org,PROD-5499,Grass-roots stable Graphic Interface,Sports,8,386.07,2025-09-30T22:10:12,pending,credit_card,Western Sahara,East Craig,3088.56
7661fab7-6bbf-48b7-8a4a-82482843bcc8,efdb5f31-9f7e-4d48-874a-1c2c02066e71,Thomas Underwood,howarddana@example.net,PROD-3921,Realigned 4thgeneration functionalities,Sports,4,654.29,2025-06-01T11:20:36,pending,paypal,United States Virgin Islands,North Alisonville,2617.16
064c91fd-2ee3-4233-bf27-b06102bb3722,6803d32e-396a-4dac-8e89-a65c2105a0e0,Jose Hernandez,crystal48@example.net,PROD-4521,Mandatory systematic policy,Food,9,406.93,2026-01-16T19:12:08,completed,paypal,Wallis and Futuna,Danielland,3662.37
1262a33a-9531-4de9-a5fc-396503f6c1d9,6f4d13ce-2eb1-42b8-b00f-4b3a4ae9fc43,Michael Daniel,hartmichael@example.com,PROD-6519,Distributed 24/7 throughput,Sports,2,910.07,2025-07-13T18:28:58,pending,paypal,Eritrea,East Raymond,1820.14
e29d7407-77c3-4b83-812e-55efe706c6b3,a411c2de-03b9-4160-8cf8-212cb7a339e2,Raymond Morris,dawn92@example.net,PROD-2555,Programmable asymmetric initiative,Books,4,360.14,2025-06-04T20:25:27,completed,paypal,Mexico,Lake Mariehaven,1440.56
4254beaf-5e66-4115-9059-34f663e43aac,41d38bf1-43e0-4fc8-9a7e-d594cc590ed8,Erin Mcmahon,tjordan@example.net,PROD-3448,Diverse logistical time-frame,Books,5,963.06,2025-05-30T15:20:07,cancelled,paypal,French Southern Territories,Ronaldberg,4815.3
05e6d96a-f71c-4c5e-9dd8-dfcfd2d85762,808a6d70-a0bc-407a-b0b2-aa1d4fe87ef8,Edward Jackson,owolfe@example.com,PROD-1839,Multi-lateral directional time-frame,Books,6,42.9,2025-09-06T12:25:40,completed,paypal,Poland,Kevinmouth,257.4
5c54e99e-3c2d-4445-a191-a924e37e94a8,48f9e9e2-fdad-4b99-8633-dd0579d9cb63,Alexandria Clark,akelly@example.org,PROD-8135,Streamlined well-modulated core,Electronics,6,668.17,2026-03-01T23:26:55,completed,bank_transfer,Brazil,Griffinmouth,4009.02
050fe66c-fe4c-400a-b2cc-b314bbb52a8d,4c44aff4-b704-4f38-9610-9beed055fe51,Thomas Stephenson,blakebishop@example.org,PROD-8792,Ergonomic value-added instruction set,Books,2,903.44,2025-07-09T20:47:34,pending,bank_transfer,San Marino,Lake Timothyberg,1806.88
0b070d39-b7d4-4800-902c-e26717f22c64,7b635788-3370-4eb4-ae34-2525822924a1,Brandon Cox,olsonkristina@example.net,PROD-2766,Grass-roots bandwidth-monitored protocol,Books,10,201.38,2025-05-27T04:50:29,pending,credit_card,Israel,Phillipmouth,2013.8
45b66644-8391-4bc7-853c-b8359994c4dc,4b8f160f-03c5-437b-ab60-00831644cc05,Sydney Villarreal,psmith@example.net,PROD-3356,De-engineered holistic synergy,Sports,10,350.2,2025-11-01T07:42:06,completed,bank_transfer,Saint Lucia,Pachecoton,3502.0
93f479b8-e489-4525-a813-d55c2c775600,2b6f2115-7eaa-4b21-a275-818ddd4ee501,Christine Jones,operez@example.com,PROD-7739,Persistent context-sensitive orchestration,Sports,1,707.0,2026-03-16T16:19:43,completed,paypal,Lesotho,Laurieton,707.0
66e7641b-63c8-421d-b9bf-c2470f73c8ad,0024d8c7-6239-45a4-9590-569249e76d0b,Mason Smith,brandon20@example.com,PROD-1422,Cloned executive analyzer,Clothing,1,72.63,2026-04-28T14:44:14,completed,credit_card,Bulgaria,Lake Davidton,72.63
644020dd-847f-4f5a-87af-f73f5b755815,61db73b1-022d-4fa6-9a9b-2ed9740abdec,Daniel Flores,xlopez@example.org,PROD-5790,Grass-roots solution-oriented database,Electronics,7,595.31,2025-06-15T19:28:22,cancelled,credit_card,Algeria,Lake Karenstad,4167.17
5470d4d6-c46a-4b10-9981-d375b13d45d3,4899dc2e-c253-46d5-b05a-a29eb7a8fb9c,Christine Williams,aprilsullivan@example.com,PROD-1501,Enterprise-wide holistic hub,Electronics,4,272.05,2025-09-22T15:41:01,cancelled,credit_card,Nicaragua,Rebeccaborough,1088.2
d323ea9d-4840-452d-bb29-272589c7cbb6,0e8c1a51-74b7-4887-8dc6-53bfe1e671ff,Brian Fox,tarahoffman@example.com,PROD-8370,Synchronized holistic function,Clothing,5,432.23,2025-06-16T03:59:32,pending,credit_card,United States Minor Outlying Islands,Wellsfurt,2161.15
aa0b3d89-4097-45fc-965c-e84b46e63cfa,da509d72-9402-4325-a646-79d6c6155f67,Barbara Green,michael85@example.org,PROD-2255,Programmable radical leverage,Clothing,4,856.25,2025-07-28T17:51:35,completed,credit_card,Holy See (Vatican City State),West Steven,3425.0
2c8ac4d6-57a0-4102-ad0b-cff9c2d0e97f,e3bcad36-97f7-4519-bd57-208547829150,Samantha Owens,youngmelissa@example.com,PROD-2725,Ergonomic optimizing hierarchy,Sports,4,358.98,2025-10-11T16:33:42,cancelled,paypal,Northern Mariana Islands,Millermouth,1435.92
13cda170-1fd8-4d9c-9bf4-4c4ad2016186,3d323053-604a-4ed4-a0a1-a79e42ec0642,Anthony Malone,cjohnson@example.com,PROD-7067,Optimized 24/7 projection,Electronics,4,535.38,2025-08-17T16:58:58,cancelled,paypal,Saudi Arabia,Richardsonville,2141.52
863c1a25-ac80-4eb6-ba41-8eb6d40a6e09,34ac1c01-8421-4b91-8bb3-230ea86e3629,Erin Mcdonald,cmartin@example.com,PROD-1130,Focused neutral time-frame,Electronics,10,476.2,2025-06-18T21:52:47,completed,paypal,Vietnam,South Thomasburgh,4762.0
fe64a2b0-f518-4a92-be58-ae68510bad6a,60c298c3-40fc-4596-8739-cefd9cb275a1,Nicole Patton,nicholas77@example.net,PROD-5062,Distributed reciprocal knowledgebase,Clothing,10,735.24,2025-12-15T19:09:34,completed,credit_card,Somalia,Josephside,7352.4
1dd1cbbc-7dab-4952-adf7-7ac7c2024098,3a81a147-e9bd-40c6-8c59-ff2efc034e85,Sergio Robinson,elizabethramsey@example.com,PROD-6747,Persevering context-sensitive challenge,Food,1,389.14,2026-05-23T01:34:35,completed,paypal,Burundi,Lake Chelsea,389.14
d35e7a2c-72da-4423-b5c3-9532cbfe1071,8689d8d9-6401-46fc-8fc0-f7d67de6edb7,Sarah Harris,yatesjacob@example.com,PROD-8874,Customizable client-server Graphical User Interface,Food,10,510.05,2025-05-30T16:43:51,cancelled,paypal,United States Minor Outlying Islands,East Justin,5100.5
031ef035-3f3e-448d-adb6-00c1f83ca722,0e72ac74-52ad-4a4e-be57-c557b379cc6c,Amanda Lewis,sherrimartinez@example.org,PROD-5433,Function-based homogeneous circuit,Clothing,4,985.26,2025-12-05T12:23:35,completed,bank_transfer,Nigeria,Martinezhaven,3941.04
f6803335-bf42-454e-90ce-805a201aaeaa,813a8dc7-2944-4e61-a4de-306c91319730,Meghan Mcconnell,christopher62@example.com,PROD-9813,Polarized dynamic emulation,Clothing,8,911.83,2026-02-23T03:43:00,cancelled,paypal,Comoros,Greenton,7294.64
d4c937d1-cb91-49e4-b98e-dec5daa715ae,4c12559f-5ff3-4874-b916-df16c73731bd,Michael Choi,xcook@example.org,PROD-3265,Cross-platform interactive middleware,Clothing,5,189.09,2026-05-01T12:08:16,completed,credit_card,Guinea-Bissau,West Sabrina,945.45
322011c2-bcee-4997-8f52-174acd8f2f38,759c6651-a0e6-497c-8e06-fad4da526ef5,Jessica Sparks,russellmark@example.com,PROD-7309,Organic context-sensitive info-mediaries,Sports,4,42.87,2025-09-08T13:29:28,cancelled,paypal,Congo,Port Deniseport,171.48
3a33189f-fecb-47ac-a399-5487ca472aa7,8b1d553b-f0ad-4a97-a624-7a9f0093259a,Carlos Schroeder,thompsonian@example.net,PROD-4986,Managed demand-driven Graphic Interface,Clothing,5,162.9,2025-07-19T07:06:22,pending,paypal,Seychelles,New Stephentown,814.5
e4f4bdf8-e8c3-47c5-84b5-ded330fce49e,5d9dc98f-8c24-4bff-8633-5c354d60276d,Jill Jackson,daniel76@example.org,PROD-3238,Pre-emptive homogeneous matrix,Electronics,6,510.95,2025-10-17T15:08:33,completed,paypal,Marshall Islands,Greenstad,3065.7
8940b026-7c54-4847-9e54-5b7379d8a5fe,feef5c77-595c-48f9-91fe-71bac1613835,Maria Cisneros,jeffreydiaz@example.com,PROD-4139,Synchronized 24/7 hardware,Books,3,648.64,2026-04-11T13:16:36,completed,paypal,San Marino,North Carla,1945.92
4b640471-7ad5-4203-8758-3d740aef4046,0fec7ae9-8547-426e-917f-3030fe80b941,Albert Gibson,martin69@example.org,PROD-3294,Open-source intangible projection,Books,7,445.68,2025-07-29T20:14:49,completed,paypal,Cayman Islands,Janiceburgh,3119.76
5eb09eca-ca3d-4d99-8774-6e5725bba5f3,670c649c-6cf8-421a-a1c1-2e2e2ff5cf1b,Jennifer Blackwell,kbrown@example.org,PROD-4298,Function-based coherent firmware,Sports,10,976.13,2025-10-12T14:53:17,cancelled,paypal,Gabon,Angelaberg,9761.3
9717447a-9c7a-449a-bc10-4b38b98a6253,969bef0d-fe2f-4860-ae4e-1d073736e7d5,Christopher Williamson,kimberlyrivas@example.net,PROD-5648,Balanced hybrid strategy,Clothing,9,236.93,2025-08-21T08:38:05,cancelled,credit_card,Lebanon,North Jeremiah,2132.37
73d0750f-3efa-438f-a31a-d17bcb75d045,a0617bfc-3aa4-4435-a1b3-2c17f2bb50e4,Maria Collins DVM,timothyfischer@example.org,PROD-5436,Profit-focused logistical Graphic Interface,Clothing,7,218.43,2026-02-12T20:56:03,cancelled,credit_card,Netherlands,Davidshire,1529.01
9f7b98b2-b1bd-4f4d-a2ab-a7297e1423b0,365763fd-1c28-4fe1-85c6-f2178190b988,Krystal Vazquez,juan20@example.com,PROD-4131,Synchronized non-volatile capability,Food,5,875.22,2026-05-22T12:58:59,pending,bank_transfer,Malaysia,Carterberg,4376.1
fdfbd9ca-02e9-4545-9658-df17f5c2aa6e,a9ddb718-9d24-47a2-b430-78f0989aa068,Tammy Matthews,mjenkins@example.com,PROD-9257,Cloned solution-oriented matrix,Food,7,867.45,2025-09-28T22:52:09,pending,bank_transfer,Mali,Port Jason,6072.15
6afb076b-03ab-4288-ba60-526d00191afc,7f569315-b589-4392-8d7d-e062616e266e,Deborah Cole,chloe48@example.org,PROD-1165,Distributed secondary task-force,Electronics,2,915.39,2026-03-02T18:34:20,cancelled,paypal,Aruba,Olivermouth,1830.78
435d4b1a-36e8-4f65-9008-104324dcd965,6ce9b4c2-fa12-4e9d-a271-bef1b7749e18,Alan Roman,lisa24@example.net,PROD-3812,Future-proofed zero tolerance budgetary management,Books,7,81.56,2026-05-02T17:08:22,completed,credit_card,Maldives,Robertton,570.92
8169bc43-1eef-420d-9044-7b39369541ae,ea698b5c-4f83-4f21-b360-100736b003aa,Justin Fox,tuckerjared@example.org,PROD-4179,Managed intermediate model,Sports,4,823.94,2026-04-20T18:57:33,completed,paypal,Tokelau,New Martha,3295.76
1fa0917d-1549-455f-9cf4-d95ba8925365,bad80e70-6005-4437-a8f4-b2e474fc20d3,Dawn Harris,chenangela@example.org,PROD-5420,Organic asymmetric array,Food,4,251.17,2025-07-23T12:19:18,pending,credit_card,Portugal,South Ian,1004.68
0cca4ce4-9475-4177-93a9-372279c420f9,cfb9ec2b-43bb-411a-82f3-f7174398055a,Joseph Clark,bvilla@example.net,PROD-9895,Cross-platform transitional middleware,Clothing,6,879.07,2025-09-25T15:38:07,completed,bank_transfer,Philippines,Kemphaven,5274.42
c72ee054-fc5f-4e83-9677-6fc0c55d936e,6710ee33-e49b-4fd3-af63-c30a8ef44779,Betty Gutierrez,lauraflores@example.org,PROD-3692,Quality-focused even-keeled product,Electronics,8,122.75,2025-07-31T17:01:15,cancelled,bank_transfer,Kyrgyz Republic,Jamesstad,982.0
c52702df-9d6a-43cf-b23b-a93f94af90e8,d97d2095-6402-4f48-9643-04553c1b4230,Mrs. Leah Torres DDS,jasonsmith@example.org,PROD-1409,Ergonomic local circuit,Sports,5,432.65,2025-12-11T20:27:00,completed,bank_transfer,Indonesia,North Ashleyburgh,2163.25
db60e5a0-f952-4956-88c0-bcb54bbd5f1b,a1e6f014-6f72-4433-861c-2a6da8fa6583,Jennifer Fernandez,jonathan37@example.net,PROD-9408,Down-sized secondary superstructure,Electronics,9,595.33,2025-12-30T15:23:34,completed,credit_card,Tajikistan,East Justin,5357.97
fe6a3ddf-f992-4992-bfa4-ab9b3cdbff70,866c3ea2-f222-4416-9989-ddcccce12216,Crystal Barker,fergusonzachary@example.net,PROD-8055,Expanded 24/7 architecture,Electronics,9,77.41,2025-10-31T23:21:13,cancelled,credit_card,Tokelau,Michaelburgh,696.69
102c1806-2573-41c0-a7a4-ca6f921840c2,53be93a4-c4ae-4ac6-ba30-b79b0503597d,Dr. Brian Freeman MD,camposmatthew@example.com,PROD-5777,Operative bandwidth-monitored secured line,Clothing,6,328.88,2026-02-26T05:38:06,pending,credit_card,Colombia,Fernandezborough,1973.28
3d3e1594-cb6e-4f9a-bf53-756f8121cb36,8ee329f0-01c9-4b69-b0ef-93eb57474df5,Hannah Rollins,gdean@example.com,PROD-5668,Reverse-engineered composite support,Electronics,9,142.65,2026-02-19T00:33:43,pending,paypal,Taiwan,Port Richardland,1283.85
d2c5f10d-72f4-4497-939c-3074b11428d5,34f2527d-82ff-40c8-97d6-1250a0d975e2,James Pena,virginiamartinez@example.org,PROD-1429,Up-sized radical secured line,Clothing,1,356.18,2026-02-13T16:35:13,cancelled,credit_card,Colombia,Youngville,356.18
1d995dcb-0916-4cf4-baa5-116a2c713b66,b6752bba-6f64-4ebb-9179-b86179bd08bb,Laura Murphy,meredithbishop@example.org,PROD-5975,Visionary zero-defect attitude,Sports,10,827.57,2026-03-15T01:26:49,completed,bank_transfer,Christmas Island,New Amyshire,8275.7
e3a57787-ebd7-44d3-8069-a8775acf951f,cf30aaff-0810-4387-a829-8712751ca9af,Vincent Hayes,torresapril@example.org,PROD-9503,Progressive human-resource monitoring,Books,5,493.16,2026-03-17T20:45:36,pending,credit_card,Dominica,Williamstown,2465.8
4f0f5d93-c85e-4806-806f-32103130e7dc,01866c2b-868a-469b-8863-771ebb94886b,Jordan Obrien DDS,lewismonica@example.net,PROD-9430,Multi-layered national Internet solution,Electronics,1,810.35,2025-12-21T10:44:35,pending,bank_transfer,Switzerland,Brandiside,810.35
fbcfb96f-15be-4ec6-b806-428fa3d93ec5,52c92f81-8940-4e6d-9f5a-cb5815f83473,Robert Johnson,james06@example.com,PROD-6899,Fully-configurable optimizing interface,Sports,9,838.63,2025-08-09T15:07:51,completed,paypal,Cayman Islands,Olsenmouth,7547.67
cbf329a6-af0f-4484-8962-fa36abe1a130,d7330e37-7a92-4f74-abfc-f29880636f3a,Dustin Collins,joelogan@example.net,PROD-7844,Managed disintermediate strategy,Books,5,585.7,2026-04-30T06:49:08,cancelled,credit_card,United States Minor Outlying Islands,West Sherylville,2928.5
1ca4192d-8a3a-4cac-a198-30e6e5dea12e,e8ccb7bc-9e9b-48bd-93d7-c6800b8af1a5,Colleen Wilcox,andrewshayley@example.net,PROD-3819,Networked disintermediate instruction set,Sports,8,460.87,2026-03-20T03:58:50,completed,credit_card,Finland,West Crystal,3686.96
23e309bf-2261-4bdd-8b89-f59f56f0da9e,58be9808-9322-4082-87dd-d45c2ba13041,James Lopez,jasonjordan@example.org,PROD-7429,Realigned local help-desk,Sports,7,736.45,2026-05-20T17:21:00,cancelled,bank_transfer,Jamaica,Mauricetown,5155.15
9f11e56b-e6ed-42c1-bd90-6cd070724d40,600520e1-2aed-46ed-acdb-173de33bf10d,Kerry Hayes,jennifer03@example.org,PROD-3278,Automated stable infrastructure,Books,6,579.79,2026-04-15T19:25:16,completed,credit_card,Antigua and Barbuda,Clarkstad,3478.74
909aba3e-ba60-4d9a-a2d5-7e89390d3e6b,5e687eff-5088-4c9f-9347-c20b6912ea2c,April Burch,ayalajeremy@example.com,PROD-4303,Multi-lateral web-enabled website,Books,2,228.81,2025-12-21T21:51:38,cancelled,credit_card,Slovakia (Slovak Republic),South Walterland,457.62
08d5d475-f437-4f3c-b95b-0cb4852f1e71,6f8b8678-a44b-4c06-b6fd-f8effa08ba86,Kenneth Clark,jennifer40@example.org,PROD-9036,Seamless high-level service-desk,Books,1,163.9,2025-08-25T05:55:03,cancelled,bank_transfer,Mayotte,East Rebeccamouth,163.9
e4da9f49-9744-40aa-8b7a-1e7c000ba48e,9febf8d4-a405-4e9f-8006-8e2de1e3f0df,Brandon Maldonado,walshbenjamin@example.org,PROD-5415,Reactive real-time capability,Sports,6,549.5,2025-09-20T05:39:45,completed,paypal,Swaziland,Burtonmouth,3297.0
75edc9dc-ff6d-4cda-9ec8-eb99f4cc267b,b9f58f30-5d10-4535-a7e9-7215a2418137,Mary Miller,cheryllane@example.com,PROD-1780,Diverse bifurcated infrastructure,Clothing,7,385.05,2026-04-11T06:58:31,completed,credit_card,Pakistan,New Jodiport,2695.35
93f3fc14-f2ff-438d-9f76-952517a5c2ed,8117310b-d821-4d14-a7e2-6ebdbf01a656,April Thomas,aprilmendoza@example.net,PROD-3218,Multi-channeled user-facing database,Books,6,712.99,2026-02-15T15:24:48,pending,credit_card,Antarctica (the territory South of 60 deg S),Lake Anthony,4277.94
94978605-5b1c-4bc9-8f5f-512a827db698,691272bd-1834-46f4-9baa-25360396acb3,Ashley Reynolds,deborahscott@example.com,PROD-3354,Function-based zero administration support,Electronics,1,823.96,2025-07-16T18:24:45,cancelled,credit_card,Burundi,Wilsonland,823.96
95797ef3-5dce-46c0-a71c-cd5b8b64e1cc,ce8db476-69f8-473c-89fb-0c089e9ba9d7,Courtney Moore,wevans@example.com,PROD-7964,Networked full-range concept,Books,4,684.46,2025-11-25T08:31:15,pending,bank_transfer,Ecuador,Parkerland,2737.84
f27f8750-35c2-48cb-b0d2-818b056fea6b,9179678f-d8c5-4aab-978f-c07caf57cb19,Kathy Bailey,ecooper@example.net,PROD-6677,Profit-focused zero administration synergy,Food,10,154.73,2026-03-13T22:36:18,cancelled,paypal,Cote d'Ivoire,East Stephanie,1547.3
0a6feb0e-184b-4bb4-9eea-b6a6781e546f,b1394c04-99a2-4cf2-a205-e4b0ce67bfa7,John Rodriguez,jeffreyweiss@example.net,PROD-1371,Profound intermediate alliance,Books,7,989.3,2025-11-23T06:36:43,completed,bank_transfer,Mauritius,Port Brittany,6925.1
8f5acdd5-0a7e-41c5-b90f-9b47d4e50c94,b1b3305b-613d-4240-90f4-8b66a6416517,Stanley Johnson,matthew78@example.net,PROD-2164,Visionary 3rdgeneration throughput,Books,2,260.91,2026-03-15T09:49:51,completed,credit_card,Belize,Hallview,521.82
2d203dde-88cc-4ee1-be86-cb904059e524,6700310f-317d-45b7-ae32-bb856e8daa07,John Bailey,dana93@example.com,PROD-3000,Ameliorated static database,Clothing,9,573.54,2025-12-31T06:24:16,pending,bank_transfer,Saint Barthelemy,Jamesstad,5161.86
e7e80bae-bd38-404f-ab85-95fe278e8097,66465fbc-ac7f-4fb9-9772-6fac808154e2,Leah Saunders,smithmichael@example.net,PROD-5620,Proactive disintermediate artificial intelligence,Food,4,930.69,2025-07-25T01:16:13,completed,credit_card,Ecuador,West Peggyshire,3722.76
0ea6a1d0-4371-4ae4-82ed-fee94f8a5324,5cf5ad95-6d17-4bbe-9a86-7b9d6f7077fe,Jeremy Hansen,vhicks@example.org,PROD-4945,Persistent cohesive time-frame,Clothing,4,928.3,2026-01-27T07:13:21,cancelled,credit_card,Trinidad and Tobago,East Tiffanytown,3713.2
950da0da-4d6f-4b6a-830e-1e789c60cb36,0384e469-b445-47c1-8598-3026360714ba,Heather Smith,xspencer@example.com,PROD-2787,Cross-group optimal synergy,Books,4,618.12,2025-11-14T14:14:37,pending,bank_transfer,El Salvador,East Samantha,2472.48
d406bcba-ffdc-4836-a0fd-92b29e7e788e,0ddce15f-98a5-4a06-a7c7-548c9882ebc9,David Jenkins,christinejoseph@example.net,PROD-9481,Object-based executive protocol,Food,5,934.13,2025-09-26T15:12:42,cancelled,credit_card,Equatorial Guinea,North Amanda,4670.65
34784d4a-df8a-41ff-a521-80a002f28e5f,1804732a-80dd-498f-b490-40ee6038c5f7,Michael Tate,daviesmegan@example.org,PROD-1807,Front-line optimal challenge,Electronics,4,124.49,2026-02-20T08:29:58,completed,credit_card,Botswana,Stanleymouth,497.96
3707be54-a5c3-4d81-aadf-cafd68bec351,e607f3f7-11e3-4a7a-b1c8-d1dadf03c294,Tracy Perez,derek61@example.org,PROD-1751,Multi-layered multi-tasking secured line,Sports,1,44.1,2025-06-06T15:31:53,cancelled,credit_card,Guinea,East Holly,44.1
6552114b-bbbe-445d-bd28-bb013bda6268,45ad165f-78c9-4653-accd-b4741cab58ef,Julie Riley,twilson@example.com,PROD-5037,Focused upward-trending open architecture,Clothing,1,838.53,2025-12-01T17:18:22,cancelled,credit_card,Gibraltar,Juliehaven,838.53
e77a1be1-ed38-4437-bbcb-32ce0430418f,2f41c390-0c7e-405b-a20c-4be8114c7e6f,Emma Campos,adam60@example.com,PROD-6975,Balanced tangible initiative,Sports,2,583.69,2025-08-15T15:48:51,cancelled,credit_card,Puerto Rico,New Johnburgh,1167.38
6871b6e4-3adf-470d-a253-e27784922c1f,9d0c0882-0a05-4e00-9963-cc4d6f652067,Edward Jones,susanvargas@example.com,PROD-1716,Balanced contextually-based Local Area Network,Books,10,922.62,2026-05-08T13:22:33,completed,bank_transfer,Botswana,East Charlesview,9226.2
e3df58cc-68f4-46ab-9694-5cb215c2f216,e3bdd078-f4ad-4ca5-847d-269c1773f47a,Amy Murphy,omorse@example.org,PROD-8937,Open-architected analyzing instruction set,Sports,10,747.63,2025-12-23T01:20:08,completed,credit_card,Israel,Andreafort,7476.3
61d47293-7841-4979-a184-0eb93d2c8229,7f986b7f-4e95-405b-87d6-c2ee37e25c18,Leah Cox,ryanmaldonado@example.net,PROD-6262,Visionary dedicated concept,Electronics,4,816.4,2025-07-25T15:45:02,completed,credit_card,Mayotte,New Chad,3265.6
dd6b3a25-7926-4d03-b587-df7eee0e3e7f,6fbf3a21-0a13-4fc3-88b2-82eba1af0043,Robin Hughes,diane69@example.com,PROD-4719,Versatile systematic productivity,Sports,5,73.79,2026-05-07T10:25:21,pending,paypal,United Arab Emirates,New Jade,368.95
e12f622c-50ad-437a-8cfb-bcb4e6420916,abab8a79-087f-4368-8914-97ffc133e13b,Stephen Pierce,xromero@example.net,PROD-1194,Multi-channeled upward-trending data-warehouse,Books,8,744.31,2025-08-17T19:36:47,cancelled,credit_card,Antigua and Barbuda,North Hannahmouth,5954.48
feadd297-eb95-4cb8-8742-f831f8ba9ea3,663a176e-e510-4063-80b1-b1a397d4ed09,Jason Matthews,istout@example.org,PROD-3371,De-engineered coherent frame,Electronics,4,485.1,2025-08-30T21:12:42,cancelled,credit_card,Cameroon,Monicastad,1940.4
f4f9caec-87a8-43d1-9e50-f7afc1ed168e,cb89bb7b-4d61-4a21-9a1e-622cabb219d4,Nicholas Coleman,frandall@example.org,PROD-7397,Operative zero administration open system,Books,9,785.91,2025-10-24T22:49:36,cancelled,credit_card,Ecuador,West Mandy,7073.19
a3abb1de-dd04-49e2-875e-bc17af2ae0bf,97c482d0-b80e-474d-af79-eded13348664,Nicholas Meyer III,ifields@example.com,PROD-4276,Synchronized object-oriented strategy,Sports,2,72.36,2025-09-15T17:58:09,pending,paypal,Sierra Leone,Elizabethside,144.72
4232efc8-0c71-4ac7-a5a5-28ce4b2d1d01,55e67654-dd73-4bfa-9e15-4e98a3ec036f,Suzanne King,rebecca52@example.org,PROD-2470,Cross-platform stable Graphic Interface,Electronics,2,531.7,2026-05-22T03:56:06,pending,paypal,Romania,West Matthew,1063.4
50817275-98d5-4d36-9e1d-2bade4b6ce36,6e2b75ee-91df-4f53-a17a-e3be6be51979,Tonya Smith,louiswallace@example.net,PROD-7286,Assimilated regional artificial intelligence,Books,5,541.6,2025-10-11T18:26:34,cancelled,paypal,Reunion,Donaldsonshire,2708.0
dc6424c5-de14-45de-9bcf-ac2c78d4a022,746856a8-fa17-4260-9f39-51033d04a51e,Sue Benitez,elijahcurry@example.com,PROD-6234,Business-focused heuristic instruction set,Books,4,67.14,2026-01-25T19:16:11,cancelled,credit_card,Cyprus,East Timothy,268.56
8d37958d-ec54-4775-b653-4bfb304a648e,a4deab32-74ff-434b-b864-5c77499e610a,Scott Pennington,tmayo@example.org,PROD-4224,Down-sized 5thgeneration algorithm,Food,8,832.13,2025-10-16T10:46:33,cancelled,paypal,Guam,New Shawnberg,6657.04
421db6fc-5cb6-49c6-8476-adde20b3196b,d878be4f-89b7-40e7-af0d-a39426eedac8,Joshua Morris,michelle17@example.org,PROD-1382,Balanced discrete hardware,Sports,9,589.31,2025-11-07T13:01:29,completed,bank_transfer,Hong Kong,West Elizabeth,5303.79
04e69a66-0e59-4f69-8478-5ca296db9c14,8adc844e-42c6-436c-af9e-217ed14275e6,Wendy Silva,williamsmichael@example.net,PROD-2957,Team-oriented object-oriented protocol,Electronics,6,635.26,2025-09-30T23:42:06,pending,paypal,Cocos (Keeling) Islands,West Robertmouth,3811.56
c644acd0-b5c4-4c2c-874a-f85ae04ab8e7,b1a38e28-dc30-4424-9cac-23f428b99ab5,Christina Flores,thomasgregory@example.com,PROD-9122,Decentralized bottom-line project,Food,2,611.29,2026-01-23T23:03:20,completed,bank_transfer,Jamaica,Lopezmouth,1222.58
1b5c4f67-49e7-42be-a26f-8f70dd0380ad,d1b8fe60-9a12-4008-ab0b-5f4a1b54eee7,Emily Nelson,james81@example.com,PROD-5928,Extended radical function,Electronics,3,512.79,2025-05-31T17:57:06,pending,bank_transfer,Bahrain,East Bryan,1538.37
3e3caf9a-221a-4fc8-a67e-791bebafead7,5693b7db-d162-4d1b-b85e-d4c28c7fb491,Vicki Rojas,jaime85@example.com,PROD-9795,Front-line clear-thinking encryption,Sports,5,866.79,2025-06-02T13:25:30,cancelled,bank_transfer,Palau,East Calebborough,4333.95
4dbfa245-d51f-42cc-84d6-6cb08ab3f27f,df136f1c-fec8-498a-9e9c-557116752856,Richard Hernandez,rushryan@example.com,PROD-4442,Persevering user-facing software,Sports,2,269.54,2026-01-11T14:51:12,cancelled,paypal,Botswana,Lake Emily,539.08
97b0bcdc-3a55-430d-bb48-7cc613a39495,d7c63a14-1f04-4257-843f-f3750dea32b8,Sarah Hogan,ewright@example.net,PROD-5099,Ergonomic context-sensitive website,Food,1,848.61,2025-08-24T02:01:57,cancelled,bank_transfer,Bulgaria,Port Natalieview,848.61
76cca5f3-63c2-479e-ab3c-6dedac52b07f,ad62b897-2fbd-4ac0-a0bc-c34fd88a129d,Crystal King,gina67@example.com,PROD-2587,Fully-configurable zero-defect interface,Electronics,7,899.09,2025-10-26T04:52:32,cancelled,credit_card,Cocos (Keeling) Islands,Robinsonchester,6293.63
607e76d3-9acb-4af9-93cf-df9d54a727fd,4ee7de28-0a83-49bb-a536-dd2b6addbd00,Shannon Little,barmstrong@example.com,PROD-7789,Visionary radical secured line,Food,2,710.89,2025-08-26T09:50:32,pending,bank_transfer,Denmark,East Brianfort,1421.78
76f67822-776c-4323-9887-bed9ddfd4c1e,0739f039-d8b5-4b6f-88b4-3d614a63b140,Pamela Shaw,bwood@example.net,PROD-2649,Organic well-modulated process improvement,Electronics,2,337.46,2025-06-28T09:49:05,pending,paypal,Sudan,Lake Joshua,674.92
9f1f0e88-f941-4f64-a55d-435b3d347745,99576f1b-7be9-49d7-9102-10828d3d1b34,Katherine Conley,anthony07@example.net,PROD-9499,Reduced 6thgeneration collaboration,Food,8,814.4,2025-11-22T16:20:15,completed,bank_transfer,Cameroon,South Carl,6515.2
cc18f0a7-3c5b-42bf-9bb4-d872d933ea16,82ae34d8-40d8-40a3-aea8-5b3a79383c2e,Robert Kidd,brownalison@example.com,PROD-9988,De-engineered interactive circuit,Electronics,10,900.27,2026-02-12T11:27:03,completed,paypal,Namibia,Martineztown,9002.7
de5dd85d-d2ea-44c6-b0de-96c653c8a3ab,a061e9fd-e25f-4256-85e6-59134831e81c,Kathryn Johnston,stewartrachel@example.net,PROD-7877,Balanced demand-driven open system,Clothing,5,594.1,2025-06-08T03:00:15,cancelled,credit_card,Honduras,North Cynthia,2970.5
d456a2d9-4186-4d9b-ac02-5ea8a6f61c95,e887d313-aa90-45b2-8540-286c910da458,Gloria Jordan,kellyhowell@example.com,PROD-5990,Pre-emptive reciprocal matrix,Sports,7,474.25,2025-11-06T22:20:51,pending,credit_card,Haiti,Melvinchester,3319.75
c2108afa-4a23-4853-9a6f-4d2b37fb88d1,f00aaa3e-e312-47c9-95c9-9e7ab70fa61f,Bryan Murray,juan56@example.com,PROD-3191,Balanced homogeneous task-force,Electronics,2,730.24,2025-07-16T21:22:49,completed,paypal,Hong Kong,Collinsburgh,1460.48
40d802db-efc2-467d-9ea4-3d0b9d787525,d53de739-aaf7-4084-b386-3f659cd3648f,Mike Caldwell,luke55@example.org,PROD-1640,Digitized mobile benchmark,Sports,5,266.9,2025-09-03T19:38:55,completed,bank_transfer,Ireland,West Johnview,1334.5
52d53f22-d47f-435a-a8bc-600b1007220a,c46e7eef-13b7-4e77-aec5-3616281ad217,Richard Baker,idoyle@example.org,PROD-3691,Business-focused discrete Graphic Interface,Books,9,666.15,2025-12-17T15:00:49,completed,credit_card,Cameroon,East Cathy,5995.35
af0ec32e-f8ed-48fb-9290-e2b8e62343fb,c7968fb6-cbb9-4e3e-8246-dcd047f97175,Bethany Mitchell,maddoxbrian@example.com,PROD-9488,Seamless contextually-based system engine,Food,8,922.28,2026-04-17T02:21:16,cancelled,credit_card,Guyana,Port Kathrynborough,7378.24
f3e6ca00-ba94-4317-be24-f7cfe18d3bed,1a879abf-5f4e-49e1-af07-bed7cd21dcfc,Catherine Rasmussen,jbenson@example.com,PROD-2929,Optimized object-oriented info-mediaries,Books,9,239.12,2026-04-17T21:00:28,cancelled,credit_card,Wallis and Futuna,South Crystal,2152.08
ee0956fe-c9a1-4bac-b2bf-0c5feffcded2,fe71df8e-e94b-47a5-9992-59131205225f,Barbara Patterson,robert68@example.net,PROD-6732,Reverse-engineered optimal toolset,Food,6,454.1,2025-05-25T10:02:03,pending,credit_card,Egypt,Shawnfurt,2724.6
222d08c1-13b6-4ce2-9f28-7dd5ae210ff5,14e46f23-ea90-4347-8941-233a2dd56e6c,Ariel Miller,youngkaren@example.net,PROD-4731,Down-sized systematic forecast,Food,8,856.49,2025-06-10T05:18:59,pending,credit_card,Montserrat,West Keithshire,6851.92
03dcb730-14ac-4d77-80d1-632bf5af01b0,f06969d5-fe78-4657-8bec-946dbc5552ce,Wesley Clay,haileyosborne@example.com,PROD-4301,Sharable intangible functionalities,Books,1,788.91,2026-04-18T01:57:50,completed,credit_card,Marshall Islands,East Danaton,788.91
61d9760c-b822-4c5e-b7fa-666b3e18889a,5657f755-f9e8-4305-bd57-e798a0dcde9d,Benjamin Campbell,laurapowell@example.org,PROD-8045,Front-line background process improvement,Sports,10,634.21,2026-04-04T05:06:52,cancelled,paypal,United Kingdom,Port Angelabury,6342.1
c30e7d29-c693-4ba0-9502-bbd2649489b2,a9954266-d5f6-4eb5-934e-ef2f4a9efd0c,Chad White,floresalyssa@example.com,PROD-9742,Up-sized 3rdgeneration capability,Food,1,524.0,2025-09-02T22:59:28,cancelled,credit_card,Nigeria,Jamesfurt,524.0
6b540e9a-d7b5-4961-90e7-c57fa1b2317e,e96f695b-0014-441e-9a53-dc1cd449482d,Edward Lamb,hodgesshane@example.net,PROD-9271,Visionary incremental migration,Sports,7,143.6,2025-11-27T20:12:59,pending,paypal,Dominican Republic,Ianmouth,1005.2
1ad559e7-5e06-4701-b357-73c11fca0dfb,0066cb5d-6491-40ae-9641-4d3fee45aee1,Jacob Allen,blake67@example.com,PROD-9211,Enterprise-wide grid-enabled protocol,Electronics,1,973.49,2026-03-27T04:17:29,pending,bank_transfer,Nepal,South Michael,973.49
4d269335-c3fb-4f0f-aaac-8a329a8a5dcb,99bd87a9-e0b2-4917-a7a8-d415f8c9d141,Sarah Rojas,ashley44@example.com,PROD-3322,Organic optimal process improvement,Electronics,3,993.86,2026-01-10T16:30:59,completed,paypal,Niger,Gonzalezmouth,2981.58
eebcf550-f98e-4fca-8e24-71381442f755,6026d51a-33c0-4b6f-870a-5a3753210d3d,Laura Brown,kelsey54@example.com,PROD-7883,Switchable real-time pricing structure,Sports,7,205.8,2025-07-27T19:34:11,pending,credit_card,Greenland,Port Alexisfurt,1440.6
41790275-ebbd-40f5-90de-811d0c72d7bb,ef12e49a-9db1-4b9e-bb4b-c32c219bee52,Jessica Clark,mcguireheather@example.com,PROD-1776,Progressive needs-based initiative,Sports,9,314.18,2025-12-16T02:58:03,completed,credit_card,United States of America,West Pamelashire,2827.62
614c68be-2f84-4bd3-80a9-9b772cf753bd,71ffe544-89a0-40dc-a008-2536f7ff9a44,Justin Pope,ramirezaudrey@example.com,PROD-5959,Upgradable intermediate groupware,Electronics,4,699.84,2026-01-06T03:43:37,pending,paypal,United Kingdom,New Amy,2799.36
4c48a012-19d3-4514-ab67-7e3535e50338,2ba26580-fe2e-4e45-bd97-189b865719d0,Robin Anderson,denise43@example.com,PROD-5880,Sharable 4thgeneration moratorium,Clothing,10,947.35,2026-01-31T08:08:26,completed,paypal,Armenia,Lesterton,9473.5
cdec6f18-3cd1-4d25-830b-70b53b5a2ab0,b505975b-343b-43ad-b036-7a60a713f284,Amy Clarke,jasonmartinez@example.net,PROD-3226,Profit-focused multi-state synergy,Books,1,972.03,2025-11-05T22:22:47,completed,paypal,Papua New Guinea,North Gail,972.03
0252d3a0-eb07-45d5-b8f7-20f3057d031b,d26bfe8f-57e6-4fca-b77d-2ab354238e4f,Eric Goodman,susanrichard@example.net,PROD-5044,Cloned heuristic methodology,Clothing,6,437.36,2026-02-20T12:37:41,cancelled,paypal,Saint Helena,West Adamstad,2624.16
a213d96d-06b5-4423-a001-1cfd3bffdddd,66556a14-b392-4113-8396-44d8a4cfdbf8,Joshua Burke,lindsey77@example.com,PROD-7000,Streamlined national complexity,Books,9,333.18,2025-12-06T02:34:55,pending,bank_transfer,Tokelau,Farmerfort,2998.62
c32cee59-11d2-4cb2-a895-071c4c2e67af,f3c4c100-29bd-4ce4-bec3-9d124d717689,Anita Lee,pbaldwin@example.org,PROD-1328,Face-to-face homogeneous workforce,Food,10,724.83,2025-11-05T17:05:22,completed,bank_transfer,Northern Mariana Islands,Stephanieton,7248.3
311a9927-2316-4974-ae75-4089362941e7,3c4e5928-0ccd-4fbd-84ee-d442b5a6b314,Stanley Saunders,perezashley@example.net,PROD-9264,Front-line secondary project,Books,8,358.79,2025-09-25T14:04:35,pending,bank_transfer,Peru,North Rebecca,2870.32
4f13e9fe-c1ca-40f0-ba41-42b868685bd7,4b533521-d917-4331-8e7b-0c5a876f49f1,Anita Yang,dgray@example.com,PROD-3312,Down-sized foreground info-mediaries,Sports,9,923.85,2026-05-23T11:11:40,completed,bank_transfer,United Arab Emirates,Port John,8314.65
9499f920-0dcd-483c-9ebb-dd0fa6e840df,a5f18989-c9c0-40ef-99b8-171b2cdff20e,Todd Davis,johnmoore@example.com,PROD-3513,Fully-configurable asymmetric forecast,Clothing,4,535.65,2026-03-03T07:39:04,pending,paypal,American Samoa,West Justin,2142.6
15de10bc-9c97-4292-8837-db8cc0a55b09,34502327-ac46-463b-b85f-5736c33dfc17,Susan Thomas,nward@example.com,PROD-5152,Adaptive dedicated alliance,Electronics,5,521.24,2025-10-07T03:15:13,completed,credit_card,Korea,South Patricia,2606.2
ec2b9cc3-c833-4c8c-b989-cd99879d64c4,0b87b71f-4d99-4023-9f14-c0acef08773d,Luis Henry,riveralisa@example.com,PROD-1250,Customer-focused bottom-line paradigm,Books,9,905.8,2026-05-15T22:14:51,completed,paypal,Qatar,North Danielle,8152.2
39efa781-0b1e-45cf-82c9-831bab7f1bf2,add491ed-dbb2-4598-a16e-9d797c572b11,Joseph Lee,jsantiago@example.com,PROD-7078,Persevering discrete project,Books,7,146.79,2026-04-15T06:54:29,pending,credit_card,Northern Mariana Islands,Port Benjaminside,1027.53
691c5a4d-1ab0-4472-ab66-f1fa8466dd57,934baecf-b430-4815-bad6-7d4cbdbb695a,Kim Campbell,jared88@example.net,PROD-5327,Multi-layered upward-trending Internet solution,Electronics,8,68.78,2026-05-01T13:04:27,cancelled,bank_transfer,Argentina,Collinshaven,550.24
636eda79-b73d-4a23-985f-2c94b4b5994a,5b5b81df-e74d-460a-a96b-22a6a1563777,Mark Villarreal,bjohnson@example.com,PROD-9498,Digitized responsive hardware,Clothing,9,778.04,2026-04-16T19:28:27,cancelled,paypal,Maldives,Hallton,7002.36
e2f8c68e-0cdd-41d2-9cc7-045ed4fc8edb,736e5f75-ccef-4651-9aa9-3e4c1b3133fb,Brent Mendoza,campbellphilip@example.com,PROD-2710,Operative interactive encoding,Sports,5,199.28,2025-12-28T14:54:47,pending,credit_card,Ukraine,Robinton,996.4
b78f9b8d-9d09-4c2b-a806-6cae60eac745,b6c57fce-2e28-4918-8f4c-0ca3d460bd99,Destiny Davis,carlsonterri@example.org,PROD-3490,Distributed 3rdgeneration support,Clothing,10,516.71,2026-02-15T13:19:05,pending,credit_card,Belarus,Stephaniebury,5167.1
5616dc06-8be8-4f45-85de-9d469b336acb,fcfab612-2fdd-4da6-b233-788adc584565,Jackie Jackson,dylan68@example.org,PROD-3244,Up-sized non-volatile middleware,Electronics,9,11.71,2025-12-25T19:21:00,pending,bank_transfer,Mayotte,Erictown,105.39
1f044376-8742-4b8f-8101-72ec791f79ad,85e8d410-89b7-4430-979c-9aec5855e0f0,Matthew Wright,williamsnyder@example.net,PROD-2199,Integrated hybrid migration,Clothing,4,336.14,2026-01-04T17:14:47,cancelled,credit_card,Ukraine,Port William,1344.56
50d82a16-b5eb-4b26-91a2-d840cd1130bc,80e14059-55b5-48bf-92f8-564bbcf1860b,Jasmine Farmer,rortiz@example.com,PROD-9981,Sharable fresh-thinking encryption,Food,2,978.91,2025-07-01T03:11:32,pending,credit_card,Comoros,Robinsonview,1957.82
c110074a-ba8d-43a3-98af-5b902fa423f8,9bfc5a67-147d-4bc1-ac33-3a3eed0de857,Leonard Walsh,gregorywood@example.org,PROD-3706,Diverse content-based project,Electronics,4,111.95,2026-04-16T10:35:47,cancelled,paypal,Central African Republic,East Bryanborough,447.8
f38b3fc2-2c79-4094-9929-5b41eb1d0d96,dd94d658-acf0-48d3-8ea6-85d6bfc87432,Sierra Moore,wendyparker@example.net,PROD-7470,Sharable content-based secured line,Electronics,7,713.73,2025-11-11T18:14:14,pending,credit_card,Belgium,Gibsonburgh,4996.11
6aba50cb-0438-4f84-8e85-6b76ecdc826d,d68b76da-3a0f-4bbb-a618-f0c89d29c997,Ruben Lloyd,xallen@example.org,PROD-9665,Cloned client-server hub,Sports,4,875.94,2026-05-02T20:24:15,completed,paypal,Macao,Karenshire,3503.76
007b598a-1bea-48e8-9f36-8289dc641be9,50afe756-c2a6-4e06-817f-bd792baef7ce,John Kelley,jenniferweber@example.net,PROD-7529,Object-based responsive productivity,Books,1,396.96,2025-12-19T03:35:55,pending,bank_transfer,North Macedonia,Martinberg,396.96
8c630a80-7c51-474b-b116-ef7d58c0101b,94724edd-94ef-4844-bfdc-db72e3250108,Miss Sandra Bates MD,brianmartinez@example.net,PROD-8012,Re-contextualized bandwidth-monitored artificial intelligence,Books,9,688.92,2026-05-17T13:11:26,completed,credit_card,Chad,New Sean,6200.28
5d4659be-bc06-408d-bd8e-928b3b85b3cd,f775dd41-28d1-4edb-afee-3b4d650d9791,Katie Reyes,nbrown@example.net,PROD-2428,Reactive next generation paradigm,Sports,2,519.92,2026-05-20T04:55:35,cancelled,credit_card,Anguilla,Martinezside,1039.84
71a5ccd9-9e34-4cff-a74c-b471a89cd9dd,e95a4a2d-fc22-48c3-81b4-7c337d417eb5,Noah Hensley,pierceryan@example.net,PROD-7312,Optimized interactive emulation,Clothing,3,308.12,2026-03-16T09:52:06,pending,credit_card,American Samoa,Lake Robert,924.36
690db28e-66e1-4cee-ab0d-9d08f315517f,ee66e3ee-b5af-46a8-aa6b-8bbbde9ce88e,James Allen,bjohnson@example.net,PROD-4062,Digitized scalable hierarchy,Food,9,691.77,2025-12-30T04:20:18,pending,paypal,Bhutan,Tinaborough,6225.93
44c505dd-6fa9-45d7-89ff-74a0a287d5ac,9af8c214-2ecf-4ace-9a45-db66f914e6a4,Sandra Hale,april76@example.org,PROD-3043,Assimilated grid-enabled matrices,Food,7,138.51,2026-04-05T11:36:25,completed,paypal,Korea,Staffordberg,969.57
86a170a4-851f-4724-9a09-5ddec484f8f7,2dd602a6-ab9b-42aa-974a-0781679700d8,Benjamin Dawson,caldwellanthony@example.com,PROD-6476,Seamless bottom-line productivity,Food,9,364.74,2026-02-26T21:35:18,pending,credit_card,Tanzania,Greenhaven,3282.66
ac13f786-67a3-4037-b4e0-d07e833eea75,d72faf97-9c57-4d34-86b4-314f1c6ae9b9,Jeffrey Fisher,ericalewis@example.org,PROD-1614,Progressive 6thgeneration access,Clothing,7,319.25,2026-03-12T11:37:43,cancelled,credit_card,Afghanistan,Monicatown,2234.75
e3e65bf7-2258-4773-a5ee-9245c7b1be71,5af3e9bd-93de-49eb-a34d-c09dd3af9082,Jessica Williams,patricia93@example.net,PROD-8672,Cloned tertiary encoding,Electronics,8,445.54,2026-02-13T06:18:18,pending,paypal,Indonesia,Joshuaville,3564.32
ebccedba-19c8-41e6-bc46-cd5e9097656a,f0ce2f2a-f191-487e-a3ae-b64747dbbfa1,Ashley Powell,thomas12@example.org,PROD-1037,Focused responsive database,Clothing,8,556.8,2025-09-21T23:33:36,pending,credit_card,Belize,Angelabury,4454.4
c10b0e1e-1b3a-46a5-b833-c77d45323b4a,b3747041-d68f-41f6-aaea-060fe26173c9,Michele Young,carterjennifer@example.net,PROD-9618,Optional discrete Graphic Interface,Food,9,955.52,2025-07-15T06:53:49,pending,paypal,Finland,Greenbury,8599.68
863d2b61-d6f2-4f38-8286-1f009663895c,574146dd-c58e-4c6f-a315-d371d89976bc,Justin Moore,ljones@example.net,PROD-1844,Multi-channeled static model,Electronics,6,443.85,2025-11-13T16:07:28,cancelled,credit_card,Poland,Lake Ellen,2663.1
9e574cc6-4b9b-420e-8b11-1b12d0680d01,9def25ce-d0f7-47ca-a4ad-f8faadb70ef2,Lauren Townsend,smithchad@example.net,PROD-1657,Virtual hybrid encoding,Electronics,2,289.78,2025-08-24T17:23:43,completed,paypal,Armenia,New Theresa,579.56
0617a77f-f881-49a0-a9f4-8593792e2f90,a3109e06-f3c9-437d-b92e-85499565cfc9,Katherine Travis,terrancesuarez@example.org,PROD-1863,Intuitive 3rdgeneration function,Sports,9,261.45,2025-12-18T08:54:48,pending,bank_transfer,Botswana,Emilybury,2353.05
3f44a955-493c-4770-9a44-41343dcb7660,54724633-a9d5-4372-b0a7-ed57cc304904,Brandon Hunter,brittany99@example.net,PROD-3043,Secured analyzing software,Books,8,681.74,2026-02-24T06:31:55,pending,bank_transfer,Dominica,South James,5453.92
563f8c52-a8f6-4e68-9fba-3335cc70104f,e02cce5f-f1df-4665-b2ab-cbeadcb438c1,Morgan Nguyen,hchristian@example.org,PROD-3016,Quality-focused analyzing product,Food,5,586.37,2025-09-20T01:26:55,cancelled,bank_transfer,Venezuela,New Donna,2931.85
06b60482-2ac1-4cb1-9a97-63b491e47e0b,732834ad-2e49-4061-bffa-3ac0710ef7a7,Manuel Dillon,tinacarson@example.com,PROD-3633,Up-sized incremental implementation,Books,1,458.82,2025-11-13T00:31:37,completed,paypal,North Macedonia,Lake Janice,458.82
44fe829d-02b1-4635-891f-d40c4b3e304d,74fbfb23-0a0c-4186-b952-89399fa6b769,David Riley,elijahanderson@example.com,PROD-5920,Universal client-server concept,Electronics,4,991.84,2026-02-06T00:51:18,pending,paypal,Cuba,Montgomerybury,3967.36
3aba790c-6f04-4bb6-ac26-31548c22d69b,7f7aa80a-d975-49b7-961d-c66b6fc0611f,Brandon Sullivan,corycurry@example.net,PROD-2339,Reactive fresh-thinking infrastructure,Clothing,8,305.04,2025-10-28T12:10:52,completed,credit_card,Ghana,Meltonshire,2440.32
86d6546f-a82e-477b-a1c2-5efbe0bb800b,6f243689-8a71-4579-82f2-fb67598336aa,Heather Stewart,alozano@example.org,PROD-7051,Decentralized mission-critical definition,Sports,4,965.85,2026-01-23T09:46:19,completed,credit_card,Saint Helena,West Audreyhaven,3863.4
8d6c4785-9d02-4900-a5ce-3902d0ec1515,ad773fff-f628-4b4d-a651-061ac3c31fc2,Jennifer Brewer,nhobbs@example.org,PROD-2475,Ameliorated encompassing superstructure,Clothing,6,868.72,2025-12-30T20:31:41,pending,credit_card,Mayotte,West Kenneth,5212.32
edbf36bc-cd5e-4415-9bf7-a2f9e5893e16,aa11732f-b86a-4393-bb96-c96482f90ee7,Robert Benson,kjohnson@example.net,PROD-2875,Optimized holistic throughput,Sports,5,643.96,2025-06-04T15:21:41,pending,paypal,Niue,Garzabury,3219.8
53b4d020-e06e-459c-8a83-a3481b676cdf,b94be047-1813-434d-a400-0e7977a61733,Jonathan Hawkins,mercadocarolyn@example.org,PROD-9603,Multi-layered systematic flexibility,Books,7,365.94,2026-02-15T14:21:09,cancelled,credit_card,Tuvalu,Lake Seanview,2561.58
15b1adab-5d63-478c-a14d-3d2ca795591b,bd837cc1-016e-4186-a5d3-3dd68c18dc95,Alexis Baker,stephanie37@example.com,PROD-3231,Quality-focused 24/7 success,Clothing,3,141.26,2026-03-20T09:56:44,completed,paypal,Wallis and Futuna,Fullerstad,423.78
5a4be2ee-90bc-4ebd-a946-dfda842a005e,b74a31d3-7725-429c-9b38-32f0699105ad,Tyrone Yates,jeffery96@example.org,PROD-9442,Ameliorated optimizing data-warehouse,Food,10,452.69,2025-11-11T21:03:44,pending,paypal,Afghanistan,North Ryan,4526.9
9005ad90-5769-4075-99c4-641f9ef571d9,4b20d9d2-d1e3-4e3e-941d-12bfcae401e8,William Hicks,timothy30@example.net,PROD-9002,Upgradable secondary capability,Clothing,9,706.06,2025-09-01T13:19:19,pending,paypal,Kenya,Fernandezfurt,6354.54
0a9ec179-67c1-46d7-b863-6ebf2d756fc0,bda5d96b-9d21-4f99-b46c-6c0390c6fc6b,Caroline Smith,josephmcintosh@example.com,PROD-7142,Reactive holistic open architecture,Electronics,6,242.86,2025-05-29T14:38:24,cancelled,paypal,Reunion,Patricialand,1457.16
75e434f9-cc74-4fdc-b24a-3515ba3eefa0,ce71bfb3-d1aa-4d6f-a1d8-218c05e4bbb9,Elizabeth Knight,kimberly35@example.com,PROD-4535,Sharable client-driven structure,Books,10,659.07,2025-08-10T13:29:53,pending,paypal,Paraguay,North Elizabeth,6590.7
