order_id,customer_id,customer_name,customer_email,product_id,product_name,category,quantity,unit_price,order_date,status,payment_method,country,city,total_amount
bd85e1c2-c3c9-4263-b14e-58da6c1855f1,1a9161d5-73c1-4b04-adbf-6bd0a1a6f68d,Jeremy Clay,taraadams@example.net,PROD-2823,Managed background analyzer,Books,1,497.03,2026-02-14T22:38:22,cancelled,credit_card,Romania,Johnburgh,497.03
6532df05-c668-4fe0-88bf-de96ef64c4ed,ce0a8d0b-acc5-4d9c-bf1d-317fab6d3f33,Timothy Stone,natashachandler@example.org,PROD-3049,Centralized didactic hierarchy,Books,1,227.8,2025-12-03T14:26:33,completed,credit_card,Ghana,Lake Davidshire,227.8
95a01fa7-8796-4c8f-9027-315bd02bd08a,10338df4-9ffc-4f97-8b68-d4ae1765f5aa,Ryan Kent,joelnoble@example.org,PROD-9140,Assimilated zero-defect orchestration,Sports,7,57.61,2025-06-15T13:46:15,cancelled,paypal,French Guiana,Port Tracyport,403.27
eec8cfe3-924c-4cb0-94b6-48b43968628a,dab8f8fb-2539-4314-985d-6a6e99871805,Joseph Richards,daniel55@example.org,PROD-6599,Organized upward-trending instruction set,Clothing,4,371.67,2025-07-22T02:06:39,completed,paypal,Kyrgyz Republic,Vanessaberg,1486.68
252d2055-6751-4331-9ff7-22d8a9514410,abde48ab-dda9-461f-a9e6-d0d2e1218d85,Jimmy Richards,qporter@example.com,PROD-3079,Team-oriented responsive open architecture,Clothing,10,772.11,2026-04-16T17:28:01,cancelled,bank_transfer,Spain,Clementstown,7721.1
46445ea2-4d18-4dc9-bde7-76b6094a202a,0282cca3-f3ec-4a9b-a80d-75b22208da48,Brittney Ayala,dweber@example.net,PROD-6576,Business-focused intangible open system,Food,8,446.69,2025-06-16T19:56:43,pending,credit_card,Nauru,Myersfort,3573.52
e6455c1b-4a99-4af5-9124-9d39eccb09dc,9888ec1b-19c1-441b-a90e-bc4bbf81022a,Elizabeth Moore,pagechristopher@example.org,PROD-2769,Proactive asymmetric encoding,Electronics,8,756.93,2025-09-06T09:13:21,pending,credit_card,Holy See (Vatican City State),East Terri,6055.44
57b8ab4d-76c4-4db3-9c72-087e2ce5b3d3,e1fd68ef-cebd-4a3f-b1d2-3854e06f9e50,Donna Meyer,khogan@example.org,PROD-1995,Grass-roots holistic architecture,Electronics,8,387.29,2026-04-17T07:21:10,cancelled,bank_transfer,Norway,South Joseph,3098.32
75ff2298-21c0-4e56-b13f-bb3f82a7e2c3,f13f3a59-c98f-4be7-af38-d4ed75c89ec4,David Fuller,fclements@example.com,PROD-2676,Innovative exuding task-force,Sports,2,240.95,2026-03-16T16:11:33,cancelled,paypal,Marshall Islands,Mosleyton,481.9
4d12c84d-65db-484f-95f9-d33c07c5d0de,895d60d9-dff3-4711-b555-82564951746e,Aaron Murray,rasmussenjeremy@example.net,PROD-7943,Expanded static hardware,Books,2,291.04,2026-01-27T16:21:50,completed,credit_card,Serbia,Lake Danielle,582.08
a03f06f5-18f7-489c-a05d-7715d5725473,a41c4cae-cd80-41a1-92d0-92b80492e362,Olivia Perry,fochoa@example.org,PROD-3022,Customizable eco-centric conglomeration,Sports,8,844.46,2025-11-19T08:41:31,pending,credit_card,Bolivia,Adambury,6755.68
2428de97-9790-43b8-8f9c-58d56fb63d8a,b2bd4336-245d-4227-bbe1-5bf0afb05329,Edward Harper,kaitlyn43@example.org,PROD-4876,User-centric disintermediate benchmark,Clothing,10,445.59,2026-02-02T09:51:38,completed,paypal,Kyrgyz Republic,Port Robert,4455.9
5bf1c9d4-4faf-4c79-9ecd-418ab01afdfa,43142cc8-607a-48ca-9592-d0b0d9c900ea,Nicole Riley,jmullen@example.org,PROD-4242,Up-sized national matrices,Sports,8,182.08,2026-01-14T15:12:14,completed,bank_transfer,Netherlands Antilles,Thomasland,1456.64
d8fca905-5180-439e-b403-7eb18d566d05,18de4b3f-6475-47d3-8106-5dfbd7c2157f,Nancy Nash,hoffmanshelley@example.net,PROD-7935,Function-based background framework,Clothing,8,23.89,2026-01-12T12:17:04,pending,paypal,Zambia,East Laura,191.12
f173c568-3d99-40a5-9d67-6c35fe878af9,d4aba5bc-8c00-439e-a8eb-6417573d38dd,Barry Diaz,haroldyates@example.org,PROD-7272,Synergized bandwidth-monitored neural-net,Clothing,9,641.22,2026-01-26T13:49:43,cancelled,bank_transfer,Morocco,Ryanside,5770.98
9fab4b36-63f8-4298-a643-3bd161bd7e73,005d7c03-a5e3-4449-92d4-bb761a0b66ec,Lisa Mcgee,rrobles@example.com,PROD-8961,Team-oriented multi-state frame,Food,4,199.1,2026-01-03T22:20:48,cancelled,credit_card,Micronesia,New Brooke,796.4
1bde50c7-a694-4204-88b9-35e2c221b928,88cd6709-7fa4-4acd-ad80-5e4ac3da3fcb,Bruce Ayala,carrkelly@example.net,PROD-9227,Integrated bottom-line toolset,Electronics,1,803.73,2026-01-02T07:03:12,completed,paypal,Bolivia,Jakeview,803.73
31332e40-7436-46a5-8499-2290b0b60911,e21c1985-5a75-4bf1-93e5-bb87e6a1e965,Jared Taylor,sullivanangelica@example.com,PROD-5441,Enhanced next generation hierarchy,Clothing,10,906.7,2025-08-10T19:56:23,completed,bank_transfer,Cambodia,Willieshire,9067.0
fe0c2b97-33cc-4e42-b64f-6c5b29232021,feda0fbe-a360-4b63-be96-612eaae3493e,Sarah Hoffman,juanjohnson@example.com,PROD-3243,Configurable global emulation,Sports,6,98.86,2025-06-23T21:46:51,pending,credit_card,Tajikistan,West Eric,593.16
4013ec17-69a9-4a99-ae8c-6a7b287d266a,4859e6f7-9b88-47f8-8ea1-bd1c160938cc,Carlos Hernandez,parkspatrick@example.com,PROD-9682,De-engineered hybrid flexibility,Electronics,4,946.08,2026-04-16T09:56:36,completed,bank_transfer,Algeria,New Monica,3784.32
a5efb66e-f84d-4c68-be67-dd06c4f01192,c1e6566c-4bdb-4a1f-9f50-2c1a1288f15b,Andrea Jones,samanthasoto@example.com,PROD-6597,Switchable mobile database,Food,7,189.49,2026-01-14T12:59:38,cancelled,bank_transfer,Antigua and Barbuda,South Steven,1326.43
84b3b2f2-bd98-439e-9047-2c58976d2a29,500aa395-ceb1-432b-ac49-2045cb379227,Mary Moore,catherine66@example.org,PROD-4529,Enterprise-wide client-server help-desk,Sports,5,50.82,2026-01-11T10:01:26,pending,paypal,Myanmar,North Amanda,254.1
f474092e-408a-47f0-864e-8eb1d7842faf,e0ffecd4-e497-47ce-84a5-d7fec630e396,Mr. Thomas Byrd,lmccarthy@example.com,PROD-3136,Networked dedicated firmware,Electronics,3,22.28,2025-12-08T08:34:43,pending,bank_transfer,Moldova,Port Noah,66.84
ff7558f2-0bf2-4033-a013-057c636a0ab1,2e1f8881-17a2-4c5a-9301-4b916a6e3552,Katie Harris,jacksonjeffrey@example.com,PROD-7890,Cloned system-worthy concept,Clothing,10,126.54,2025-07-17T05:40:55,cancelled,paypal,Russian Federation,Fergusonchester,1265.4
0f4288fa-7980-400d-a071-0f3902bba0a9,a2e0def7-55f4-4e52-ac84-df2bfaa64f8c,Alicia Tate,kevin48@example.org,PROD-9158,Focused fresh-thinking forecast,Electronics,1,186.03,2025-06-19T12:50:29,completed,credit_card,Sao Tome and Principe,East Elizabethville,186.03
5c1d1f10-2db3-485b-bf24-a41ddd090dd3,a354c4f9-a15e-4175-be07-5350e42e1e30,Kenneth Zimmerman,westrobert@example.com,PROD-4678,Progressive regional encoding,Electronics,4,991.97,2025-07-21T10:05:24,cancelled,bank_transfer,Bouvet Island (Bouvetoya),North Ashleybury,3967.88
e6d442b9-6e50-4ee7-8258-56afdf2d1319,8f83012a-ebdd-4f0a-a324-459ae4cc255e,Kayla Roman,dawnli@example.com,PROD-2309,Enhanced user-facing challenge,Books,2,240.47,2026-01-01T14:29:08,pending,credit_card,Turks and Caicos Islands,Lake Brookeview,480.94
e9b38455-4e25-4aeb-92ce-c3808c76b2a2,ed1444d1-5d26-450d-9404-618b8ff3b5fe,Robert Kelly,mark27@example.com,PROD-5673,Cross-group full-range extranet,Food,7,467.96,2025-08-26T13:28:13,cancelled,credit_card,Bangladesh,South Erinshire,3275.72
959ebb70-d93a-4aeb-ba18-04f40c4e72cd,cfe05052-8913-4671-92b7-b93d51c02e87,Sara May,davidbaldwin@example.com,PROD-8370,Cloned explicit synergy,Sports,1,823.42,2026-01-23T01:32:16,completed,paypal,Sweden,West Davidmouth,823.42
281e4dbd-1b2a-4966-aa70-80834f01bfa8,a1ea158d-a749-4bb4-b136-f63db5dbe0b7,Ronald Allison,sjones@example.com,PROD-5823,Function-based needs-based open system,Books,1,335.66,2025-07-15T14:02:56,completed,paypal,Madagascar,Stephaniehaven,335.66
93f8f868-acbd-4af2-876b-5e75bf7a394f,d98f5260-e3df-43b5-8e32-cb102bb77c73,Alvin Martinez,vbrown@example.org,PROD-3504,Extended transitional infrastructure,Electronics,9,133.15,2025-06-07T16:49:25,pending,bank_transfer,Bermuda,Port Alexander,1198.35
9ec7e75f-fda9-448d-b824-ffda5e74df72,26b1b44e-9e7b-4dcd-a3ec-bd4bfdbb50d4,Matthew Mccormick,okent@example.com,PROD-4769,Persistent directional intranet,Sports,6,988.01,2025-12-19T03:16:28,pending,bank_transfer,Niue,Annland,5928.06
ba8141c3-2a37-4204-97da-449a4e79ba4c,21ec3be6-f77f-4245-974a-fa0f0fcb0086,Seth Cruz,ashley63@example.com,PROD-6551,Operative multi-tasking info-mediaries,Sports,4,182.25,2026-03-31T20:35:34,cancelled,bank_transfer,Turks and Caicos Islands,South Dylan,729.0
da89639b-5b05-4d7d-b9d9-d0db2528c9f8,cbd60510-2c5e-4a74-8c96-e02804f85eeb,Samantha Watson,melissa16@example.net,PROD-2044,Balanced 4thgeneration conglomeration,Sports,10,952.71,2026-03-20T16:49:59,pending,credit_card,Belize,Morganborough,9527.1
41ab4418-dfb3-4e02-8cfd-aae479daa1b4,358ffc78-0f97-47da-b586-08c5825b4e58,Peter Murphy DDS,daniel22@example.org,PROD-6802,Customizable optimizing customer loyalty,Clothing,7,366.72,2025-11-07T22:46:54,completed,paypal,Malaysia,Port Thomas,2567.04
acd7adec-48c3-4a69-b7b4-405e5f49b864,4180fbe8-1ab6-49ff-aa04-fcccc4170da7,Bobby Brooks,stephensmatthew@example.org,PROD-3879,Reduced content-based customer loyalty,Electronics,5,16.17,2025-09-15T14:53:17,completed,paypal,Tokelau,South Chad,80.85
5bcb764d-13eb-4e3f-bc53-29c24ee1c780,3e650909-fdb5-4522-806d-bc40bae26929,Calvin Taylor,perrymichelle@example.net,PROD-4252,Proactive solution-oriented monitoring,Clothing,7,252.46,2025-08-27T22:33:57,completed,bank_transfer,Svalbard & Jan Mayen Islands,South Andrewfurt,1767.22
edc62cbb-0710-4f92-bb37-fa86a9a6cf1f,22cca6fa-5801-4f2e-a7eb-5e0f0722a33b,Sean Mason,martin91@example.org,PROD-1073,De-engineered global info-mediaries,Clothing,8,488.62,2025-12-15T01:40:01,completed,credit_card,Anguilla,Josephfurt,3908.96
1de1559a-6b4e-4de7-a9f3-f99561f21fa7,891df5f3-7bf1-47b1-83a1-7ef4d1e75e8f,Daniel Evans,sewing@example.com,PROD-5392,Compatible eco-centric adapter,Clothing,7,294.14,2026-05-19T11:25:01,cancelled,paypal,Heard Island and McDonald Islands,East Joseph,2058.98
c9915334-db1b-4a91-879d-1d7f2c292490,11a2693c-4926-4d89-bd66-ba2257ab71e3,Elizabeth Baldwin,yjohnson@example.net,PROD-1517,Reverse-engineered actuating info-mediaries,Food,3,410.45,2025-09-20T07:16:37,cancelled,bank_transfer,Vanuatu,Riveraburgh,1231.35
9cb7b3dc-253d-454c-a3db-a525e006ac9a,b8e3d471-5ab3-4de3-bad1-db1694a1d13e,Ryan Tate,carternicole@example.net,PROD-2951,Triple-buffered discrete extranet,Food,7,102.03,2026-05-06T02:54:06,completed,credit_card,British Virgin Islands,East Stephanieville,714.21
aaeb9438-da3f-44c0-afe0-18d0c0b4fc1d,963b282b-7c00-42ab-86f1-8b8080388557,Bryan Nichols,amynash@example.org,PROD-7282,Team-oriented content-based paradigm,Electronics,7,460.51,2025-09-05T08:00:40,pending,paypal,Nicaragua,North Dorothyside,3223.57
85b1caf4-67c3-4cfa-aaa2-f2df51164f47,9a0bc21e-6c52-434f-911d-9bdb64ef0fe2,Scott Ford,ifletcher@example.net,PROD-4353,Face-to-face upward-trending model,Food,9,937.2,2025-06-02T09:24:01,cancelled,paypal,San Marino,South Virginia,8434.8
56b518cc-a4fe-484c-908f-6b8e434b2b7e,1988126a-67dd-4f1c-89c3-6915ab7ebd75,Daniel Hooper,bailey69@example.net,PROD-5672,Business-focused bi-directional pricing structure,Sports,1,305.47,2025-11-30T11:10:34,completed,paypal,Turkey,West Sharonstad,305.47
cc8f2459-adc9-4fc8-ad8a-665245dbb9ee,e443c5c4-9004-4a07-b08a-bff82cc6c0b0,Sydney Dalton,dennisharris@example.org,PROD-1733,Universal logistical hierarchy,Food,6,748.37,2025-07-27T14:10:20,cancelled,credit_card,Chad,Dylanhaven,4490.22
7c81b681-9edd-46ee-a19d-446c61045518,1760ad74-32e3-4dd4-ad46-f002a94c7901,Heather Williams,brian65@example.com,PROD-4328,Inverse stable matrices,Books,9,439.86,2025-11-09T21:25:36,completed,paypal,Cape Verde,Johnmouth,3958.74
f7c7c5b8-9d81-4784-8f6c-793389d2d803,f9fc20ae-a808-44e4-83bd-526a9c1b28e3,Pamela Williams,daviscatherine@example.com,PROD-6173,Pre-emptive clear-thinking time-frame,Sports,9,786.54,2026-03-27T01:29:04,cancelled,bank_transfer,Cyprus,New Pamelastad,7078.86
2b28b1fb-0365-46d2-807e-0ff2cf0ea93c,c228edab-9393-4041-b23e-d1c11c899319,Edward Baker,michaelmiller@example.org,PROD-6550,Exclusive interactive product,Food,2,247.57,2026-01-31T22:07:50,completed,paypal,Pitcairn Islands,Trevinohaven,495.14
41fb84f6-d27f-4d31-a1e0-c1cd0d421c23,cdb5ac0e-2b81-4aa4-9f96-e2badc545764,Victor Ryan,mstephens@example.org,PROD-1036,De-engineered encompassing product,Books,9,289.69,2025-07-29T04:47:17,cancelled,credit_card,Lesotho,Rickyton,2607.21
695e1865-3ba1-4626-a63f-0856a6435b9a,1df2c739-addb-4adc-b9aa-b170487e84c6,Tony Fernandez,david96@example.net,PROD-8137,Re-contextualized clear-thinking attitude,Electronics,4,918.81,2025-12-09T07:00:10,pending,paypal,Thailand,New Donald,3675.24
9bea0f2e-4b62-4808-b3e6-c14f5c699588,a2fb550d-bfaf-479b-9dbc-317e6e030f5d,Brittany Avery,vburgess@example.org,PROD-8562,Future-proofed asynchronous matrix,Electronics,6,599.05,2025-08-10T02:43:46,pending,paypal,Yemen,Lake Wendy,3594.3
1a54b1d4-4104-4d7a-a6e8-994e288a4864,aa309c6b-a073-4cf3-9142-18bf305e5345,Christina Huffman,oreid@example.org,PROD-9041,Re-engineered high-level adapter,Books,4,653.06,2025-07-14T23:34:01,pending,bank_transfer,Italy,Sharpview,2612.24
19b3541b-8c36-459a-9c81-cc024f318d11,e6fd1d25-e4a0-4eec-b809-0a9af34d9a75,Shannon Lee,sbean@example.net,PROD-9548,Visionary leadingedge service-desk,Electronics,3,409.87,2025-09-15T09:55:19,cancelled,credit_card,Gambia,West Cherylport,1229.61
2a2018fa-b289-40d1-a483-b0f94c8f9dd1,00c19817-fade-4ee7-a47f-a739ed738a11,Darius Yates,claytoncharlene@example.org,PROD-9331,User-friendly impactful Graphic Interface,Food,7,602.97,2026-05-03T13:12:13,pending,bank_transfer,Finland,Blairbury,4220.79
be126f7b-568a-4bd7-9f90-181d976d6845,08c779ae-bef1-49e2-a360-86ccca56fbce,Jessica Lutz,melissa85@example.net,PROD-1971,Organized composite hierarchy,Electronics,8,889.68,2025-06-17T02:31:16,completed,bank_transfer,Niue,New Larry,7117.44
94d32d93-8d8d-4bc9-8aa3-fded3b3bd42e,46a43067-7234-4709-865e-ce778acc452d,Rachel Burns,jesus00@example.org,PROD-9350,Customer-focused dynamic application,Electronics,9,273.07,2025-09-03T08:38:02,completed,paypal,Guyana,Armstrongshire,2457.63
0a1ed56e-0cf5-4dac-8dad-6239e868f553,4840f6a1-e2dc-4b58-b4f1-e7f330a886eb,Tina Gonzalez,pwells@example.com,PROD-5883,Configurable dynamic alliance,Electronics,9,530.84,2025-10-05T06:59:01,pending,bank_transfer,Saudi Arabia,New Gailbury,4777.56
7a68b52a-3917-4d1a-878c-867bcefcdc87,6478391f-e937-43cc-b119-b18417fd6ddf,Valerie Austin,egibbs@example.org,PROD-9514,Streamlined full-range strategy,Clothing,4,375.81,2026-02-08T20:16:40,completed,credit_card,Slovakia (Slovak Republic),Port Anafort,1503.24
f611fc83-e234-421f-9f88-4c00268ab258,3b92985b-41ee-4f2b-885f-00bfc8103a32,Joseph Morales,ariel43@example.org,PROD-6980,Upgradable hybrid superstructure,Electronics,3,645.63,2025-05-25T08:11:38,pending,paypal,Thailand,Lake Kaylahaven,1936.89
73e68936-cf8a-4ca1-a94b-85682ae9ecbf,73bc95d8-2ee0-48d1-9b58-6e00f1f2468f,Jordan Franco,michael15@example.com,PROD-7675,Advanced disintermediate circuit,Sports,10,641.15,2026-03-15T06:58:30,cancelled,credit_card,Ethiopia,North Davidshire,6411.5
8d6ce3c1-6f7e-416c-9572-2ec87ea63a18,d6766306-113b-4cd8-abb1-4bbaa5d9352b,Robin Singh,martha47@example.com,PROD-3589,Synergistic analyzing encoding,Sports,6,205.9,2025-08-22T17:08:46,cancelled,bank_transfer,Portugal,Lake Brandon,1235.4
6bd0ba2b-3673-4966-80d0-779f7b80b45b,848632f3-1089-4b1d-ad1d-c6ba2b9b4187,Jennifer Holland,masonmichael@example.org,PROD-9207,Persevering system-worthy throughput,Food,5,826.49,2026-03-14T13:22:53,pending,credit_card,French Southern Territories,South Michael,4132.45
3eafaf9f-5b53-4555-9ffa-7c6854cce2c2,6381cac0-34aa-40c3-b6a0-185f3681ce32,Charles Gutierrez,browndawn@example.com,PROD-6797,Polarized even-keeled ability,Food,3,755.58,2026-02-05T15:49:29,cancelled,credit_card,French Guiana,Cynthiamouth,2266.74
4f13ba2f-3258-4d4c-a3fc-4b1a9c6d4520,1f637fe3-524b-4921-b0c1-470596dce57a,Benjamin Cannon,ioliver@example.net,PROD-6132,Balanced incremental function,Clothing,2,761.56,2026-04-07T06:00:05,cancelled,credit_card,British Virgin Islands,East Jakechester,1523.12
0ff07714-e0ba-4b79-a810-01ee39328551,a3763d1b-957d-498f-bf6c-f1f1b5970a4e,Tanya Walker,obrienkatie@example.com,PROD-3692,Profit-focused impactful encryption,Food,9,520.08,2026-02-21T19:44:16,cancelled,paypal,United States Minor Outlying Islands,Amandaview,4680.72
742740fa-a092-4e4e-9120-c6d6ffa9dba5,5465596e-5ade-49cf-9955-8ed459eb7fe4,Kevin Lin,smithelizabeth@example.com,PROD-5586,Open-architected full-range utilization,Books,8,383.55,2026-02-16T16:54:34,pending,bank_transfer,Micronesia,East Jared,3068.4
fdaeaeb4-c773-4150-bf65-3f39bdcea7f2,78c876b3-d4f6-4f57-ad3b-e13c93fb5d6c,Joseph Wilson,kerri73@example.net,PROD-2258,Front-line attitude-oriented definition,Sports,8,872.37,2025-08-03T07:54:07,completed,bank_transfer,American Samoa,Williamsberg,6978.96
0291771d-0bdd-47c6-aa91-d73664cb4633,18b8f6ef-238a-4be5-83ac-2653c7ab6414,Mallory Rodriguez,sferguson@example.org,PROD-6768,Distributed client-server hardware,Electronics,8,16.62,2026-02-19T15:35:35,completed,credit_card,Malawi,South Mary,132.96
bc227a19-c403-434a-b253-66ae2de5a534,40e76bc1-29e7-4c8a-ac6f-3a583cf193d0,Beth Bates,gchapman@example.com,PROD-8623,Synergized background standardization,Food,9,363.58,2026-03-20T07:37:09,pending,bank_transfer,Marshall Islands,Bauerland,3272.22
3b12a035-05d5-47a6-ad1f-aa6c6a9f77ca,45a680a5-89e2-4276-a8b2-007b0751646d,Jennifer Thompson,victoria14@example.net,PROD-3863,Seamless zero-defect throughput,Clothing,3,521.32,2025-09-12T02:06:59,completed,paypal,Ghana,Andrewshire,1563.96
ac8d5a2a-9abb-4ec8-af81-0771830fe6b9,cf0e835e-a8a2-4031-be78-3eb7795c3126,Rachel Hammond,angiewhitehead@example.org,PROD-4005,Adaptive client-driven pricing structure,Food,7,239.9,2025-06-09T19:18:13,completed,paypal,Korea,West Carlosland,1679.3
bfca049a-bff7-4c19-8f90-6552387a58f3,881d0a51-9849-4da7-a786-5507c57c2e8e,Alvin Miller,anita49@example.org,PROD-2408,Total 6thgeneration info-mediaries,Electronics,8,255.02,2026-04-03T08:21:25,completed,bank_transfer,Bermuda,Zacharyborough,2040.16
8c1bb640-825b-4046-b9ce-c118dc950cf4,d3498436-b042-42ed-803a-9fbe29bd323e,Michelle Castro,jeffrey23@example.net,PROD-5974,Networked incremental system engine,Sports,9,910.52,2025-07-06T21:07:19,completed,bank_transfer,San Marino,South Rhondachester,8194.68
09bd5b47-81c0-478d-9c02-a35ab2db1f84,f193799b-8acb-4a5d-8b76-3d2400ed0b12,Billy Gilmore,dwright@example.org,PROD-2004,Reverse-engineered methodical ability,Electronics,6,619.96,2025-12-16T01:14:50,completed,paypal,Turkmenistan,East Maryshire,3719.76
071c41e0-1272-45e1-bb1c-76b81904bd0a,346dbf34-4a08-420b-a15a-1d03f3486b09,Kristen Garcia,cwaters@example.net,PROD-4162,Fully-configurable 24hour hardware,Electronics,1,515.54,2025-06-03T22:12:11,cancelled,paypal,Azerbaijan,Christinafurt,515.54
5091f251-5279-4ff4-a36a-e8ebed083d4c,adbd0022-d07a-452d-bed6-dd1d9836bcf5,Rebecca Kramer,sarah28@example.net,PROD-9218,Business-focused intangible conglomeration,Books,6,176.0,2026-05-09T05:16:45,cancelled,paypal,Guinea-Bissau,Ryanport,1056.0
ca9f2f8b-1de8-4b9a-9166-8b3d192fb687,3d4d2afa-8989-4cae-acf5-379830effec9,Nicholas Berry,rodgersmary@example.net,PROD-4254,Open-source contextually-based firmware,Clothing,10,765.53,2025-12-07T12:40:42,cancelled,credit_card,Bouvet Island (Bouvetoya),Hernandezton,7655.3
32316990-e8d1-47a0-ac40-db881b67b477,6b9bacec-c770-4c95-9be4-26442426ff8d,Jessica Carter,pittmanwesley@example.com,PROD-9408,Synchronized 5thgeneration focus group,Food,5,692.67,2025-06-30T08:04:52,pending,credit_card,Eritrea,Serranochester,3463.35
dd589c5b-d92d-4593-acf0-460b73e3f5ad,c179115a-2f71-4d10-a8de-d538ac7974c7,Valerie Jefferson,shannonwilliams@example.net,PROD-5436,Assimilated demand-driven middleware,Food,10,542.52,2025-08-13T10:00:56,cancelled,bank_transfer,Estonia,North Katie,5425.2
61583637-2991-4cad-a99d-b379cd2318c4,e397f5ec-82ca-4dba-b48a-f3f9b01f9bf9,Jeffrey Ross,williamthompson@example.net,PROD-4751,Managed multimedia benchmark,Books,8,682.94,2026-03-30T16:36:20,pending,paypal,North Macedonia,Cherryborough,5463.52
12f8e45e-06cd-4f0c-a6a1-46d371fa4bfd,9679626b-c68e-457c-afc6-65b5fe9f9289,Cristian Dominguez,debra15@example.org,PROD-6858,Enterprise-wide upward-trending conglomeration,Sports,9,852.54,2025-09-13T12:17:03,completed,paypal,Egypt,Sarastad,7672.86
b036fc69-c5cc-43d2-83a7-14707d9cb07a,4fa18aa7-eeb7-48a0-969e-607eb6eb1966,Nicholas Nguyen,frank33@example.com,PROD-5638,Optimized systemic instruction set,Food,10,753.67,2025-05-27T08:35:49,cancelled,credit_card,Eritrea,Rosebury,7536.7
36cefbd1-e6f4-4d76-9822-7dafa02f0cf6,0655b824-fbe9-495d-a818-ffb8e84cbfeb,Jennifer Hampton,xbrown@example.net,PROD-9456,Enterprise-wide user-facing data-warehouse,Books,7,878.65,2025-10-10T02:45:14,cancelled,paypal,Bermuda,Millerbury,6150.55
56eac458-9df2-471f-9ac7-ac395161c35a,7c919b47-ff5c-4e3f-8a9e-f87af9043e43,Daniel White,robertsmith@example.com,PROD-4813,Upgradable grid-enabled instruction set,Clothing,3,293.82,2025-12-07T12:06:17,completed,credit_card,New Caledonia,West Roy,881.46
fba1401b-356d-4dc7-a64a-f1956971b6b9,fd4ef442-5755-4354-a5fd-7f5111e0d047,Hannah Morales,walterrichardson@example.com,PROD-2573,Quality-focused object-oriented intranet,Food,1,76.1,2026-01-02T09:17:04,completed,credit_card,Belgium,South Katrina,76.1
eef85fe8-ca77-41c0-b5d4-4a834c788466,a81047ca-b8c1-4269-b0d4-c0ac108c755e,Christopher Young,katherine99@example.org,PROD-4846,Organic homogeneous hardware,Clothing,2,164.33,2025-06-15T14:38:13,cancelled,bank_transfer,Hong Kong,East Robertstad,328.66
b871c23d-29ed-4565-aa59-33aebb402cb5,fc69253c-950c-46e0-bbcf-a60a697c42ce,Robert Park,qhobbs@example.net,PROD-3105,Right-sized disintermediate productivity,Clothing,2,94.01,2025-07-21T12:18:26,pending,paypal,Slovenia,South Michaelchester,188.02
7e918786-7c21-4bd0-9fed-81f99af65d4a,286e6d48-d9ba-45d5-aa39-210ec4d64f43,Aaron Levy,aprilweber@example.com,PROD-5927,Adaptive bottom-line architecture,Sports,1,526.57,2026-02-20T01:03:24,cancelled,paypal,Ecuador,New Nicoleshire,526.57
fc4c7d38-5c8f-4408-89f2-11dfe6bb48f7,f8c31023-e3f1-40fb-ad08-0cfba96abf8f,Jeffrey Leon,christopher44@example.org,PROD-4107,Up-sized object-oriented function,Clothing,3,402.87,2025-08-31T22:08:44,pending,paypal,Saint Helena,North Ellenport,1208.61
26cc1829-fd74-4dae-9019-74ef30ac3eae,5d75fde8-cf53-4850-b8df-6ea2de2f43a6,Jose Bright,ian21@example.org,PROD-7695,Reduced uniform support,Clothing,1,385.85,2026-04-07T03:34:31,cancelled,paypal,French Polynesia,East Bradleybury,385.85
0ef01097-4814-45f6-89d4-4f47b830a0b4,3d10e679-18f9-4989-8b7c-428c29faa695,Jason Reyes,susansolis@example.org,PROD-7759,Robust human-resource pricing structure,Food,10,279.36,2026-01-15T06:34:08,cancelled,credit_card,Armenia,Morrisberg,2793.6
e68bc585-ff80-47c9-9c47-dc9ee32f29e0,c78b9e07-3d74-448d-9109-94e365e991e3,Danielle Roberson,courtneyfletcher@example.org,PROD-5005,Profit-focused disintermediate monitoring,Food,9,145.55,2025-11-30T02:42:37,pending,credit_card,Estonia,Port Madelinebury,1309.95
a02514e9-6b2b-432e-954a-a0760484d734,187018b3-e9aa-45a3-8e6d-32a77f787a51,Zachary Russell III,johnkelley@example.com,PROD-8711,Exclusive asymmetric circuit,Books,8,740.33,2025-06-18T10:16:45,cancelled,bank_transfer,Belize,Richardville,5922.64
351b97d6-b660-41e3-9dc2-1afc0c60c466,6080238c-be8e-45ab-8ccc-4056b5cda3d9,Shawna Smith,craig41@example.org,PROD-6121,Up-sized needs-based architecture,Clothing,5,207.34,2025-08-08T02:58:36,cancelled,credit_card,El Salvador,East Anthony,1036.7
f78fa9b1-7f57-434d-8493-3218ae910e2f,05a19686-d927-444e-a6d1-ae51599a2e92,Jennifer Giles,fernandoboone@example.com,PROD-4957,Polarized demand-driven software,Electronics,10,868.8,2025-05-28T21:20:43,cancelled,credit_card,Namibia,Davisville,8688.0
3055d543-01bd-4cea-bf04-5a485704b680,3559ff6a-17f0-4a1b-ab45-95d9e2ec029b,Andrew Keller,laurenball@example.net,PROD-5864,Synergized holistic Graphical User Interface,Books,9,116.7,2026-03-25T14:40:14,completed,bank_transfer,Mali,Donaldfurt,1050.3
65e3dabe-c2f0-448f-becd-b8120a285427,8e88b9a1-3ea8-404d-b87f-7699288bf9b9,Andrea West,morriskevin@example.com,PROD-8731,Digitized grid-enabled parallelism,Food,6,854.28,2026-01-07T14:37:00,completed,credit_card,Italy,Lake Gailmouth,5125.68
633a0535-2355-47f2-bf0f-b6fa6133c218,059c05ee-7769-478b-9894-b8d816b088ba,Courtney Contreras,christine09@example.com,PROD-7194,Multi-tiered analyzing adapter,Food,1,85.07,2025-07-20T04:16:11,cancelled,bank_transfer,Poland,Erikburgh,85.07
46b54d97-5b92-439e-b86a-46b7e793070d,9924ceb5-ffa5-4924-86b4-a4e6a7ca3d46,David Hood,michael37@example.com,PROD-3458,Persevering mobile focus group,Books,1,224.49,2025-10-04T00:59:32,completed,bank_transfer,Azerbaijan,Port Tiffanyview,224.49
6de413ae-8a9b-48f1-9ade-2d01267bd5fe,3a19c616-641f-4780-9575-3a728f25594a,Christopher Cole,julia35@example.net,PROD-4647,Robust tangible hardware,Sports,8,119.1,2025-06-03T09:57:47,pending,credit_card,Czech Republic,Donnabury,952.8
b022ab62-c85b-455f-a7f8-e01917920112,831cb92f-c51b-46d1-9fa9-305bc01e49f7,Alyssa Thomas,tarasingleton@example.net,PROD-4519,Distributed leadingedge project,Sports,8,512.82,2025-12-15T11:07:38,pending,paypal,Ghana,Lake Stephanie,4102.56
7c56a2d6-ca8c-4099-9ca4-f3d4db681463,3eaab7e8-62b5-49cf-8a88-120ab2dc95e5,Ashlee Murphy,heather63@example.org,PROD-5247,Open-source homogeneous extranet,Clothing,8,207.34,2025-06-04T04:26:32,cancelled,paypal,Albania,Kristinaberg,1658.72
b672784e-6a84-48f1-9b47-0803de10f13b,8a9b99c2-e3ac-4fa2-b4b2-e9a74cc6f011,William Ross,jacobsabigail@example.org,PROD-1190,Front-line scalable standardization,Clothing,6,349.28,2026-01-28T12:36:02,completed,paypal,Dominica,South Colebury,2095.68
5e755914-eaea-4b94-aa67-5b79ff82799c,4730cf2e-3fec-4397-8725-ed2912df5452,Leslie Rodriguez,tranjoshua@example.org,PROD-8611,Customizable mobile Graphical User Interface,Sports,9,490.95,2025-06-05T04:48:46,completed,paypal,Tuvalu,Ronaldfort,4418.55
af40448d-b527-4366-8d44-defe0a4e5613,aad62ec3-fbc5-47d9-a472-ee27a8469244,Charles Ramirez,pchase@example.com,PROD-8429,Fully-configurable user-facing matrix,Electronics,3,372.16,2026-05-16T20:52:19,pending,bank_transfer,Bouvet Island (Bouvetoya),New Chasestad,1116.48
673a716f-332d-4473-a90c-2f6cf208f5a8,acd7e3f3-d166-487d-95e2-493756da6d06,Patrick Gardner,russell27@example.net,PROD-4553,Secured client-server initiative,Food,6,829.82,2026-05-06T07:43:12,cancelled,paypal,Sierra Leone,Lawsonmouth,4978.92
1b0ea697-3e35-4ec0-b1c6-ca1979040c5e,550e42d0-9e3f-4d9f-be7a-b0fc3e955cb9,Shari Vang,isantos@example.net,PROD-7539,Managed maximized task-force,Food,5,481.26,2025-10-12T03:44:59,completed,paypal,Denmark,West Lisamouth,2406.3
6a52746f-4d62-4754-b01d-a5034da697f2,5f92d992-09cb-4a19-ab44-a6dc9cfcce0c,Robert Goodman,michaelowens@example.net,PROD-4924,Networked even-keeled data-warehouse,Clothing,10,813.63,2025-12-08T03:58:36,pending,credit_card,Antigua and Barbuda,Jillview,8136.3
bf8d2feb-7aad-437a-ad33-8f269c5bedcb,e0e94629-955c-4ba7-8f5c-4eabbe035a5c,Brenda Morgan,allenrose@example.net,PROD-6953,Robust demand-driven toolset,Books,1,317.0,2025-07-21T07:20:59,cancelled,paypal,United Kingdom,South Ronaldfort,317.0
b3388235-050a-469a-bf04-e0984c0f5a4d,c5feb84d-ad82-4689-9475-3b1d5c6aaa1f,Christopher Burgess,smithdenise@example.com,PROD-7407,Function-based maximized synergy,Electronics,6,754.72,2026-04-21T14:10:24,pending,paypal,Indonesia,Gatesville,4528.32
1804fbf6-f969-486f-8a12-537acfa28902,7a0536ac-b771-4a87-9546-f5559197193d,Veronica Gamble,ramirezbrent@example.org,PROD-5936,Enterprise-wide user-facing pricing structure,Food,4,813.19,2025-06-01T01:33:30,completed,paypal,Philippines,Lake Michael,3252.76
eab16430-8d66-4ffc-a7f0-506a7941963a,90698baa-3021-4c37-9470-6d74e0695c54,Tony Rodriguez,smithanthony@example.org,PROD-7137,Reverse-engineered optimizing benchmark,Electronics,7,498.91,2025-09-13T06:09:51,pending,bank_transfer,Saint Helena,North Lisatown,3492.37
3398e0e4-dfbd-4fad-8619-43bbbe3e0e7f,4a3ef710-1cf2-4e29-9061-40e81915aeb7,Jessica Brown,steven71@example.net,PROD-4375,Reverse-engineered asynchronous approach,Books,1,353.2,2026-01-15T21:28:30,cancelled,credit_card,Italy,East Susanview,353.2
d59adeb9-9a18-41ec-a3c0-c437d830879f,08ed4abd-e0da-414b-96a2-0dcffd24294f,Jared Rojas,edonaldson@example.net,PROD-8937,Extended foreground success,Food,6,769.84,2025-05-25T05:59:01,completed,credit_card,Mali,Nicoleberg,4619.04
1d6c5d01-94e6-4b8c-b1f2-f418d0d93cfe,333c5df4-c267-422c-a582-d9437b88b1e3,Melissa Williams,pmiddleton@example.net,PROD-3983,Persevering grid-enabled implementation,Clothing,9,806.74,2025-10-06T01:16:27,completed,paypal,Lao People's Democratic Republic,New Travismouth,7260.66
cee062aa-2546-4d2c-a38b-aad8ac5c1a76,4715e098-55a7-45b4-b7b6-52b363f66719,Justin Leon,brownpatrick@example.org,PROD-4266,Fully-configurable optimal firmware,Food,4,774.27,2026-03-17T13:06:43,pending,credit_card,Congo,Wellsburgh,3097.08
572853b6-e175-4360-b487-e6ce4bbcd30f,36db876b-fe7c-42cd-9040-a1a6fcca1154,Thomas Vincent,gregory77@example.org,PROD-4648,Cross-platform discrete encoding,Sports,10,133.9,2025-09-29T15:00:08,cancelled,paypal,Pitcairn Islands,North Maurice,1339.0
7038b937-4cc6-405f-a8ba-6e7d0ca0744b,da143117-3b2b-4562-a8a6-121f91d4c5fb,Hayley Gonzalez,dylanhunt@example.com,PROD-3109,Object-based modular middleware,Books,7,692.74,2026-03-08T15:04:39,cancelled,credit_card,Bahrain,North Andrea,4849.18
51e9aeef-b5fa-4e16-8350-609c1a1a989d,035e4820-aced-42f8-b2c3-a015bfbecc61,John Logan,jcochran@example.org,PROD-6888,Enhanced value-added secured line,Books,6,533.2,2025-07-25T16:26:55,completed,bank_transfer,Guadeloupe,Phillipland,3199.2
e2d0bdb6-2921-4c34-bbc9-b37a809b13f4,af63e655-0970-4892-9db1-edf8f77982d9,Dawn Davis,kelly93@example.org,PROD-1627,Persistent value-added artificial intelligence,Books,1,600.5,2025-11-03T17:58:09,pending,credit_card,Cocos (Keeling) Islands,Tammyborough,600.5
99ef557b-86b5-4b97-8b07-92bfa0f15612,a523f71b-c934-4420-b8a0-a73a07847f88,Amy Larson,srobinson@example.com,PROD-5883,Persevering upward-trending capacity,Books,8,205.26,2025-11-27T06:33:10,cancelled,credit_card,Turkey,Lake Ashleyshire,1642.08
ca4ca5f0-1c01-4dd7-b423-db7e047881b2,93792585-4339-4c89-a16b-031685a1b4e9,Ronald Morgan,jimenezkenneth@example.net,PROD-7583,Phased national neural-net,Electronics,9,690.08,2025-12-07T04:56:30,completed,credit_card,Saudi Arabia,Andersonborough,6210.72
13f89a39-b671-4c78-bd9b-998dfd9e679b,1a8fa7fc-13e1-4117-aa80-26e370cbca4e,Aaron Nelson,tracywilliams@example.com,PROD-2600,Customizable zero administration function,Clothing,5,648.32,2025-12-02T00:55:00,pending,bank_transfer,Swaziland,Nicholastown,3241.6
7f6b44c6-249d-4ce3-9b5e-e5f594e1f6dc,f69f2d86-d97d-4004-8507-7015cf09d3fe,Garrett Ford,bmartinez@example.org,PROD-1423,Right-sized dynamic migration,Clothing,5,294.29,2025-08-20T06:18:36,completed,bank_transfer,Eritrea,Ellisfurt,1471.45
8fcb23bb-0abe-49f3-a9c2-d6bcfe96e702,0c644e70-8147-4f33-9c1d-f185090a1392,Amber Miller,griffinchristopher@example.net,PROD-9789,Reduced reciprocal neural-net,Sports,5,836.16,2026-03-29T22:24:50,pending,bank_transfer,Bermuda,Lake Shaneshire,4180.8
3a1f46a2-5575-4ce8-acb8-05bb8ef1155d,4a115edd-17ad-4b5d-8b48-6bd1a1909896,Brenda Wolfe,lanesheila@example.org,PROD-2505,Expanded modular implementation,Books,7,95.48,2026-01-23T21:14:22,pending,bank_transfer,Saint Martin,Charlesland,668.36
21b9070e-0cbf-4af3-92ab-8f3fc3975599,a8f5f806-7ea2-496e-a9bb-e1a7eaf3b710,Spencer Marshall,dawn23@example.org,PROD-7988,Innovative secondary open architecture,Clothing,4,666.02,2025-08-18T23:34:17,pending,paypal,Belize,Larryfurt,2664.08
9326ff35-7e98-4000-9421-02c90204313e,1a3a81b3-db3c-4c7e-bb01-976833664eed,Jill Dixon,rosaleseric@example.net,PROD-9265,Compatible global secured line,Electronics,1,361.6,2026-01-21T04:00:15,completed,paypal,Nepal,South Allenberg,361.6
8abcf224-e8ea-4f5e-beba-d699aeb52d99,31d568ae-68ef-468c-8e55-b8b085dc01ed,Isaac Huff,gardnerdeanna@example.com,PROD-5226,Persevering non-volatile policy,Electronics,8,396.43,2025-11-22T23:11:04,pending,bank_transfer,Greenland,South Suzannestad,3171.44
e4c8528a-9dea-4727-a58e-c880453fbc31,c1b5b24d-1136-4014-8c0b-f7902f4df3d6,Heather Hopkins,cmeyer@example.com,PROD-4731,Polarized intangible emulation,Books,2,49.5,2025-12-19T02:41:51,completed,paypal,Chile,East Brandon,99.0
d6dfe86b-d1fa-4a2e-bf19-30749e4f7a6f,22c7a201-f7c5-4db3-a7c7-340f6af48c36,Kimberly Hernandez,btaylor@example.net,PROD-1930,Persistent dynamic open system,Clothing,7,612.92,2026-01-02T23:43:10,completed,credit_card,Qatar,East Elizabeth,4290.44
76f6677d-3b89-4e2b-bca9-9f3bb0dd6462,6ab2ce7b-3a64-49f2-a096-d83dd78029bf,Mary Castillo,itaylor@example.net,PROD-8576,Persistent encompassing matrix,Electronics,6,430.77,2026-04-23T11:18:00,cancelled,bank_transfer,Botswana,Piercemouth,2584.62
2d564d3d-aecc-4d08-8342-c99aa6bc0c0b,454e35ba-0b7c-407e-aec2-486826ee73f9,Jacob Lee,foleyamber@example.com,PROD-9651,Managed zero-defect customer loyalty,Sports,1,115.66,2025-12-12T09:43:54,pending,credit_card,Qatar,Joditon,115.66
25bcb244-6955-49fa-a57e-ce3f25012a64,58aea706-dcdf-439b-912a-5628f6490cdb,Luke Moody,cacosta@example.org,PROD-5333,Reverse-engineered mobile paradigm,Sports,8,385.96,2026-03-07T19:51:29,cancelled,credit_card,Solomon Islands,West Daniel,3087.68
423120fd-83a0-46a0-b11a-5d4ab4b804b2,c1838090-adfe-4b15-b779-215e2f12e085,Joseph Flores,wrowe@example.com,PROD-4743,Vision-oriented leadingedge approach,Books,10,259.56,2025-10-08T20:19:29,pending,bank_transfer,Argentina,New Desireechester,2595.6
a683eb55-fac5-4063-a1b7-f0b9142d03c5,61d4ba91-5512-402b-a60a-99efe1f76d63,Carl Williams,jessicajohnson@example.com,PROD-5494,Synchronized system-worthy leverage,Books,6,40.67,2026-01-09T17:19:59,pending,credit_card,Estonia,Randyfort,244.02
4899cb44-284a-499b-8eb0-465b09a73baf,4c214467-e209-458a-87c5-2bfec68d585b,Robert Graves,jamesrogers@example.org,PROD-6293,Multi-tiered discrete Local Area Network,Food,4,94.12,2025-09-02T05:16:27,cancelled,bank_transfer,Montenegro,Angelatown,376.48
e0911554-6117-4f94-bf58-aa82d2b5ab35,6147953b-4101-4a92-bd44-5250506cc0b2,Joshua Shaw,stephensjennifer@example.net,PROD-6269,Object-based mobile open architecture,Sports,10,97.95,2026-01-06T12:11:05,cancelled,paypal,Kazakhstan,North John,979.5
49326363-6980-4437-8638-331411d43624,3d37e203-66d9-4ab8-85a0-224a867f915e,Phillip Perez,harrisbenjamin@example.com,PROD-6096,Multi-channeled dynamic budgetary management,Books,2,720.46,2025-08-26T07:07:10,pending,credit_card,Belarus,Lake Juliehaven,1440.92
e2165c1d-1870-4056-880a-7ee7bfa0b205,53a6ce99-65cb-4c4e-8796-ec227c5cd6e3,Anthony Walsh,woodangela@example.net,PROD-5589,Multi-tiered human-resource concept,Sports,5,275.49,2025-06-22T11:05:32,pending,credit_card,Faroe Islands,Charlesmouth,1377.45
e639a7cd-c0e9-495e-9460-527138aee669,64cef118-d1ef-495c-83c9-f1400efe3932,John Yates,timothy10@example.com,PROD-8280,Quality-focused cohesive conglomeration,Clothing,3,457.12,2026-02-06T08:46:05,pending,credit_card,Fiji,Campbellmouth,1371.36
62a30df1-0be3-4c44-8a30-47215666c7bb,fdd236d2-5265-4f2e-a8f8-8c39e9ebebfb,Charles Rosario,cassidywilcox@example.net,PROD-6299,Multi-tiered modular strategy,Electronics,8,10.87,2025-07-17T06:36:21,completed,credit_card,Saint Helena,Taylortown,86.96
72c25351-4cd4-4bc0-84d7-e28d919a3178,f63f6a19-6efa-464d-a4cf-afcf9a48071e,Keith Martin,simskimberly@example.net,PROD-9142,Switchable explicit help-desk,Food,7,45.85,2025-10-05T04:17:14,cancelled,credit_card,Turkmenistan,Dianebury,320.95
1703dc42-cd70-4bbb-883c-00df143fb146,6e1f8ef0-16f6-4de5-b354-de32215477fa,Gregory Jimenez,pkemp@example.org,PROD-3745,Down-sized clear-thinking portal,Clothing,8,830.87,2026-04-18T02:28:27,cancelled,credit_card,Faroe Islands,Laurieborough,6646.96
daaf1fde-5bd0-4310-9278-d6955b95df45,1f92b058-5d91-4509-bf10-28e209cbcea7,Diane Butler,justinturner@example.net,PROD-9519,Digitized static budgetary management,Books,7,955.89,2025-12-01T00:24:12,completed,bank_transfer,Hungary,Stephaniemouth,6691.23
f6620831-1223-45e1-8e3e-0c522cb9f3bb,e2d8cdfd-be33-4787-a6ad-2799d939d366,David Mcclure,timothy03@example.org,PROD-1722,Down-sized zero administration contingency,Books,5,576.31,2025-06-15T03:52:58,pending,paypal,Cayman Islands,Kevinburgh,2881.55
859412f8-64cf-4e00-9c7a-26c0ae1feda3,6d4f6ef9-ca40-4fa9-960b-164bda57f070,Sally Elliott,rrivera@example.net,PROD-8595,Down-sized motivating matrices,Sports,9,445.89,2026-05-19T08:05:37,pending,paypal,Djibouti,Martinezbury,4013.01
92d45eb1-1e0b-403a-be4f-af5505680fe0,fa8b5b01-1b83-4629-9348-45068fbd18ac,Joseph Nelson,harringtonjeremy@example.com,PROD-9867,Vision-oriented global time-frame,Electronics,1,205.24,2025-11-17T01:48:07,cancelled,credit_card,Mauritania,East Melanie,205.24
7d302bfe-967f-423d-a7a5-80df46443eaf,765ffff0-c400-45a6-9864-367607ecd83c,Manuel Stanley,haleylynn@example.net,PROD-9984,Front-line user-facing model,Books,5,394.63,2026-03-05T12:22:36,cancelled,paypal,Bhutan,Mooreland,1973.15
81713665-aaa8-47b5-a6c9-778441c081af,3609d673-87a5-4b04-946d-797fb04145c7,Tamara Branch,pricepaul@example.org,PROD-9529,Mandatory dynamic support,Clothing,4,817.17,2025-07-12T21:12:13,completed,credit_card,United States Minor Outlying Islands,Kimberlytown,3268.68
7e385e6e-4dae-4074-98d0-16303a41f467,033919f6-9684-493d-b3e6-4d0837cfe821,Brian Gonzales,annareynolds@example.com,PROD-1813,Front-line empowering website,Food,9,326.48,2025-09-21T08:44:31,completed,bank_transfer,Belarus,Millerborough,2938.32
dd5463ba-51e2-4c29-815f-f8f6f5a510b0,389414e0-d58b-400d-b8fd-1cb316cabd3d,Kristen Edwards,david50@example.net,PROD-6571,Profit-focused solution-oriented contingency,Food,3,309.48,2026-04-02T23:10:47,completed,bank_transfer,Kazakhstan,West Elizabethport,928.44
dbfd3432-7761-419c-b171-8b9928fce36f,2ce709f2-afbd-4306-98ad-62c7d0f40fd7,David Clark,brandon40@example.com,PROD-5825,Synergized homogeneous secured line,Books,1,298.06,2025-08-07T14:35:56,completed,credit_card,Chile,Port Gabriellatown,298.06
b49a8963-4095-4f01-8c5d-61686d0d1d2c,55a212ce-9468-4382-9586-002f89480c93,Dawn Rodriguez,lorivega@example.net,PROD-5200,Horizontal incremental migration,Sports,3,90.08,2025-06-15T02:58:10,completed,paypal,Nigeria,Leeside,270.24
7fa9a9a7-f1d8-47d1-9c30-47b41f2b7f89,d1eee40a-06bd-4291-896e-2cde757d7ac2,Brooke Francis,ischneider@example.org,PROD-3922,Reverse-engineered radical array,Electronics,10,679.57,2025-11-26T13:32:45,pending,credit_card,Saint Pierre and Miquelon,Ruizville,6795.7
20faaae4-548f-4620-bf1d-598737b15d70,f12aef58-11f8-4629-a371-a038f66d6dc8,Kathleen Gordon,jennifercooper@example.com,PROD-9916,Organic local ability,Clothing,2,818.45,2025-10-22T16:26:36,cancelled,bank_transfer,Cape Verde,Brandonburgh,1636.9
40e8b512-0632-48ef-ac14-a4d2479b7c65,e63d284a-2643-409d-92a9-e7d24aec7f40,John Rodriguez,michael92@example.com,PROD-6085,Inverse 24/7 flexibility,Electronics,5,282.53,2026-04-08T08:13:48,cancelled,bank_transfer,Cyprus,Alexandramouth,1412.65
d1e9fcfc-4617-4f28-b4e2-038fec0e35a1,36cac1b8-b529-4f0d-bc8b-6be711f7fefe,Lee Grimes,qthomas@example.com,PROD-4969,Cloned demand-driven ability,Clothing,6,183.55,2025-10-05T00:29:12,completed,paypal,Iraq,East Robertport,1101.3
913b1c4c-9c18-4b26-b888-a4544622d63b,2241c6b2-23d4-4275-8ee0-dfb2396a5917,Thomas Johnson,jamesjenkins@example.org,PROD-6636,Balanced demand-driven policy,Sports,10,917.67,2025-05-24T17:23:31,cancelled,paypal,Romania,Fosterfurt,9176.7
d21a74cd-d6bf-4c4b-9e43-2ab129e66ab5,0601fcde-2ed2-4e7b-b852-9be0dddf3e87,April Thompson,dclark@example.net,PROD-4478,Managed well-modulated data-warehouse,Clothing,4,476.66,2025-11-26T00:21:42,completed,bank_transfer,Russian Federation,Kaiserside,1906.64
9796372b-ebb0-4267-97be-05930b84d209,9aef2713-febc-4e9e-8e4c-0db3ad745478,Nicole Hernandez,smithkenneth@example.net,PROD-1821,Sharable web-enabled productivity,Books,7,385.66,2026-01-30T15:38:33,completed,bank_transfer,Azerbaijan,Michaelberg,2699.62
f1e57462-ebe5-4121-bc76-fd0527143fca,abe6966d-f887-4063-9778-76de25367fc3,Raymond Hernandez,jordantony@example.com,PROD-4557,De-engineered solution-oriented data-warehouse,Sports,4,10.55,2026-01-27T22:57:51,pending,bank_transfer,Nicaragua,Johnstonville,42.2
4487f72e-c8ce-4355-878c-6a7defe2b732,5d772b32-ac92-43a8-870a-189f654c87c2,Javier Rios PhD,jacquelinehayes@example.net,PROD-5806,Open-architected 24/7 encryption,Clothing,4,528.44,2026-04-20T12:33:07,completed,paypal,Kiribati,Harperfurt,2113.76
736c3de5-aab2-4fe6-823c-dfd08c3c42b8,af758629-ba45-44db-b904-cf144ae02c76,Jeremy Carlson,wchandler@example.com,PROD-7386,Integrated didactic Graphical User Interface,Sports,7,304.92,2025-08-26T20:32:23,completed,bank_transfer,Mauritania,Murillofort,2134.44
7c474a9d-94a9-4599-ae9f-fd0faefc8a08,4c1f4263-959a-4823-8d88-df2aba99079d,Cynthia Reed,gabrielawalker@example.org,PROD-5470,Synchronized multimedia installation,Books,7,160.26,2026-01-18T05:07:00,completed,paypal,Iceland,Macdonaldbury,1121.82
d223081a-dcae-4587-a667-8c40a928b32f,7c8e4f40-b41b-45a9-938e-20ca2352384f,Ricardo Mcdonald,lunacynthia@example.org,PROD-8100,Networked neutral architecture,Food,4,830.18,2026-01-20T10:33:22,pending,bank_transfer,Jordan,Sandovalberg,3320.72
6a00252d-820d-4676-a58d-395c6da332a5,89c5507d-11c4-498b-8a78-241b9163ea75,David Garza,joshuagoodwin@example.org,PROD-1787,Devolved 4thgeneration leverage,Sports,3,28.87,2025-09-05T16:42:15,cancelled,paypal,Tanzania,North Lucas,86.61
6950c069-3166-4a48-87dd-107c7429f0c1,eedd9c40-f830-45de-b3ee-7d509dc2713c,Daniel Hess,ljohnson@example.net,PROD-8609,Mandatory value-added approach,Sports,6,603.3,2026-02-10T18:34:34,completed,paypal,Iran,West Douglas,3619.8
6f3d44ce-1bdb-4a27-b0fb-8ad7c75206a4,3443fc54-e80f-481c-a32f-a79283baf24c,Henry Simpson,carlos14@example.net,PROD-7788,Focused well-modulated superstructure,Sports,1,38.63,2025-10-09T05:03:00,pending,paypal,Saint Barthelemy,Davidtown,38.63
95d285d8-8b6f-4a23-a92c-61fd74531d74,c126ff90-4beb-4b42-867a-382462ffbb7d,Gloria Stone,curtis08@example.org,PROD-9938,Enhanced 5thgeneration extranet,Food,3,376.43,2025-07-05T19:23:13,completed,bank_transfer,Malawi,Martinfurt,1129.29
86b3e28d-d89f-494c-b0a7-b2a1b4ca518b,6887f461-e3ab-4ab6-ae7b-3e92b8f2857d,Jacqueline Rios,paulacompton@example.org,PROD-8114,Open-source attitude-oriented customer loyalty,Food,2,665.61,2025-06-10T08:03:01,completed,credit_card,Mexico,Lake Mollyfurt,1331.22
e1d11c4c-3760-4faf-8d06-9a46a50f39a0,3f2a1caa-f9d5-480e-8ad5-cae12c1b1e8e,Joshua Scott,tranlaura@example.org,PROD-2216,Persistent grid-enabled flexibility,Food,6,12.22,2026-01-27T01:45:01,cancelled,credit_card,Sweden,Lake Sarah,73.32
9c00f8ff-2d59-43ee-9e68-14227070184c,840c00aa-1545-4440-b868-17950ac11731,Jonathan Wood,jimenezkimberly@example.org,PROD-7808,Profound bottom-line project,Sports,1,991.8,2026-01-21T15:43:03,pending,credit_card,Myanmar,Port Erikaburgh,991.8
b9cc97af-90a9-4300-bb7d-c3fdf89bb01d,8d6d8ebf-296a-4b46-b4db-16579b881206,Anne Duran,berryandrea@example.com,PROD-1805,Innovative tertiary Graphical User Interface,Sports,5,229.12,2026-04-08T23:04:32,completed,credit_card,Saudi Arabia,Joytown,1145.6
d7015bc3-5e52-4638-a81e-7c24ad656a74,76c71446-0874-4da0-9594-899d393bafe4,Melissa Adams,dnelson@example.com,PROD-1333,Front-line mobile Graphic Interface,Electronics,6,890.91,2025-11-04T16:37:44,completed,paypal,Turks and Caicos Islands,Andrewport,5345.46
2e7ee868-8b48-458e-b924-7a014a29b41f,25e29a90-8efa-4763-9750-e54e726fff80,Kyle Keith,michaelgomez@example.net,PROD-3342,Fully-configurable scalable policy,Food,10,490.49,2025-11-02T14:00:58,completed,bank_transfer,Denmark,North Josephland,4904.9
c4762666-fc7b-4312-a72b-dbb04e5ed728,f08624f8-3a74-4d7a-950c-8c8d9b9e9f3b,Melanie Mcdonald,smithsamantha@example.net,PROD-5914,Robust systemic adapter,Books,4,117.14,2026-03-30T17:35:15,pending,credit_card,Congo,New Jeffreyhaven,468.56
517b9d98-ce6d-41c1-9d75-a8cc073e833a,d86e9f5d-613d-4b60-9933-040402a0facf,Samuel Lester,iharris@example.org,PROD-2836,Innovative high-level capability,Clothing,2,505.66,2025-09-09T03:47:20,pending,bank_transfer,Malta,Joshuaville,1011.32
eca3d71c-c07a-4d8f-8470-71cf4ed831bc,d1b854ed-6720-4fd5-9212-ea9c6c4d34e3,Miguel Stevens,clarence65@example.org,PROD-1658,Synchronized well-modulated productivity,Books,10,679.23,2025-12-03T04:03:17,cancelled,bank_transfer,Andorra,Lauramouth,6792.3
f0c7244d-bc5b-4ed2-9379-fa0bf6c076a8,9bd74cfd-df59-463d-8521-7f2982843aaa,Amy Anderson DVM,yfranklin@example.net,PROD-7494,Self-enabling directional success,Clothing,1,244.16,2025-07-21T04:54:20,completed,paypal,Jersey,Port Todd,244.16
02cb15f0-b5e0-4c78-a5b8-fbbb155a14c0,a03417a8-2d46-4aa5-8e3b-35ef0b73f2b5,Jill Bauer,sshepherd@example.net,PROD-7577,Open-source system-worthy ability,Books,10,423.44,2025-07-22T13:14:28,completed,bank_transfer,British Virgin Islands,Michaelmouth,4234.4
539bc619-aea9-4eca-a6db-a4e817081bad,9c95dc88-4b9f-4f08-8dae-49a3b18cecdb,Matthew Cruz,amy54@example.org,PROD-2245,Sharable eco-centric budgetary management,Food,10,858.78,2026-04-02T15:17:20,pending,bank_transfer,Kazakhstan,Bakermouth,8587.8
87d698fa-8dbd-4f6e-9574-7063369f9fd8,a2a57c27-fc97-4e68-b4a8-2559544325dd,William Rice,wcampbell@example.com,PROD-5797,Re-contextualized well-modulated moderator,Sports,5,232.95,2026-05-12T00:47:40,pending,credit_card,Samoa,Lake Justinport,1164.75
da98d914-e11c-4623-8c88-686e5de6bb6a,185c7e07-dbb5-4757-afee-46eae82c17e7,Shannon Taylor,diaztanya@example.com,PROD-1181,Organic optimizing service-desk,Food,8,586.08,2026-03-31T11:30:01,pending,bank_transfer,Cambodia,Port Melissaview,4688.64
32c8a3d3-ef9f-4ab7-9896-e2db22febe42,febd204f-043d-434e-8fb5-c055a102a356,Shane Romero,vwright@example.com,PROD-2969,Reduced bandwidth-monitored complexity,Clothing,3,697.02,2026-03-22T14:54:50,completed,bank_transfer,Canada,Patrickport,2091.06
5b4680f4-b805-436b-ac3a-7a1fa0e5e67f,05c32c89-68a4-44dd-8f22-25ec77153529,Anthony Medina,zwright@example.net,PROD-2823,Centralized optimal project,Electronics,6,442.26,2026-01-17T14:21:38,completed,paypal,Kuwait,South Christopher,2653.56
a2d6d571-b844-4cbf-8d94-bb9098990728,b10f2e1c-01d0-4e58-99e6-542e4b1e416a,Elizabeth Wood,gordon06@example.net,PROD-5381,Ameliorated encompassing forecast,Sports,7,543.09,2026-02-18T01:28:48,cancelled,credit_card,Lithuania,Lake Shawnfurt,3801.63
628ce165-7e7f-4f23-bda0-4f4095d7e3ba,90e5c31a-98ba-4ca0-afc3-3b4dd73abe81,Jeremy Owens,jose72@example.net,PROD-9790,Triple-buffered zero tolerance paradigm,Clothing,9,579.84,2025-05-31T10:03:18,cancelled,bank_transfer,Slovakia (Slovak Republic),Pruittside,5218.56
ec40ee79-e643-4728-8ce7-e02e448b73ec,3effed81-cb05-4fb8-b545-edc4c6e46fb4,Paul Hall,hilleric@example.org,PROD-4449,Expanded upward-trending help-desk,Food,5,50.87,2025-06-28T10:45:32,pending,credit_card,Uzbekistan,Port Josephland,254.35
795454d8-2a12-4dde-8936-b24e968dee41,c744dcf3-7275-48a8-b737-26dafd7d22c7,Mary Ochoa,umoss@example.com,PROD-4754,Down-sized methodical framework,Sports,2,738.21,2026-01-17T04:53:30,pending,paypal,Mayotte,North Nicolemouth,1476.42
c0478ea2-afe8-4ebc-8538-a25b9acd05a8,3ac451de-4dd6-40bb-9e47-8122eb5fa08e,Robert Brown,jeremy26@example.com,PROD-4569,Devolved cohesive archive,Electronics,6,638.95,2025-11-10T23:15:04,pending,bank_transfer,Papua New Guinea,Garciafort,3833.7
8e3d6262-583f-4c6e-8598-368bd26f229f,53526f2a-f395-44d0-aa70-bdfe74545e5f,Ralph Tate,colinrobertson@example.com,PROD-1831,Progressive even-keeled implementation,Sports,7,707.11,2026-02-07T21:12:30,completed,bank_transfer,Romania,Ronaldfort,4949.77
9eb657d9-9313-44a0-a518-914394c49193,0f3dfee4-97fe-4b88-887e-c116afd15b32,Stacey Clark,david10@example.org,PROD-4269,Re-engineered demand-driven website,Clothing,2,535.1,2026-03-13T03:58:01,pending,paypal,Botswana,South Rileyburgh,1070.2
621ff78b-800d-4713-9889-47bb9d344626,aa407414-2bbf-4a26-a6f2-bb48e1b0a7c8,Jason Santiago,mary36@example.org,PROD-4643,Business-focused hybrid instruction set,Electronics,2,645.65,2025-12-07T06:20:41,cancelled,paypal,India,Wilsonstad,1291.3
cadd5f29-59a6-4ce4-92cb-6bc12f4d381c,50cd3336-cdf6-4a5a-92c2-f9487c6c7448,Tyler Hanson,rramirez@example.com,PROD-5906,Reduced fault-tolerant secured line,Books,2,855.9,2026-05-13T22:50:58,cancelled,paypal,Cambodia,Danielland,1711.8
0b127548-81bf-4c37-a3a0-0ac9aa37377d,9b720ce0-5cdd-4c62-8a43-24d4b071a524,David Koch,rachelblackwell@example.com,PROD-2295,Team-oriented holistic artificial intelligence,Clothing,3,991.84,2026-03-25T18:53:12,cancelled,credit_card,Greenland,Harrischester,2975.52
dd3e3c58-883f-44c8-bfbf-2f5fd1081e11,b963481f-fc19-4b52-b4c0-4593e7ca5a21,Charles Powell,stevenrosales@example.org,PROD-7695,Grass-roots demand-driven forecast,Food,6,928.35,2026-02-19T16:38:07,pending,bank_transfer,Yemen,Schmittmouth,5570.1
efc65ba5-501d-4ba7-b8ee-3810428d77ce,44703474-7e48-42a1-8930-6803c12796ae,Tyler Williams,richard47@example.net,PROD-6905,Cross-group cohesive access,Electronics,1,537.64,2025-06-08T18:38:35,cancelled,credit_card,British Indian Ocean Territory (Chagos Archipelago),Lake Rodney,537.64
e2d65b7c-d8ba-4c82-a08b-58667bc14104,cab13010-7dfd-4d7d-bb52-bf83ca34eaff,Joshua Frederick,shawn57@example.com,PROD-6341,Networked well-modulated concept,Food,5,53.22,2025-11-20T08:24:11,pending,bank_transfer,Reunion,West Nicole,266.1
70d6317b-fc34-4692-b864-1a0b5f60bb87,b7581e48-86ea-409e-9af6-f358daba264b,Matthew Perez,patricia29@example.org,PROD-9642,Centralized national success,Sports,6,751.53,2025-12-14T11:50:31,pending,bank_transfer,Liechtenstein,Morganstad,4509.18
d397935b-0a75-4295-baa2-e6da38a3f972,107ffd8d-720a-4c0a-a9ca-18be42d49d2e,David Joseph,vfletcher@example.com,PROD-7809,Seamless national firmware,Sports,7,651.67,2025-12-12T01:22:31,pending,paypal,Sierra Leone,South Thomas,4561.69
71770c61-ab4a-4134-bc2e-53ca740cdc53,c9817cde-4bfc-4c01-a3a6-221ea15ecc33,Michelle Williams,matthewholt@example.org,PROD-1754,Secured stable challenge,Clothing,1,850.16,2026-03-24T15:14:26,pending,paypal,Cyprus,Alyssamouth,850.16
9ab311da-df72-473a-8f9f-eeda5b91f804,0fde9b9c-5909-4770-a7ae-214c6fcb0a46,Tammy Collins,jsolis@example.com,PROD-5775,Up-sized well-modulated website,Books,3,108.37,2026-03-11T19:18:30,pending,credit_card,Heard Island and McDonald Islands,Caitlinhaven,325.11
feeccbf2-9964-4be4-981f-99009d7e83f8,cca74be1-ffa7-4663-8e23-04c65948709c,Tracy James,andersonshannon@example.org,PROD-1230,Profound global hub,Books,5,647.75,2025-07-16T14:32:13,completed,bank_transfer,Faroe Islands,West Edwardland,3238.75
d8002292-b4de-4f7c-882c-7734f78cfb45,e9e0971a-68fe-4778-a024-bfe36d5a87b6,Ronald Davis,harringtonraymond@example.net,PROD-5742,Managed incremental hub,Clothing,6,921.6,2026-05-09T16:42:32,cancelled,bank_transfer,Iraq,New Dawn,5529.6
cbe740bb-a76b-4c91-a544-14a5a5c7a3cd,f85e7088-310c-4561-912b-a96db74be330,Maria Morris,barrettstephanie@example.org,PROD-7569,Organic web-enabled service-desk,Clothing,9,407.21,2026-02-18T07:14:49,completed,bank_transfer,Romania,Raymondton,3664.89
837df2c2-86d4-4115-8c7c-fb70a747c7a6,c34cb880-c6db-4f19-b30b-08a5f49338e8,Sherri Holt,vaughnjames@example.org,PROD-2752,Synergized bandwidth-monitored conglomeration,Sports,4,559.7,2026-03-14T23:36:18,completed,credit_card,Vanuatu,Port Taylor,2238.8
1f9e0d87-cb46-4f9f-b3ca-0a0cb327fbf4,2d22c33e-1a29-427e-ba80-56a402a7fa3c,Raymond Simpson,rogersshirley@example.com,PROD-7103,Face-to-face even-keeled frame,Electronics,1,316.31,2026-05-12T21:03:42,cancelled,paypal,Monaco,East Williamstad,316.31
3d47d680-1a28-45ba-ab9a-b6018862cf1c,a13b8643-14eb-45a8-84cd-99cee0f734e6,Desiree Bailey,whayes@example.com,PROD-1092,Implemented needs-based matrix,Books,7,697.17,2025-07-30T11:27:03,cancelled,bank_transfer,Turkmenistan,Jonestown,4880.19
03030e3c-f59a-4460-a1df-734f15276897,12bc905c-eea9-47b4-8144-8f3cfc1ba7dc,Todd Morgan,jeffreycook@example.com,PROD-1366,Universal modular circuit,Electronics,3,544.29,2025-11-06T03:49:26,completed,credit_card,Cote d'Ivoire,Hallmouth,1632.87
34a5a2bd-4f2b-49fb-b589-d4b3b3306a7d,61f53986-f73c-4e04-8c5c-e7662ff28984,Bruce Sutton,morajeffrey@example.com,PROD-6969,Versatile client-driven functionalities,Electronics,8,457.5,2026-05-20T11:47:28,cancelled,paypal,Turkmenistan,Meltonborough,3660.0
cecd10e1-509f-4971-b557-96fd90ea643f,f377dec7-5016-44ba-9203-e90d5cd82689,Christopher Osborn,derek58@example.net,PROD-7184,Re-contextualized zero-defect frame,Clothing,3,550.21,2026-01-21T07:55:06,pending,credit_card,Niue,Sandramouth,1650.63
bc795da7-4a3a-4c90-afd7-62420ee8d336,31e2cba3-4ce4-4f6d-90b4-a68af4ea83f1,Casey Ross,paula08@example.org,PROD-9661,Centralized next generation middleware,Food,8,47.57,2025-11-05T09:46:53,pending,paypal,Oman,Lake William,380.56
4c8e0175-835d-4fa0-b18f-093fb430dd23,50a13e8c-e6d4-496a-ad6a-c8c13ea9d5e3,Kim Leach,stephen89@example.net,PROD-4655,Advanced cohesive access,Electronics,3,736.11,2025-12-20T01:33:56,cancelled,bank_transfer,Montenegro,North Jessicaborough,2208.33
35558c95-f747-4989-983d-550cce90cd46,3804e0a9-2454-4a68-99fa-200e9b071528,Jason Coffey,alexandria40@example.org,PROD-1946,Enhanced explicit monitoring,Sports,9,576.58,2025-06-14T09:12:48,completed,bank_transfer,Malawi,South Aaronhaven,5189.22
8948525b-896d-4713-862d-01d344c2d7c9,1c3fae3f-71d1-46af-8067-7ceb57f33e7a,Stacy Brooks,elizabeth26@example.net,PROD-1587,Monitored encompassing software,Sports,10,982.35,2026-02-09T12:02:06,pending,credit_card,Tanzania,South Pamelamouth,9823.5
15d3c39b-26e9-4fae-8d70-d3d642eea83f,feae3bdd-d273-4915-b654-74b69c70c5a9,Curtis Aguirre,schwartzjames@example.org,PROD-1724,Re-engineered full-range adapter,Sports,3,600.01,2026-01-17T19:32:39,pending,bank_transfer,Saint Barthelemy,Phelpsfort,1800.03
6fe5e4c5-565e-4bb6-bccc-c774b8be0174,eec89091-73a2-468c-ba49-0cb2f704fc45,Holly Smith,andreshobbs@example.org,PROD-8190,Robust composite instruction set,Electronics,7,236.05,2025-10-19T23:06:33,cancelled,bank_transfer,Anguilla,New Robertland,1652.35
e50a0b86-58e8-4177-b789-34ac7d718bfa,178a8446-0c35-44d4-996d-33305da0e505,Christine Adams,harrisjoshua@example.org,PROD-9393,Re-engineered modular projection,Electronics,8,218.95,2025-09-08T08:48:56,completed,credit_card,Argentina,Lake Ronald,1751.6
24054ce2-4cfc-42e5-829f-fbe8ee6376c4,ec8d995c-8b55-4dd3-bc51-26634adb999d,Nicolas Rice,crystal76@example.com,PROD-1061,Distributed encompassing time-frame,Books,9,966.13,2025-12-28T18:13:38,completed,credit_card,Ethiopia,Cruzberg,8695.17
dc693ead-aec4-4f70-9979-9546907c6675,c1a5667c-8063-4ebd-ba16-3600959e4933,Jennifer Tanner,michael43@example.net,PROD-8371,Universal neutral Graphic Interface,Sports,4,832.83,2026-02-20T02:27:16,completed,bank_transfer,Niue,New Mary,3331.32
da6ed5bc-08d7-47da-af28-0426581c92fb,721d7ba0-de64-4144-a618-6c5ee1b922c4,Dana Martin,ebonycasey@example.net,PROD-2601,Assimilated zero-defect system engine,Clothing,8,839.7,2026-02-12T09:18:53,cancelled,paypal,United States Minor Outlying Islands,New Andrew,6717.6
ab6654c7-c3aa-400e-84fe-3f50d7b0b474,3ddab262-6067-47ea-9370-ba8b869dd77b,Carrie Nolan,christinewalker@example.org,PROD-5009,Operative 6thgeneration array,Electronics,6,196.41,2025-10-06T23:20:36,completed,paypal,Ghana,Perezmouth,1178.46
74c3e4ca-1bb4-4922-9a29-e76a71c8e06f,06a80278-919a-4922-922b-1b698b81e216,Aaron Kelly,danielscindy@example.org,PROD-7526,Public-key mobile productivity,Clothing,2,655.25,2026-03-23T09:56:57,cancelled,credit_card,Congo,Rodgerston,1310.5
9d0e8d30-f662-4906-be3a-eef6b45048da,6b070dfa-977f-4f12-8e1e-07b572a1830b,Brittany Green,arthur45@example.org,PROD-4058,Diverse systematic alliance,Food,6,547.9,2026-03-04T22:16:08,completed,paypal,Saint Pierre and Miquelon,New Lisatown,3287.4
e102d568-d232-404a-bf09-f21c950f2e52,56e3afc8-14fd-4ac2-b2eb-ab639a5acdba,Heather Marks,sarah65@example.org,PROD-8152,Compatible full-range algorithm,Clothing,5,583.67,2026-05-23T04:51:12,cancelled,bank_transfer,Mali,South Candace,2918.35
6887f8e2-880e-45f3-b0dd-13d414482022,6623ea66-aeb5-4802-9201-c1740178ccd2,Brian Hobbs,christopherproctor@example.com,PROD-3719,Triple-buffered well-modulated methodology,Books,1,453.89,2025-11-05T14:37:22,pending,credit_card,Peru,Jamesfurt,453.89
42e9808b-68c6-4aac-8423-6577cb2bfa14,8022f05e-26db-4f41-9647-0c31c5412bd7,Stephanie Scott,jason07@example.net,PROD-7087,Open-architected leadingedge frame,Sports,6,235.83,2025-12-22T15:21:41,pending,credit_card,Italy,Kaylamouth,1414.98
d92a4cb5-d6eb-463c-b786-2b5330220aff,34f59995-9fe3-4841-a794-d67b2f1ee8c9,Christopher Travis,ortizdonald@example.org,PROD-4058,Up-sized leadingedge secured line,Clothing,3,414.23,2025-05-29T21:38:54,cancelled,credit_card,Holy See (Vatican City State),Port Deniseberg,1242.69
8007fbc6-4414-45b4-a40b-f9f61ce10152,f1beb598-8bb4-4b6d-a3a7-3a0df0255afc,Kimberly Horton,bhumphrey@example.com,PROD-1337,Multi-channeled zero tolerance utilization,Sports,9,256.82,2026-03-16T11:48:05,completed,credit_card,Austria,South Karenchester,2311.38
2c2a9dd6-f4b2-4094-905f-5c03c4758694,7f42d44b-40bf-42c6-b0a6-81ccca9d0fc2,Linda Bailey,vwright@example.net,PROD-4063,Phased stable hub,Electronics,4,680.25,2026-03-07T17:26:31,completed,bank_transfer,Venezuela,East Lauraport,2721.0
b2aef066-c7b8-48b7-942b-5453067bfb2b,651411dc-0076-412e-866d-ceb227e870ab,Anna Rhodes,leechase@example.net,PROD-1936,Configurable modular adapter,Clothing,9,240.06,2026-04-15T15:47:49,cancelled,paypal,Kyrgyz Republic,Montgomeryborough,2160.54
22ae9609-8062-41e8-a61f-54b79ce4ede3,97ae48fb-d8f7-44ae-97f9-6fa51ebb10c5,Lauren Rodriguez,tanderson@example.net,PROD-1566,Adaptive local definition,Books,6,246.98,2026-01-11T11:40:51,completed,paypal,Nepal,Martinton,1481.88
e710e51d-8885-425e-a32a-75d3129a07c2,82da49dd-d695-4af5-ac40-b5328d168cd1,Corey Prince,austindana@example.net,PROD-3583,Programmable cohesive access,Books,9,948.63,2026-04-09T23:22:23,cancelled,credit_card,Yemen,Robertberg,8537.67
a70fe168-bc5d-460d-9c8a-b91a2fb792ff,aff327e1-a9a4-4081-81ea-1d133b960892,Bailey Richard,austin01@example.org,PROD-1889,Implemented 4thgeneration emulation,Books,9,107.45,2025-10-03T19:56:35,completed,credit_card,Mali,Kimberlyfurt,967.05
ae94592e-218f-4cde-9b12-e5bb8dab4aaa,6231394d-0b58-4fde-9bcb-e4b402f70415,Patrick Taylor,petersenrebecca@example.net,PROD-4806,Optional system-worthy structure,Electronics,6,689.64,2026-01-07T20:29:54,cancelled,credit_card,Tonga,Lake Glennhaven,4137.84
452a6b0e-8c08-4cba-a22a-04b38f87e70e,b907a2ad-a695-42c8-b995-29b963b7bb0e,Michael Soto,andrewlee@example.org,PROD-8723,Ergonomic 24/7 neural-net,Food,1,314.03,2025-06-12T16:18:04,cancelled,paypal,French Southern Territories,Nicoleburgh,314.03
ade50739-ab68-4050-ab93-aed2aa4c280d,f9bebbe4-b47c-43a9-a89a-b75fa489ac69,Matthew Murray,williamsralph@example.org,PROD-7539,Robust optimizing toolset,Electronics,10,336.49,2025-08-18T11:55:10,completed,credit_card,Paraguay,New William,3364.9
fa607cb5-179b-43f2-b1aa-78f84adcd514,f94cd365-ab00-45a3-b815-4d7697669b48,Joshua Hunter,emilyhamilton@example.org,PROD-3200,Intuitive web-enabled array,Sports,5,474.35,2025-09-06T16:01:42,completed,credit_card,Martinique,Davishaven,2371.75
4101f772-4595-47cf-9691-52b97890a60d,1c783595-5717-4a2b-a390-1495c28a2747,Bryan Lewis,williammunoz@example.net,PROD-5398,Up-sized disintermediate open system,Clothing,1,535.85,2025-08-15T23:08:03,pending,credit_card,North Macedonia,New Leahbury,535.85
e5ed3879-18fa-4b87-bd89-6098f3dd8850,bcdf745f-6460-4069-bef3-be22380063eb,Jennifer Thompson,bellkevin@example.net,PROD-4029,Distributed modular application,Books,2,550.93,2025-06-09T13:12:12,pending,bank_transfer,Pitcairn Islands,Yatesborough,1101.86
9bfc3417-1c3f-4d7b-828c-441da2564cb4,4513e278-c1de-42ea-befa-28078adf44c4,David Romero,coopercraig@example.com,PROD-7541,Ergonomic actuating methodology,Books,9,325.5,2025-12-13T21:44:50,cancelled,credit_card,Bhutan,Lamport,2929.5
d1634560-4f4f-4537-b1a8-02dbef92de04,8128ecae-37d0-4138-bea3-f81f21f07edc,Krista Rivera,steven24@example.org,PROD-6835,Face-to-face global pricing structure,Electronics,8,674.89,2026-02-22T12:59:28,completed,bank_transfer,Turks and Caicos Islands,New Andrea,5399.12
67922fae-54f6-4f82-8800-ad03d190e297,1dfb1ccc-1e14-417e-9a8c-38954c1c4961,Morgan Rios,wrightkendra@example.org,PROD-1871,De-engineered encompassing infrastructure,Books,4,864.1,2025-11-11T15:11:49,completed,bank_transfer,Egypt,Gillport,3456.4
8877850a-4abd-4d3c-8327-c72afaf10024,eb75db8d-bd99-4d28-a853-d3d93fe7088e,Jennifer Lane,jamesmcclain@example.com,PROD-6716,Re-engineered 6thgeneration model,Sports,7,396.85,2025-11-14T03:16:09,pending,credit_card,Zimbabwe,East Diana,2777.95
fe2ce75f-c7a8-4a9f-bc23-f4316a63b4a4,02ccd881-0b7b-4c4e-88aa-a4d3474ed4d6,Jessica Luna,harrellangie@example.net,PROD-3501,Grass-roots 4thgeneration capability,Clothing,10,321.64,2025-11-11T05:57:44,completed,credit_card,Hungary,Port Maria,3216.4
0d6b14bb-27fa-4046-8408-2efe28da2919,3102a5c3-5bfe-4ce4-b0ea-d1bce3b319e5,Heather Clark,andrea89@example.net,PROD-3838,Assimilated motivating help-desk,Food,2,271.15,2025-10-02T07:52:34,cancelled,bank_transfer,Yemen,Garciafort,542.3
34e9ee05-e06d-40f5-9117-b3a7a617efe7,464a33e3-101d-4fef-8f7b-056e9c2dd1e5,Nicole Anderson,dianewilson@example.com,PROD-7951,Future-proofed multi-state conglomeration,Electronics,8,455.06,2026-05-23T06:18:15,completed,bank_transfer,United States Virgin Islands,New Brandon,3640.48
e83773fc-b319-4bc3-b516-43ff8f2bbe2b,41c4768f-c312-4009-bc8e-fec27b564cc4,Darlene Rocha,costajennifer@example.net,PROD-2171,Cloned tangible encoding,Clothing,4,408.53,2026-05-07T19:08:52,completed,bank_transfer,Belize,Sarahton,1634.12
ea42d40f-2b24-4dc1-9816-1b757cfe48fb,d62408f0-7bcd-49dc-af96-214f35c20d02,Keith Johnson,stewartsally@example.org,PROD-8690,Self-enabling systemic software,Sports,1,458.95,2026-03-16T21:26:11,pending,credit_card,Congo,South Justinhaven,458.95
72c65548-6cf4-4409-934e-98bc0c4eb212,27fc3d69-cca1-4d9b-9942-042628e5a1dd,Barbara Huber,kellyroy@example.org,PROD-9362,Monitored transitional monitoring,Books,5,179.17,2025-10-25T15:29:41,completed,credit_card,Bahrain,Donaldbury,895.85
849f92a3-32f0-4dfe-8766-40b9ba5227c6,519caeff-08de-4dd5-acff-8bc57ab1204d,Amy Greer,pricekevin@example.com,PROD-3474,Persistent even-keeled intranet,Sports,2,726.52,2025-06-14T21:12:25,cancelled,credit_card,Bulgaria,Thompsontown,1453.04
5ee30d06-8241-43bd-9ee0-ce9175a78d87,42b9c1cc-e700-4940-8aed-ca37f12c06eb,Jessica Davidson MD,mcdanielsharon@example.org,PROD-6790,Synergized tangible workforce,Food,8,488.99,2026-02-18T13:32:50,completed,paypal,Latvia,West Christopherside,3911.92
c1268ea7-4f7a-4f5e-9995-cec3d4c27717,f8a8cae9-1b5f-446b-9953-af9254ffd295,Tyler Anthony,trichards@example.net,PROD-7060,Horizontal zero tolerance benchmark,Electronics,9,794.69,2025-12-04T02:31:31,pending,credit_card,Turkey,Lake Lisabury,7152.21
515e2d34-299c-4eeb-bfa0-3ec640f91f0e,8e6ef876-f0c3-4c6a-973b-f22a8cb39e67,Nathan Diaz,wallaceteresa@example.net,PROD-1405,Cross-platform value-added throughput,Clothing,2,654.69,2025-08-21T03:05:29,cancelled,credit_card,British Indian Ocean Territory (Chagos Archipelago),Patrickmouth,1309.38
bc82ffcf-b49c-4ee1-b0e1-df9d49380d0b,d49df5b3-0d97-4595-b742-322fa926796a,Eric Davidson,jamesbradley@example.net,PROD-5073,Customer-focused system-worthy throughput,Food,6,152.71,2026-04-19T23:26:16,pending,credit_card,Cameroon,East Feliciaberg,916.26
d6765bdd-1f1f-4d31-804c-04d64ae1157f,b85af095-9d40-4dc6-b739-9473beac62e7,Kristin Martinez,joshuacummings@example.net,PROD-7331,Exclusive composite artificial intelligence,Sports,6,695.6,2025-12-21T04:50:23,completed,credit_card,Gabon,West Rebeccaberg,4173.6
d98ddb7b-5b35-46d1-b0d3-9316835acfc0,9fadfa1e-5d1b-4649-8601-7b68c9f2c652,Nancy Ayala,jameswebb@example.org,PROD-7689,Robust static workforce,Books,4,602.14,2025-07-23T02:56:30,pending,credit_card,Haiti,South Shannonfurt,2408.56
76c8dd0e-928c-4ed9-a945-8ef5a3b8a0a0,83bbff15-300d-4470-bf72-b38dc2451c5c,Dr. Jacob Cannon,jimenezeric@example.org,PROD-8208,Mandatory client-server conglomeration,Food,10,566.81,2025-07-29T21:12:32,completed,paypal,Paraguay,South Erikaton,5668.1
38797256-671f-4233-bd68-87a6f56963c5,3e8fe06a-45ca-4570-8f30-e2c77f9fb82b,Denise Estes,david12@example.com,PROD-9065,Diverse logistical initiative,Electronics,10,979.78,2025-10-29T19:48:10,pending,credit_card,Pakistan,Webermouth,9797.8
eccf2164-f6b5-4d9c-9063-b192a26159d6,66c1d2e0-7abb-4cbb-b6e3-6e57e6b00920,Jason Rosales,bevans@example.org,PROD-4229,Stand-alone explicit success,Books,3,220.92,2025-07-09T03:50:03,pending,paypal,Togo,Lake Robert,662.76
215010e7-ff99-4237-9428-1399bf8e7d2f,27234ce5-0b8d-4bf1-8d30-922687e4bdf5,Dakota Fisher,omay@example.org,PROD-4949,Configurable fault-tolerant alliance,Books,7,784.23,2025-07-14T13:46:38,pending,paypal,British Indian Ocean Territory (Chagos Archipelago),Morgantown,5489.61
93b95271-27a4-446b-9e82-c4676f5cb512,d5f8355b-dab2-44f8-b11f-228a9ac49123,Kendra Stafford,baileydeborah@example.net,PROD-4096,Decentralized multi-tasking functionalities,Sports,10,966.8,2026-05-11T09:18:15,pending,bank_transfer,Montserrat,East Chad,9668.0
76f67870-651d-4499-ac47-a516666fdbb8,0d1510cc-7dab-4ec6-b243-0ef287b833e2,Matthew Davis,fwilkerson@example.org,PROD-4903,Public-key next generation workforce,Clothing,6,926.7,2025-12-16T13:10:35,cancelled,bank_transfer,Sierra Leone,Angelatown,5560.2
121cd9a8-f9b8-45e1-b09c-d60315803971,8337ec83-5297-43c3-b3ee-ec1aaef0f51b,Phillip Thompson,kevingreene@example.net,PROD-6251,Digitized client-driven architecture,Books,10,761.34,2025-11-26T06:32:37,cancelled,paypal,Costa Rica,North Douglas,7613.4
d768cf3a-c9c6-4ef6-8a4d-e677593e2b1f,f618c8cd-1c65-4a97-8ff6-e76e11432950,Gregory Butler,mary40@example.net,PROD-2240,Function-based attitude-oriented budgetary management,Electronics,1,277.04,2025-07-10T13:23:19,cancelled,bank_transfer,Tanzania,Cynthiatown,277.04
6f59e58d-d840-415d-81ed-abbffd70e395,11ca5e94-4bdf-4832-9bbb-c782a247e9fc,James Robbins,jhanson@example.com,PROD-5095,Synergized attitude-oriented firmware,Electronics,8,56.22,2025-12-22T03:24:41,completed,credit_card,Montserrat,New Natalieside,449.76
949c3662-f2bd-4303-89f7-68dd26284429,3ad4af7d-3ed3-401c-9084-bf4bff0bdd8e,Kathleen Shaw,melanie82@example.org,PROD-5168,Intuitive grid-enabled portal,Electronics,6,30.81,2025-06-20T14:00:25,pending,paypal,Cyprus,New Daniel,184.86
04bf35ec-a7eb-4052-b426-4b7755ba1fa5,e3102100-10be-4340-afb2-f1ccf5bf1293,Stacey Swanson DDS,brownashley@example.net,PROD-9438,Horizontal attitude-oriented focus group,Electronics,4,984.9,2025-10-31T19:25:11,completed,credit_card,Zimbabwe,Perezfort,3939.6
c3835391-61cf-4dff-a3c8-7a5b64a90027,48be495e-5a6f-4290-9247-9a0f8f4362ff,Rachel Bass,wallacejanice@example.net,PROD-2505,Universal well-modulated product,Sports,1,400.84,2026-01-21T19:16:48,completed,bank_transfer,Solomon Islands,New Eric,400.84
0832350e-6001-46d7-82c8-4e9de592be2c,2692ec03-ab68-4ac8-a1ad-c90dc50831a7,Susan Harris,lisa43@example.org,PROD-2373,Stand-alone upward-trending array,Food,10,514.45,2025-09-27T21:08:32,cancelled,paypal,Madagascar,West Michelle,5144.5
a17cceb4-61b4-4494-8354-5fadaddbb0dd,7440b526-f703-4d0a-be13-c50d552cbc7f,Tina Simmons,kristopherbray@example.com,PROD-9381,Switchable tertiary help-desk,Sports,9,309.21,2025-12-25T12:56:12,cancelled,paypal,Costa Rica,North Stacy,2782.89
8df1bd37-9627-4ee6-afa6-78fa568808bb,ea1feeda-af7e-4ce9-b621-44e11454cdf8,Timothy Stein MD,joshuarussell@example.net,PROD-5546,Reduced stable projection,Clothing,5,765.01,2025-11-21T14:19:46,cancelled,bank_transfer,Myanmar,North Jonathan,3825.05
d2070b74-70e1-42ae-88e9-4aa57cd2d39a,1ebd6c4d-6268-4b3d-9317-78ff46ce7043,Robert Davis,moonkathleen@example.org,PROD-7238,Realigned high-level portal,Electronics,6,56.96,2026-01-26T14:20:04,pending,paypal,Cocos (Keeling) Islands,Whitetown,341.76
315c467e-8472-4752-9798-fd9a7f010dca,a08208d9-f163-4d8d-971e-2f88d8cb85bb,Peter Combs,charlesvelez@example.net,PROD-2517,Realigned maximized hierarchy,Electronics,3,508.81,2025-07-13T16:20:29,completed,credit_card,Greece,Robertbury,1526.43
893e4fde-990c-4c4c-b7f5-64c58f2a590c,b8f1c127-7951-4119-a092-08117b3d54ec,John Cross,masonlaura@example.com,PROD-7062,Compatible regional interface,Electronics,1,862.32,2025-10-22T09:37:11,completed,paypal,Peru,Port Jessica,862.32
05e94299-e351-4a8c-98d5-9fab8a80b18a,2988a488-2fad-48d8-8bac-a1ce5b1bb6b6,Nancy Martinez,tochoa@example.net,PROD-6256,Diverse national utilization,Books,3,883.77,2026-01-17T15:37:32,completed,paypal,Pakistan,Skinnerville,2651.31
db01d696-946d-4f4d-85e7-2489b3711204,2aaa4781-419e-4c8c-8a32-99f33a3b4546,Ryan Sanchez,petersonandrew@example.org,PROD-6260,Adaptive stable project,Books,6,753.03,2025-11-20T23:20:39,pending,bank_transfer,Nepal,Amandabury,4518.18
b09514f2-31fd-49f0-b82c-c0bcf6bf6df8,c78d793e-536e-4f02-a7c6-38d26dd32281,Diane White,michaelcannon@example.net,PROD-7755,Programmable modular installation,Clothing,2,29.85,2025-10-22T21:57:32,cancelled,paypal,Saint Barthelemy,New Nicholas,59.7
c6be796d-0b16-4d5c-b7f0-ff4709e71e63,d717802e-c4ef-4c82-b762-ab490da0136f,Justin Smith,marcus58@example.net,PROD-7951,Reduced bi-directional extranet,Clothing,7,44.53,2025-12-09T16:17:11,completed,bank_transfer,Guatemala,South Charles,311.71
d3a0661f-2f5e-4f3c-a9ea-1d7c98db3079,ac64b2b4-cc9d-431d-91a0-ad1539c56d75,Kristin Scott,usmith@example.net,PROD-7796,Profound fault-tolerant matrices,Food,7,580.51,2025-10-17T17:26:40,cancelled,paypal,Eritrea,South Alexis,4063.57
1ed82b5e-4cbb-48d5-944e-5259bbfdf296,440c9df7-4346-41ee-8ded-a6cdf1db7edd,Mrs. Lisa Watkins MD,stephensdaniel@example.org,PROD-7618,Organized upward-trending emulation,Electronics,9,891.18,2025-06-18T11:11:47,completed,bank_transfer,Trinidad and Tobago,New Michellemouth,8020.62
67726f00-213b-44ce-bbb3-370e5ea0bad9,318d50be-9847-4ba7-af13-a71678e8dbd1,Paul White,xlewis@example.net,PROD-1626,Decentralized 24hour core,Electronics,6,313.92,2025-07-25T02:03:34,pending,paypal,Antarctica (the territory South of 60 deg S),Tarashire,1883.52
169ebe00-e821-4f2f-a70b-4cb9b9234cb5,ab191630-4317-40f6-9551-a632a747dc03,Natalie Gray,danielholland@example.net,PROD-5090,Distributed mobile function,Books,2,49.78,2025-10-12T07:00:12,completed,bank_transfer,Malawi,Georgemouth,99.56
ba2a7a50-0302-4fbd-a652-fdcdab3e490e,97422ee5-293f-4175-8d8c-43f82c5dd7ec,Suzanne Glenn,anthonyvazquez@example.org,PROD-6592,Phased multimedia collaboration,Sports,9,789.69,2025-11-27T14:43:18,completed,credit_card,Yemen,Craigborough,7107.21
d0bc5b11-62ba-4847-a009-c82560d38199,c23752bc-d0d0-4b4b-b12e-001256e1707a,Erika Smith,cookangelica@example.org,PROD-3002,Versatile optimal data-warehouse,Sports,7,892.53,2026-01-26T21:35:25,completed,bank_transfer,Singapore,East Adrianmouth,6247.71
9ee5c9cc-c443-4e66-bd58-7a939f566162,ec792c6f-f066-4c7f-b2e4-5fadc91565f0,Amanda Davidson,jasondickerson@example.org,PROD-2894,Assimilated clear-thinking synergy,Books,3,97.48,2026-01-21T23:17:39,completed,bank_transfer,Slovakia (Slovak Republic),Nancybury,292.44
4877b1e8-714f-45ce-a6c5-98e165e5c070,fbb937ce-9cec-4434-8400-f6e2e4c46021,Ricardo Newton,fhernandez@example.net,PROD-7945,Front-line optimal paradigm,Food,8,264.57,2026-03-28T06:58:51,pending,paypal,Afghanistan,West Michaelton,2116.56
934d9870-4fc1-4c9c-9b9f-262066324eff,38fc8833-b374-458c-b3fe-8fbf913ffbf0,John Myers,dpierce@example.net,PROD-2159,Assimilated coherent emulation,Food,7,508.07,2025-09-25T23:34:51,completed,paypal,Malta,Sullivanfurt,3556.49
f9463805-6330-4eae-9ed5-f645dea5adaa,1449fb18-13fd-470e-8810-8c5d8b96cd11,Jared Lang,calhoungary@example.net,PROD-3461,Realigned solution-oriented neural-net,Clothing,4,469.34,2026-02-22T11:06:40,cancelled,bank_transfer,Malawi,East Thomasberg,1877.36
28b87d5a-d250-4f4f-a850-e01af1972524,bc97fef5-e050-41bc-9587-83ab2043c58f,Miguel Taylor,kelly46@example.com,PROD-3950,Re-engineered 24hour structure,Clothing,6,888.09,2026-02-23T03:04:25,completed,credit_card,Bermuda,South Susanport,5328.54
52e8442f-1b9f-4e80-8c2d-84c59cbd1a82,c07906f2-bf03-4a38-b1fa-49782109daab,Chelsea Johnson,ferrellandrea@example.net,PROD-1394,Managed next generation capacity,Clothing,10,292.84,2025-07-04T22:20:47,pending,credit_card,Korea,Ryanborough,2928.4
841bb281-1015-4faf-9351-769408bfdc9e,65f6f167-04d2-4620-9654-37afa6f53c58,Martin Lopez,unelson@example.org,PROD-9323,Organized discrete framework,Clothing,4,705.04,2026-02-18T02:57:43,pending,paypal,Zambia,Sullivanfort,2820.16
2d9c102a-5aed-4e3e-98b0-59dff26f27e3,6dc2a229-afba-4c31-b19c-b65add958900,Christopher Contreras,angela43@example.org,PROD-1761,Switchable attitude-oriented adapter,Books,7,248.96,2026-01-25T17:15:43,cancelled,credit_card,Saint Barthelemy,Debrashire,1742.72
cc578bd2-bfa0-4423-802b-75056381dc7c,8119ecb9-604d-4059-9455-66315b62b005,Cindy Wheeler,shannon78@example.com,PROD-3653,Quality-focused zero-defect help-desk,Electronics,2,553.43,2025-12-19T08:38:12,pending,credit_card,South Africa,South Amy,1106.86
b9cf3e0a-a9be-4912-b844-04264f718e84,b67bae09-1f1d-4c54-9a7b-fd63474114a9,James Mason,marcus64@example.org,PROD-9062,Business-focused clear-thinking architecture,Clothing,4,593.8,2025-06-21T23:57:24,completed,paypal,Bouvet Island (Bouvetoya),South Brittanyton,2375.2
203c52f0-4b0c-4965-be5f-0edd4cd33fee,4beda45d-e519-4448-8d2b-55d5d4c0bd03,Kenneth Snyder,hpowell@example.com,PROD-1772,Fully-configurable bottom-line data-warehouse,Electronics,4,349.13,2026-02-20T22:42:20,completed,credit_card,Kazakhstan,Williamville,1396.52
ad537caa-6c68-4c65-bedc-c0b7aa04a276,77dbb495-0c83-47fe-8f66-1bfeb7f51d65,Dana Guerra,omclean@example.org,PROD-5715,Distributed attitude-oriented toolset,Books,1,450.37,2025-07-31T15:06:06,pending,credit_card,Nicaragua,Port Lindsaytown,450.37
f4c5bd51-3c3b-4969-a331-6f7b08060696,70640bbe-7096-430f-9991-3c11a225ac30,Edward Berg,joshuagonzalez@example.net,PROD-2372,Up-sized leadingedge approach,Clothing,4,682.66,2026-05-10T06:48:31,completed,paypal,Bangladesh,South Shelbyshire,2730.64
8aa7b8f7-6739-4fcd-9314-89e9a42f2578,8ab1bc5e-cda6-4808-af9d-f635f0c81a6a,Nicole Watts,anthony29@example.net,PROD-7723,Networked optimizing extranet,Food,9,75.78,2026-02-28T03:58:01,cancelled,credit_card,Israel,Hayesborough,682.02
068d13aa-bbae-442d-bd2d-6fc1daba7c86,d6d1642b-930a-4126-b1fc-54a4148edf02,Teresa Thompson,robert52@example.org,PROD-9905,Progressive needs-based analyzer,Books,7,957.47,2026-04-13T09:25:58,completed,credit_card,Dominican Republic,New Allison,6702.29
a681fdf4-b416-43c0-9ac4-6ad84d3b1e57,7c9d5177-9d03-4c74-839d-5f041e775d84,Shawn Murray,derekarnold@example.com,PROD-7288,Multi-tiered dedicated encoding,Food,2,48.68,2025-08-25T13:07:04,completed,bank_transfer,Cyprus,Soniaport,97.36
d1e0c848-98df-4871-83e3-43356535bd19,70fb723e-95fa-4233-a9cf-a85932d958f3,Wanda Johnson,karen63@example.com,PROD-1403,Assimilated grid-enabled architecture,Books,7,811.52,2026-02-12T04:30:39,pending,bank_transfer,Thailand,Gutierrezview,5680.64
f047034f-c7a3-40e2-8131-9ce1294c382a,197bad91-4aae-438c-842e-72d36c7f939b,Latasha Morris,gallegoskristin@example.com,PROD-4062,Integrated intangible orchestration,Food,8,776.77,2026-04-20T06:17:13,completed,bank_transfer,Faroe Islands,Port Caleb,6214.16
1d82c284-bad7-4a79-818d-e06993c369b1,0e0972d0-c8e9-4b1e-b564-fbe8887d22c3,Julie Phillips,jameskatherine@example.org,PROD-1201,Fundamental motivating benchmark,Sports,4,856.48,2025-10-12T19:32:40,cancelled,credit_card,Timor-Leste,Josephmouth,3425.92
6778091b-4afd-49e8-bbff-839a2d1be9ef,335888d1-e618-4a18-b346-001c7b4c1e22,Albert Abbott,melissafry@example.com,PROD-8573,Re-engineered clear-thinking firmware,Sports,8,941.67,2025-06-21T21:24:30,completed,bank_transfer,Guatemala,North Christinemouth,7533.36
fc5a4aa2-394d-4330-b47a-02cbb112ec54,1b9c4bca-9dfb-41b7-8fae-781203625a5f,Christy Finley,robert38@example.org,PROD-7706,Upgradable solution-oriented moratorium,Clothing,9,27.89,2026-03-26T20:48:23,pending,paypal,Wallis and Futuna,North Davidshire,251.01
96dd1318-e7ce-446c-8df0-481cc0bb4a6b,dad349d1-9ead-49c5-b4a3-33a1873b4087,Jason Allen,ugoodwin@example.net,PROD-9618,Versatile 4thgeneration instruction set,Sports,1,18.37,2025-11-24T14:56:05,cancelled,credit_card,Macao,Jonesmouth,18.37
cd859ae4-10fd-42ad-b566-9e6a0844bf37,793a646e-2096-4900-a0ed-fb18851b0efc,Carla Hayes,pturner@example.net,PROD-1949,Function-based impactful infrastructure,Books,8,581.52,2026-04-28T15:39:56,pending,bank_transfer,United States Minor Outlying Islands,North Joelmouth,4652.16
b5c8d675-3708-4f18-9d05-96fdcfd7eb7b,b18f105d-8d38-4f86-8948-5a841fe6db69,Gary Guzman,taylorjessica@example.net,PROD-7020,Networked 24/7 product,Books,10,272.17,2025-11-20T06:17:31,cancelled,credit_card,Swaziland,Kevinmouth,2721.7
868f9d74-5a55-41cf-8a74-44aef1053260,59382a5c-912d-4bff-82a0-4a5de41814f3,Susan Reed,jamesbarker@example.com,PROD-6555,Front-line next generation forecast,Food,7,549.6,2026-01-12T14:03:06,pending,credit_card,Bolivia,Stewartmouth,3847.2
1bd202aa-2ccd-4409-a1f8-f4955274f246,1c2c7844-0975-4e06-a00f-5b571f9f3f65,Mr. Craig Combs Jr.,jdavis@example.com,PROD-8309,Managed explicit firmware,Clothing,2,939.62,2025-06-20T18:47:17,completed,bank_transfer,Tuvalu,Michaelfurt,1879.24
d9e10d44-7906-4610-bdf1-0962e6272f1d,93cede2c-f9c3-4140-a950-a7aa7a864d40,Kristen Webb,patriciagarrett@example.com,PROD-1923,Upgradable 6thgeneration contingency,Sports,6,430.35,2025-09-18T23:36:12,pending,credit_card,Canada,Longstad,2582.1
8f8f959e-19c5-4888-8866-a873200af792,d4ae0eab-80c8-4941-9443-1eb698c8a5b9,Erica Roman,zhampton@example.org,PROD-7297,Re-engineered maximized leverage,Books,2,774.05,2025-06-02T06:50:19,cancelled,bank_transfer,Georgia,Masonfurt,1548.1
6245e4c6-4bbd-4683-82e1-5edf43bca7f8,95fc57d9-0874-4ed1-ad08-3d06b16d2e83,Ethan Graves,rickynguyen@example.com,PROD-2931,Upgradable optimal customer loyalty,Food,9,812.32,2026-05-18T00:08:33,completed,bank_transfer,Moldova,Millertown,7310.88
5c4bb80b-2658-4607-98f7-e985091b410f,04640886-9cc7-420f-87c7-b685a9b35ca7,Diana Guerrero,williamsanchez@example.net,PROD-2960,Re-engineered global database,Clothing,3,825.03,2025-11-02T12:53:32,pending,bank_transfer,Saint Vincent and the Grenadines,Warnerville,2475.09
81a1c5df-77c5-449d-be39-2cb59ecc6ad7,4555142a-7a00-41af-a846-b150e2cd5006,Mallory Rosales,wmurray@example.net,PROD-6813,Advanced maximized challenge,Electronics,8,666.55,2026-01-12T15:56:27,pending,credit_card,Congo,Lake Kelseyfurt,5332.4
687c3bf0-91bb-4877-bd51-bc352db13afe,94d56159-67f6-4763-8e1b-414849dc89d7,Elizabeth Garcia,ashleydean@example.org,PROD-7244,Re-contextualized 4thgeneration circuit,Clothing,2,827.96,2025-07-20T13:28:40,completed,paypal,Liberia,North Royland,1655.92
64306914-603f-41f0-ad82-0e8d5e7b502d,08c76699-ceb8-4627-b394-606243d6fc86,Anita Gonzalez,toni79@example.org,PROD-3535,Reactive optimizing open system,Books,10,167.28,2026-02-13T09:32:15,cancelled,bank_transfer,Barbados,Hollyton,1672.8
5306678d-4504-4f2d-80cf-146ffcdd15ca,99140e06-7bec-4599-9941-c126a2f33bf9,Danielle Meyer,fernandezmichelle@example.org,PROD-3101,Universal static monitoring,Books,3,765.48,2026-02-18T07:18:57,pending,credit_card,Bhutan,Lake Justinfurt,2296.44
673f0f99-ae3a-461c-9157-63484684bd3a,f640a3b4-22eb-4dea-a7b0-8bec499ba3bd,Steven Strong,rhonda45@example.net,PROD-6649,Configurable exuding complexity,Books,3,735.36,2025-11-24T08:05:36,completed,credit_card,Kiribati,South Georgehaven,2206.08
705b1c01-81ca-42de-8036-2611515bd46b,8c154022-1a86-45e4-82a8-74e1559ff24e,Angela Reilly MD,sheilamartin@example.net,PROD-4543,Reactive homogeneous Graphic Interface,Food,2,435.52,2025-11-20T07:29:55,completed,paypal,Gambia,Crystalstad,871.04
a38291a0-e4cd-459f-bcc0-915f6da81c7e,8b622cfc-caf2-48f6-9754-a3a705a97d94,Troy Golden,robinfarley@example.net,PROD-7861,Managed mission-critical toolset,Books,3,486.01,2026-01-09T03:38:17,cancelled,paypal,Congo,West Markville,1458.03
e72afaac-1726-4ad7-8417-dd94f5382d40,a0439cc7-bcdd-471c-aa2f-0be479315f2e,Jonathan Clark,qgiles@example.net,PROD-7685,De-engineered neutral groupware,Sports,6,944.1,2025-06-15T02:06:10,completed,credit_card,Bouvet Island (Bouvetoya),Riggsside,5664.6
ebdf3e6d-40f2-478e-982d-40844c3171a2,2003b3d8-2b61-45c0-998c-35a5ff4849b2,Brian Finley,jwashington@example.net,PROD-6094,Multi-channeled interactive productivity,Electronics,8,124.53,2026-02-11T07:23:55,cancelled,paypal,Tajikistan,Brooksmouth,996.24
7a9220ca-2340-4cc3-93ce-635e06f4d7e3,2ae6286d-2406-42a8-a298-45cab8fc31ba,Nicholas Snyder,handerson@example.net,PROD-5398,De-engineered stable data-warehouse,Clothing,3,740.75,2025-05-26T23:08:18,pending,paypal,Australia,Port Andrewland,2222.25
8b1ce287-5f01-41d0-9159-75b724db9151,f9bdda90-3054-4ace-9724-ad377fa372a1,Brad Hill,cynthia25@example.net,PROD-9549,Seamless 24hour methodology,Clothing,10,974.4,2025-06-20T02:05:54,completed,bank_transfer,Nepal,Gabrielberg,9744.0
0fc623d7-8170-4eec-b3ef-0dbaaf00e59e,4a18f642-db2c-4305-bc4c-175f38b420b7,Patricia Blake,ninarodriguez@example.org,PROD-1683,Function-based analyzing encryption,Electronics,7,552.28,2025-11-01T08:58:25,completed,bank_transfer,Egypt,Margaretberg,3865.96
23617772-4329-4225-9f4b-9acc90e03287,996833a4-4d9c-4731-89fe-bb15f3990140,Judith Cook,kyang@example.org,PROD-5297,Self-enabling maximized ability,Books,2,840.62,2026-03-27T16:07:27,pending,credit_card,British Virgin Islands,North Juliaview,1681.24
a93bdbe4-1cec-4405-8333-5b56163d9450,3bececc6-1935-4f6a-a0bf-f3ce222130d7,Denise Chen,bcarrillo@example.com,PROD-8824,Pre-emptive 24/7 array,Food,9,184.56,2025-07-30T22:09:40,completed,bank_transfer,Philippines,Stevensonberg,1661.04
3b384fc4-9df4-42e2-b0ea-224380756c77,ffa1a089-c6fd-409d-84c9-3c9c5a78f80f,Zachary Watson,alexanderchristine@example.net,PROD-7539,Stand-alone systematic alliance,Sports,5,342.76,2025-08-15T16:23:16,completed,paypal,Samoa,Buchananburgh,1713.8
78d6fc7f-f761-4b0f-a588-232da330313a,9ac24a0f-f683-455d-8aaa-002e604f6ffe,Don Tran,zhudson@example.org,PROD-4718,Enterprise-wide multimedia protocol,Food,10,434.34,2026-05-22T20:38:21,pending,bank_transfer,Luxembourg,Hillland,4343.4
b6cc388f-eef5-4886-b9e5-f6f2141ace5d,e6a4bc98-d380-4e5e-971c-139c83724bf0,David Williams,mcintyrebrittany@example.net,PROD-2944,Operative upward-trending moratorium,Clothing,5,461.28,2026-04-28T11:26:03,pending,paypal,Montserrat,Port Luis,2306.4
aa6d0bf8-e9ca-4128-8bc1-6512fa577720,a0133962-8835-4584-9f22-6c945fa58797,Corey Rodriguez,irose@example.com,PROD-8519,Centralized global analyzer,Clothing,1,102.02,2026-01-08T19:15:36,completed,paypal,Malta,Lake Matthewside,102.02
4fbeff97-8ee7-4c94-9a5d-afce3c4b9b82,688084b8-46d7-4a92-b306-38ecb5aa978c,Caleb Rogers,john97@example.org,PROD-9797,Enterprise-wide fresh-thinking knowledge user,Books,7,219.78,2025-10-13T22:01:03,completed,paypal,Austria,Loganport,1538.46
bd875576-c63b-4257-9e10-b15878bee1e5,c89297e6-9ab0-40d3-a09c-0bbf6b1795de,Jenna Craig,david98@example.net,PROD-1716,Self-enabling scalable customer loyalty,Sports,5,558.35,2025-12-14T18:52:19,cancelled,bank_transfer,Guinea-Bissau,Walkershire,2791.75
b76324f0-a3c3-4051-a9d9-3fe94e2ecff8,2efce9ff-b2b8-4a34-aca4-de476f5d768f,Christie Davila,coreywilliams@example.com,PROD-9435,Adaptive encompassing hardware,Electronics,5,271.83,2025-09-09T13:59:33,cancelled,paypal,Korea,Sandraland,1359.15
fe6582d1-e5e4-41a7-8486-8525c4a8b122,792f1b8d-37a0-43cf-aa4d-88c8803fff10,Jeremy Vasquez,samuel01@example.org,PROD-2380,Upgradable foreground emulation,Sports,4,932.53,2025-09-27T23:13:19,completed,credit_card,Bangladesh,South Jesseberg,3730.12
1e3ca2c6-f325-4240-8574-8c0ad2c88da4,52650e49-a0b1-4dad-a5af-57fe6c912f6e,Arthur Mason,lynn96@example.org,PROD-4718,Cross-platform empowering success,Electronics,10,808.55,2025-10-05T01:12:34,cancelled,credit_card,Kazakhstan,Bowmanmouth,8085.5
93b994ae-7f78-453c-91a1-359a1db41ce7,8ede58e6-9f02-4778-aa9c-a0c5b9b60d56,Jennifer Patterson,haleynelson@example.net,PROD-2310,Integrated discrete toolset,Books,1,582.01,2026-05-21T15:30:11,pending,credit_card,Heard Island and McDonald Islands,Lake Courtneyburgh,582.01
cbd2c1c0-99a8-43f0-baf1-04e3cb35db4e,6cc5e0c7-c261-462b-ba3d-f1a62c4c5d05,Amanda Williams,hollandrichard@example.net,PROD-6236,Object-based solution-oriented instruction set,Clothing,3,667.61,2026-01-04T05:58:34,completed,credit_card,Senegal,West Karenstad,2002.83
7d900325-a512-4101-8b95-69728ce5e559,6b005135-2210-40b9-bafc-7eec395aad84,Dana Mitchell,bnelson@example.org,PROD-4791,Grass-roots coherent superstructure,Food,4,254.35,2025-07-07T05:01:20,pending,paypal,Slovenia,Robinsonstad,1017.4
2b38433c-c138-4b19-b7db-0b68812e035c,69574a0e-ba83-473b-847a-ab214848d495,Cindy Ramirez,millercindy@example.net,PROD-9567,Expanded bottom-line hierarchy,Sports,7,84.0,2025-08-31T08:32:57,pending,credit_card,Georgia,Lake Sarah,588.0
c5e9460e-e5ef-41bb-8c15-0a221917782c,c8701fe1-8205-4bba-80d5-f05bc536f48f,Kimberly Leblanc,jenniferbarron@example.org,PROD-4591,De-engineered secondary info-mediaries,Clothing,9,58.44,2026-04-09T15:23:06,pending,credit_card,Somalia,South Johnny,525.96
79c35604-ef98-400f-bb74-7b91a6e4097e,f5ec58e2-c37e-4414-8874-2dec29cbfaa9,Lisa Andrews,mcmahonrodney@example.com,PROD-3157,Up-sized intangible emulation,Clothing,7,257.68,2025-12-25T19:15:37,pending,paypal,Saint Martin,Port Jasonmouth,1803.76
48ef743e-32e2-46e7-a529-a74e87614855,e3478fa2-497e-41e6-ab7d-840d6224cb4a,April Ferguson,shawleah@example.net,PROD-7960,Phased attitude-oriented data-warehouse,Clothing,6,443.1,2026-04-25T13:23:07,pending,paypal,Morocco,Lake Carolyn,2658.6
18f8f433-f493-45e7-a190-4f1589eb2ee2,626ab41f-97d9-4cce-864a-23951867b6bc,Katie Rice,jjordan@example.com,PROD-2126,Configurable client-driven portal,Electronics,3,184.41,2025-10-26T19:33:18,completed,paypal,Jersey,Port Kimberlyhaven,553.23
d3b0dfc4-48c1-4eeb-a430-2aa5270db1e7,789ef745-fbac-4ef6-be77-daa7b1465488,Wendy Fuller,brandon74@example.com,PROD-8802,Optimized heuristic focus group,Sports,2,999.62,2026-02-22T18:49:18,completed,bank_transfer,Turkey,South Emily,1999.24
cb1dd501-2aac-435c-8496-847d521e554e,e21fb577-f174-4324-96d9-167c0e03b493,Justin Barnes,ygarcia@example.net,PROD-9011,Virtual disintermediate toolset,Clothing,3,269.1,2025-06-05T22:09:14,pending,credit_card,Germany,South Alyssa,807.3
d223601c-10b1-49ab-8f9a-045c6257436a,89b481c7-3d8e-48f3-acdf-e422b627e390,Linda Cortez,nicoleleach@example.com,PROD-2602,Decentralized responsive customer loyalty,Food,9,839.01,2025-12-06T08:58:50,completed,paypal,Fiji,New Kimberlychester,7551.09
1501fca4-dc38-4af0-a83e-e1af865dc306,bab522b0-b7f9-4d5d-9fae-0b071e17f745,Mr. Brandon Moore,ashleyjones@example.com,PROD-3546,Intuitive dynamic paradigm,Clothing,6,934.07,2025-05-29T19:49:20,pending,credit_card,China,Leblancside,5604.42
95953373-d520-4eb5-9413-91fca7afeb24,aa773da0-6704-4cd8-894d-7d14b7caf058,Lori Palmer,mullinsgabriel@example.net,PROD-6348,Robust value-added contingency,Food,5,780.36,2025-12-02T06:21:35,completed,bank_transfer,Austria,Port Margaret,3901.8
4e818907-2de4-4607-a852-aef4ed289b18,e610a15d-357f-489b-bf11-7a7ea1a984e2,Anthony Wilson,matthew98@example.net,PROD-5804,Re-engineered static ability,Sports,1,330.66,2026-02-23T15:16:25,completed,bank_transfer,United States of America,Sarahfort,330.66
a0363802-f471-4bb0-8d16-506cb9fef5bb,1caf27a4-3f0d-4506-b414-bad8180f76ff,Melinda Erickson,tracy67@example.com,PROD-2661,Cross-platform motivating architecture,Electronics,5,65.73,2026-01-04T09:03:06,cancelled,credit_card,Niue,South Hectorchester,328.65
0c1209d7-4500-4554-b609-60e2f5074ae6,3dd2d5fb-e5b7-4450-a95a-e54d7522a3d4,Emma Freeman,oscar21@example.org,PROD-7154,De-engineered stable neural-net,Clothing,5,129.09,2025-10-18T23:40:37,pending,bank_transfer,Guyana,East Austinhaven,645.45
f30d0521-e8b7-491e-9e16-090bf2872761,625e2120-6383-426e-90d9-6cd9287a6c73,Jennifer Cook,alexander72@example.com,PROD-3179,Function-based modular interface,Sports,10,762.38,2025-11-11T05:46:51,cancelled,bank_transfer,Germany,Blairfurt,7623.8
7cd5f4be-1fd7-419c-920d-d4d8baef1e3e,cbe91285-398a-4773-9ae6-6d15a639febc,Christina Morgan,awilkerson@example.net,PROD-9018,Persistent modular standardization,Books,7,548.05,2025-06-16T00:09:11,pending,credit_card,Zambia,Gonzalestown,3836.35
a8ef7fc6-ffd1-4217-8382-d0c260639f1b,c1b8e3f8-cc96-43ad-bbe3-bcc3a9240ab7,Erin Garcia,adrian74@example.org,PROD-3763,Compatible zero tolerance customer loyalty,Electronics,7,783.55,2025-09-27T05:41:11,pending,bank_transfer,Cambodia,South David,5484.85
7e23244e-3dd9-4e0a-99c9-0937e7e0a033,691e188a-734a-47da-ba1f-bb4565338fd3,Robert Evans,pattersonkeith@example.org,PROD-3989,Expanded mobile matrices,Electronics,5,905.32,2025-11-07T18:20:29,pending,bank_transfer,Bermuda,Port Anthony,4526.6
58fc56d4-d05c-40df-a00f-2d3cc110f438,51ec05ea-2937-47ce-8028-8ab94d06d1e3,Jose Rocha,thomasheath@example.org,PROD-3761,Streamlined well-modulated archive,Food,10,372.75,2025-06-06T10:13:32,cancelled,paypal,Holy See (Vatican City State),Lake Elizabethberg,3727.5
b437d501-21e6-42a9-9a7a-d8b0127cd983,dc467579-9d35-44e6-bbec-d4994411cd19,Caleb James,whitedeborah@example.org,PROD-4417,Ergonomic didactic access,Books,5,473.67,2025-12-30T12:05:27,cancelled,bank_transfer,Comoros,Robertschester,2368.35
09d00069-b23a-41d6-8717-2da4a13b92e7,eaca2873-7aed-4be1-b576-c7fedd59e317,Christopher Giles,mcdanielarthur@example.net,PROD-2805,Function-based stable parallelism,Food,5,726.46,2025-10-05T16:21:37,cancelled,credit_card,United States Minor Outlying Islands,North Bradley,3632.3
54f57af0-f86f-4538-88e9-4ce95b12992d,fe358aff-750f-4f9e-a2bc-6b681fa7de0c,Melissa Ramos,matthew50@example.org,PROD-2306,Inverse multi-tasking alliance,Clothing,5,204.56,2025-09-05T14:44:01,completed,paypal,Paraguay,West Tracy,1022.8
32dff1d3-7c00-4747-af41-f8a3e94b0b0d,09c368a8-429d-49c3-bf37-b2b1d4e22ea2,William Flores,jason75@example.org,PROD-8224,Progressive responsive access,Electronics,10,923.39,2025-09-17T10:38:12,pending,paypal,Burundi,North Michellebury,9233.9
b137509b-3062-4bba-ae65-e7b73c2ba2e3,f0db8e3c-06c5-4e9e-a81d-1915b6d36f26,Rachel Lawson,hhall@example.org,PROD-2981,Enhanced empowering methodology,Clothing,8,215.77,2026-02-16T08:33:22,pending,paypal,Philippines,East Amanda,1726.16
38026681-78c4-4c9a-b941-148b4b9412a3,200cdebb-d049-4fb9-8483-b683693b4f7c,Brandy Barnett,rlopez@example.org,PROD-1172,Future-proofed web-enabled help-desk,Sports,7,200.37,2025-06-28T20:26:10,pending,credit_card,Namibia,New Thomaston,1402.59
f8792024-115f-472c-bf06-ff200a3b36aa,91a86bb4-45bd-4459-8465-1d26cd9f1636,Donald Stevens,icampos@example.org,PROD-5113,Diverse 24/7 open system,Food,5,821.42,2026-04-15T23:07:36,completed,bank_transfer,Sudan,North Julie,4107.1
f036e913-bff8-44f9-957b-b343cc679c3f,0a33fb31-dfcd-4ec2-b2b8-eee553dfec67,Allen Gibbs,bethortega@example.net,PROD-5595,Stand-alone background project,Food,8,948.18,2025-12-29T17:29:41,completed,credit_card,Moldova,East Paul,7585.44
71630ae7-029d-4e67-8987-47ff7a8fa0b7,a27452e8-a989-4e68-837a-1b9578841d07,Kimberly Lindsey,daniel67@example.com,PROD-1895,Implemented eco-centric challenge,Books,3,347.55,2025-11-17T22:02:20,cancelled,paypal,Croatia,Millerchester,1042.65
0e737596-236a-43fb-9949-8ac4cc43a526,f59a6bfa-bcf1-4fb5-a2bc-bc926c99539d,Jonathan Daniel,paulgriffin@example.com,PROD-1420,Intuitive composite productivity,Books,1,719.09,2026-01-31T03:33:52,pending,paypal,Burundi,Martinville,719.09
38d94518-531e-4361-8cda-74f7fefc7fd6,92372e30-21bb-435f-8b2b-ca6ba8cbcc91,Valerie Frazier,wwiley@example.org,PROD-5241,Grass-roots client-server paradigm,Sports,7,362.92,2026-04-15T01:55:37,cancelled,bank_transfer,Comoros,Macdonaldtown,2540.44
fb4eb71f-6548-4348-8d9e-390e198ee060,816ddcf7-5681-4cf9-9af5-e55f3432af75,Cheyenne Taylor,christine57@example.org,PROD-7293,Configurable 24hour focus group,Sports,4,192.14,2025-11-20T19:45:42,cancelled,paypal,Hong Kong,Staceymouth,768.56
a1d8a6c5-aaf6-498b-92b3-0cd25dbe1cc9,c9c6cc64-de30-42f6-845b-8c799ef37ef1,Ashley Ray,mike52@example.org,PROD-6551,Extended eco-centric utilization,Sports,4,794.54,2026-01-09T05:12:13,completed,bank_transfer,French Guiana,Palmerburgh,3178.16
990f894d-2b40-4e60-b45a-10ff07bbc034,b6b95814-4a2c-44cd-ada0-e7bf9c6a1e2e,Maria Stokes,cochrannancy@example.net,PROD-8531,Operative web-enabled access,Clothing,6,57.72,2025-05-30T20:16:56,completed,paypal,Christmas Island,Garnermouth,346.32
acfd40b6-fb52-492d-af6a-6c602bafd6c0,1f473f88-e59e-438c-9a83-17f106add11f,Joshua Wheeler,kschwartz@example.com,PROD-5743,Secured background utilization,Food,7,556.19,2026-02-12T11:19:51,cancelled,bank_transfer,French Southern Territories,Lake Lisa,3893.33
2b624312-24a5-4f5c-977a-45fd3d045bf0,6b5844b1-da91-4847-9246-e953766a682b,William Hutchinson,jenna15@example.net,PROD-9430,Decentralized stable contingency,Clothing,10,252.9,2026-04-07T23:03:10,cancelled,bank_transfer,Iran,Codyton,2529.0
a27d9409-8d10-4637-86e9-5c99eb9f8878,8f59326f-2a7b-4971-8aa0-961f0120bd86,Anthony Mcfarland,moorekevin@example.net,PROD-9075,Open-source eco-centric monitoring,Food,5,608.08,2025-10-23T21:25:28,cancelled,bank_transfer,Costa Rica,West Davidmouth,3040.4
b5c797a7-71b5-414f-b450-88cbe3f0de84,22df8239-e746-4323-8db9-2d300970db5a,Anita Osborne,andreamiranda@example.net,PROD-3232,Vision-oriented well-modulated functionalities,Sports,5,577.72,2025-11-26T12:00:58,completed,paypal,Senegal,Davidborough,2888.6
5b1057e9-5d1a-430e-84ca-41e40306f2c3,c2d3d6ed-d02a-4f7b-8ba1-029e4c482073,Phillip Simon,rachel66@example.com,PROD-6774,Organized dynamic service-desk,Food,7,862.94,2025-07-10T20:36:10,cancelled,paypal,Romania,Lake Derek,6040.58
e50b246f-117f-4267-98cd-a07afc1f6396,c2196a19-6cae-418b-847d-83280c47ae12,Cindy Zimmerman,jroy@example.org,PROD-3612,Switchable system-worthy algorithm,Sports,5,642.4,2025-07-13T00:25:12,pending,bank_transfer,Qatar,New Stephen,3212.0
e64de4e0-1e5f-4eb5-b9f1-f1ef5758075c,07146809-a14f-45e1-b5e2-329ef8444f05,Patrick Blevins,michael76@example.com,PROD-7692,Polarized high-level adapter,Electronics,5,755.17,2026-03-15T15:57:01,pending,credit_card,San Marino,Adamsview,3775.85
95697ddd-bf2a-4afb-a2da-8b87b5508dab,a50f2566-6af2-4cfb-a0af-4ef4c86b309c,Erica Williams,joseph85@example.org,PROD-6204,Virtual full-range challenge,Books,4,673.82,2025-08-18T10:40:05,pending,bank_transfer,Vanuatu,Lake Jeremymouth,2695.28
03720619-d1d2-4f6f-a2e9-c608c1ee9eee,27e72995-99d6-487c-ba1a-6093edf94863,David Ross,sandra38@example.com,PROD-9574,Devolved impactful website,Sports,2,827.11,2025-12-22T08:43:24,completed,bank_transfer,Tanzania,Port Christinehaven,1654.22
6e3038ac-df65-4fa8-9761-18d778c704ef,49ef4fd6-3829-497a-a928-7bf9dd02d007,Cynthia Price,cartersheila@example.com,PROD-5534,Open-source contextually-based circuit,Food,7,871.19,2025-07-10T19:17:49,cancelled,bank_transfer,India,Robinshire,6098.33
1ebc6613-d55a-4260-b2b7-f8ad05928463,969e7bb4-f039-47aa-8e76-e9d686e87015,Gary Stanley,qwoods@example.org,PROD-9632,Proactive needs-based methodology,Clothing,4,856.06,2025-10-16T11:47:29,pending,credit_card,Guyana,Angelatown,3424.24
db3ce289-a7ff-4f0c-9750-0aae3d54a211,26179e46-23eb-4eec-be68-d48ad5840aff,Lori Cunningham,nlopez@example.org,PROD-7438,Polarized analyzing support,Books,5,491.03,2025-07-04T08:05:24,pending,bank_transfer,Christmas Island,West Kaitlyn,2455.15
31915d0d-21c6-44eb-8199-03c17ccd6bc2,6fcfce29-96da-479e-b740-43df85c12194,Michael Adams,kayla90@example.org,PROD-8067,Progressive transitional Graphical User Interface,Clothing,2,789.29,2026-02-23T09:51:37,cancelled,paypal,Azerbaijan,Tylerport,1578.58
db82c7e2-8178-46d7-893b-fc49ea50d8d1,bc39f9f0-3b75-4558-bc87-67bc9dba070b,Heather Pearson,johnnyhughes@example.com,PROD-1930,Cross-group asymmetric groupware,Clothing,4,972.69,2025-11-17T09:38:42,completed,paypal,Martinique,Rossmouth,3890.76
e9dd5ae4-4394-49dd-a62c-47fedf3f1066,7aa93c15-0418-45f2-91da-8550f1a1e545,Eric Fox,samantha67@example.net,PROD-3640,Synergistic object-oriented Graphical User Interface,Books,3,342.04,2026-04-11T05:20:44,pending,paypal,Malaysia,Scottmouth,1026.12
868156cf-2978-4af2-b0b9-2c754cc0cd04,fd19a6a6-b8d1-4a6d-87e0-7a182aed01e5,Dr. William Chavez PhD,hmolina@example.org,PROD-2491,Multi-channeled mobile firmware,Clothing,5,914.84,2025-08-09T19:31:15,cancelled,paypal,Poland,West Ashleybury,4574.2
1eff23c2-c66e-4222-8766-4cbf09101413,a5064463-f108-42ff-9d4b-3d045c30055f,Aaron Glenn,william17@example.com,PROD-4421,Secured interactive budgetary management,Sports,9,212.27,2025-06-25T23:48:13,cancelled,paypal,Bangladesh,North Patrickburgh,1910.43
c54ab5dc-7ae0-4664-b854-fee6a665a679,e3685c18-0edd-4ea3-8211-fe0bdcc961b0,Jeffery Reynolds,gthompson@example.org,PROD-9424,Persistent holistic collaboration,Electronics,1,770.57,2026-02-04T03:19:13,completed,credit_card,Qatar,West Mark,770.57
dc06627e-d017-40da-bbaf-4b4ee7ff5b2c,8f423aec-b2da-4562-ab8b-584c473bc0b0,Rebecca Harris,cynthiaholmes@example.net,PROD-4507,Decentralized intangible collaboration,Sports,7,927.93,2025-12-06T14:26:50,completed,paypal,Latvia,Port Jorge,6495.51
f879f129-ec36-4106-9797-ce8af2407423,74ea076f-93b9-4754-863b-5e379ef776e5,David Patton,kristy27@example.net,PROD-5588,Vision-oriented content-based analyzer,Clothing,10,319.18,2025-12-07T06:09:57,pending,credit_card,British Indian Ocean Territory (Chagos Archipelago),Wiseview,3191.8
e9d5f80e-6c8b-48ec-8f3c-05a0cab4402d,d8db7129-26cc-4543-86dc-973152036f0e,Peter Riley,amanda52@example.net,PROD-5573,Multi-channeled foreground help-desk,Sports,1,396.72,2025-08-11T14:32:23,pending,credit_card,Norway,New Susanstad,396.72
9f771e71-a332-4154-ba96-61dbfc8c40c2,12e0916c-228a-43e7-a436-dd5f7f7525b4,Jason Stewart,ewilliams@example.net,PROD-8789,De-engineered 3rdgeneration initiative,Sports,2,362.36,2025-11-29T05:54:51,cancelled,credit_card,Greece,Johnsonbury,724.72
edb597dd-3371-4eb9-8e7c-d6eef2e1c437,7982f73f-132b-42e7-8e86-b0223700d514,Crystal Hammond,fmcintyre@example.com,PROD-9057,Proactive coherent encryption,Sports,7,982.58,2025-06-05T12:07:21,completed,credit_card,French Polynesia,New Jasonburgh,6878.06
9b444d0e-018a-47d2-88ab-e82a8628e273,a8434369-1039-40f5-9694-3289fb01e557,Matthew Lopez,davisdavid@example.org,PROD-1049,Advanced solution-oriented collaboration,Food,5,196.4,2026-03-18T04:10:45,completed,bank_transfer,Denmark,Josephhaven,982.0
024824ed-c5bf-4bd4-a23b-0ef00144fb0d,204847e6-8a67-46a3-9f05-4dd8da60d8c6,Kelly Phillips,cheryl70@example.com,PROD-3579,Expanded regional moratorium,Electronics,10,630.99,2025-12-21T04:30:11,completed,credit_card,Fiji,West Marcusshire,6309.9
5d568a4e-75eb-4e0a-82bc-98844a3111d9,91741089-1553-460e-aa36-abe9cb70fe35,Darin Mcintyre,tonyboyer@example.com,PROD-7043,Configurable methodical matrices,Sports,10,646.7,2026-02-01T14:08:24,pending,bank_transfer,Falkland Islands (Malvinas),Lake Lindsayberg,6467.0
4e9e443a-7ef3-406f-8b8d-6e809efbeab8,203a4c21-5b2a-4332-92a3-526fd3b1ab67,Dominique White,stevenbrown@example.net,PROD-6335,Reverse-engineered heuristic pricing structure,Books,1,148.47,2025-10-08T05:46:51,completed,credit_card,Estonia,New Jamesview,148.47
b83c8567-687d-49c2-bfdb-449d19177f9f,4b939e51-806e-4b51-b480-8a52f3ecbf0b,Brian Kelly,wbowen@example.net,PROD-5380,Proactive mobile projection,Electronics,10,921.7,2026-01-05T07:12:10,pending,credit_card,Kazakhstan,North Thomas,9217.0
4cdddeb2-9dcb-4915-82ee-84c0590fd31d,9b9d3978-2fa1-4c85-8dd7-481fc3761da0,Tracey Davis,xjohnson@example.com,PROD-9131,Universal coherent solution,Books,8,233.22,2025-11-20T01:02:56,pending,paypal,Monaco,Dayshire,1865.76
6ec51939-04c9-4d5a-b034-bb74ee6ee52c,8ac8becf-9f71-46f5-9ffa-f6d7dcfbf278,Steven Shepherd,millerstacey@example.org,PROD-5418,Monitored motivating architecture,Food,8,407.46,2026-03-18T00:43:12,completed,credit_card,Djibouti,Rogerfort,3259.68
704403f0-58dd-4c4b-a1cd-4baeecefee55,090a9d47-d429-4dc0-8977-c936228576e7,Cindy Brown,susanpowers@example.org,PROD-9867,Monitored high-level support,Electronics,1,270.94,2026-04-20T02:30:30,completed,credit_card,Austria,North Ashley,270.94
3dd54106-5b0b-4c6e-ad1c-bfa4098a4a25,2ee776bf-d9fe-43f3-a536-8dc69e8cd491,James Hall,skerr@example.org,PROD-5375,Customizable intangible model,Food,1,387.29,2025-08-14T04:11:05,pending,bank_transfer,Saint Vincent and the Grenadines,East Carolynbury,387.29
91c0d617-3b33-43d9-869e-5b685e0edbdf,7db2127a-720c-4996-b18d-655d8d01af82,Sandra Chandler,elizabeth97@example.net,PROD-3894,Exclusive human-resource toolset,Food,7,131.62,2025-10-05T23:22:16,cancelled,paypal,Iceland,Port Laurachester,921.34
09654106-1bdb-4eaa-8cbc-385d1b8e9c51,19a80e2f-8235-4016-af07-9c4c6cf3dc8b,Robert Jensen,jesusleonard@example.net,PROD-2773,Cross-platform zero tolerance alliance,Clothing,7,901.46,2026-04-18T09:43:25,completed,paypal,Pitcairn Islands,Fitzgeraldburgh,6310.22
af019e71-f39e-4735-b12e-b5be4d35bf2d,0e6e6954-2f5b-4296-bb3e-c162fdaa20f2,Paula Hernandez,davidcampbell@example.org,PROD-2926,Switchable executive challenge,Books,6,126.24,2025-12-09T12:02:20,completed,bank_transfer,Faroe Islands,Lake Dakota,757.44
0bfb9ec3-de1c-4251-9406-102484293013,5b0ebf1a-9cc4-4984-b43a-f8b0f967e26c,Dr. Richard Hanson,munozjonathan@example.org,PROD-8032,Persevering human-resource challenge,Books,4,52.35,2026-03-01T10:25:28,pending,paypal,Tajikistan,West Donna,209.4
ebf680bc-db0b-445d-897f-e49bbef4847c,71bcc174-946e-46a3-abc4-c80b030c7932,Stephanie Villanueva,hendersongene@example.org,PROD-9847,Pre-emptive real-time Internet solution,Clothing,4,88.45,2026-01-19T06:15:34,pending,bank_transfer,Cote d'Ivoire,Henrychester,353.8
4ad544b7-2ad9-4998-8065-93615caa90ef,80912be7-a38c-4d56-85f8-c150d19eef6f,Erica Bishop,christopher79@example.net,PROD-4866,Open-architected transitional portal,Books,1,724.05,2026-01-16T05:07:15,cancelled,credit_card,Nauru,Lake Candicechester,724.05
3fdeba4a-5973-4f15-b3f6-215a71c32247,61525401-16b3-47e2-82a2-76c78c351e58,David Pierce,ugibbs@example.com,PROD-8848,Stand-alone responsive algorithm,Sports,5,633.16,2025-08-05T07:34:44,completed,paypal,Turkey,Nicholsmouth,3165.8
84c525e3-8f05-4e3d-a825-7c29e2008141,835ecb1b-8461-4184-8726-830727d79e52,Kelly Preston,leah95@example.com,PROD-9549,Intuitive needs-based model,Books,5,94.37,2026-04-16T14:26:46,cancelled,bank_transfer,Wallis and Futuna,Lopezshire,471.85
bba31898-9fcd-4463-993b-cdacd16420ac,16ed64e0-1f65-447a-b303-c7328ce36901,John Green,morrisashley@example.net,PROD-3281,Cross-platform actuating success,Books,10,163.69,2025-06-27T03:33:54,completed,credit_card,San Marino,South Johnport,1636.9
8bd21957-1a93-4d7f-9151-fcecc24c45ae,d8df78bc-3ff4-41ef-b46e-6d8f2b67f619,Mercedes Travis,reginahouston@example.com,PROD-8031,Compatible 4thgeneration middleware,Books,3,845.76,2026-02-25T10:58:43,cancelled,bank_transfer,Sri Lanka,Feliciachester,2537.28
b0d0bafa-bf56-44ac-96bd-8d40fa02f68b,a0ea61c5-0692-4340-86c0-bae26a55d2d1,Michelle White,arthurcox@example.com,PROD-3960,Public-key composite approach,Books,2,510.95,2025-09-02T21:39:41,completed,credit_card,Bermuda,Joshuamouth,1021.9
99407de6-ec43-404e-bd8f-9addccb53d66,bf42b8b3-72af-4696-a420-6ba0a71e31ab,Keith James,stephaniecross@example.net,PROD-3761,Persevering hybrid groupware,Food,1,452.32,2026-03-24T15:37:53,completed,bank_transfer,Finland,Stevenchester,452.32
3dbaa8b3-ff47-4870-96ec-ec7be3c965df,7f068233-bb3b-4b39-8246-4a20632ea014,Nicholas Torres,jennifer81@example.net,PROD-6653,Function-based radical archive,Clothing,4,320.1,2025-09-12T17:29:42,pending,credit_card,Rwanda,Melissahaven,1280.4
71f5b237-b425-4a4f-9726-489a9c03896b,f7b6a5ef-4758-4937-9aaa-e0d6625233d8,James Parrish,murrayrichard@example.org,PROD-7129,Universal content-based function,Clothing,10,920.83,2026-05-13T04:18:38,cancelled,paypal,Jordan,North Amandafort,9208.3
455b8716-6375-4c33-a260-6d09d2800fe6,6579b56d-797a-4aab-968b-68c6848d7b10,Michael Baker,roserobert@example.net,PROD-9233,Reverse-engineered optimizing collaboration,Books,8,915.72,2026-01-09T17:00:01,pending,bank_transfer,Bangladesh,New Kimberly,7325.76
4aef78b3-45c3-4683-9e63-139b00255196,69dabd7a-5110-4c83-8bb0-16fe3abae6f6,Casey Oneal,rebeccavaughan@example.net,PROD-3715,Profit-focused fresh-thinking solution,Sports,5,289.21,2026-03-05T16:29:20,cancelled,credit_card,Saint Vincent and the Grenadines,North Jasonmouth,1446.05
b858b2cd-d6f6-4607-8e8a-6aa7e1c71882,a9c0a251-cdc9-4bbd-a180-eb6af20f48d8,Rebekah Brooks,anne89@example.net,PROD-1791,Cross-platform uniform leverage,Electronics,6,370.79,2026-03-15T23:11:44,completed,credit_card,Liechtenstein,Josephbury,2224.74
e3d025b8-4b02-419d-b38b-8acf806c44f5,c627e82f-9d0f-4aff-960c-c17b2757cae1,Robert Reyes,yolanda02@example.net,PROD-2977,Advanced client-driven success,Sports,10,196.19,2026-01-17T10:49:10,completed,credit_card,Bolivia,Port Christineland,1961.9
e93c41da-c01e-42f4-bab7-2f50b9b3efd2,795a4f07-a96b-497a-81d0-1fe3f7b35855,Shawn Booker,terrellmelissa@example.com,PROD-3942,Vision-oriented bi-directional benchmark,Food,3,536.47,2025-07-19T05:47:59,completed,credit_card,French Guiana,South Elizabethstad,1609.41
c616aa87-5869-41dc-8e73-67d837a45dc0,4bc928aa-81c3-433d-9fec-67764386f39d,Anita Werner,isweeney@example.net,PROD-5376,Multi-tiered intermediate functionalities,Electronics,7,954.83,2025-06-29T01:26:09,cancelled,credit_card,Togo,West Michaelberg,6683.81
5f7b4038-ebab-48f3-809f-1da49dec258a,5fb4e28e-1b0d-49e8-934b-7ade1f5df392,Katherine Marks,lisa30@example.org,PROD-9751,Implemented directional website,Books,2,142.43,2026-04-15T17:06:32,pending,bank_transfer,Ecuador,Port Lisa,284.86
759d78b2-96ef-4b89-80a8-4e6fb1b5a4f9,7173fcec-71ed-4080-9b9c-8ec62f35a5d1,Rachel Hernandez,pamelaweaver@example.net,PROD-3501,Ergonomic discrete collaboration,Books,4,82.15,2025-11-12T09:33:36,completed,bank_transfer,Tanzania,Brewermouth,328.6
78789499-1a1c-4874-abce-d0adc607a09a,dea25e85-be24-47a6-bd74-0fe10b2939a0,Sherri Castaneda,michelle96@example.com,PROD-4985,Upgradable system-worthy standardization,Electronics,6,609.66,2026-02-23T21:01:25,cancelled,credit_card,El Salvador,North Roymouth,3657.96
914aba76-ba86-4c53-8999-e4787ffd070c,6a6cbeab-3da5-4f0f-bf9d-a9be390a57c9,Leon Jordan,ysmith@example.com,PROD-6215,Phased analyzing alliance,Sports,6,424.39,2026-04-20T07:28:14,completed,credit_card,Syrian Arab Republic,Osbornemouth,2546.34
1a82a1ce-0fb5-430f-b085-b02cf383ed76,1b5a2db8-6739-45b7-b9c5-99ae5ac62d59,Kimberly Odonnell,sandersandrea@example.org,PROD-8376,Open-architected multimedia emulation,Books,5,270.01,2026-03-13T03:43:11,cancelled,paypal,Jordan,Cabrerabury,1350.05
0e93674b-fd7e-4647-828d-68620f59b359,9d0f6357-9e2c-430d-9dbf-320e844ed077,Samantha Benton,vsparks@example.net,PROD-8586,Multi-layered client-server knowledge user,Food,3,738.04,2025-07-11T17:34:02,completed,bank_transfer,Congo,New Jorgeburgh,2214.12
91a1df78-b5af-4f1e-96f5-4497f91bb2f0,c539ca99-f56e-431a-b828-2456e678cbb1,Taylor Nguyen,eric59@example.com,PROD-8309,Face-to-face 24hour artificial intelligence,Clothing,9,624.83,2025-06-09T05:51:34,pending,credit_card,Myanmar,Whitefurt,5623.47
015b3b93-8311-42e4-a55b-23773061b206,dce99d04-fbdf-4ce7-8a7a-b2bfa853414f,Daisy Moore,coxsheila@example.org,PROD-7012,Profound neutral concept,Clothing,1,621.15,2026-03-10T05:44:55,completed,bank_transfer,Sweden,Mullinsberg,621.15
20f76e41-ec38-4a72-bc89-633a30d53f2a,a5048a48-bcbe-4d24-9ee8-43466140789b,Eric Singh,cassandra19@example.com,PROD-6026,Reactive fault-tolerant interface,Electronics,2,780.86,2025-09-12T20:39:59,completed,credit_card,Saint Pierre and Miquelon,Moodymouth,1561.72
8735bcc0-aa45-40ca-8f9b-9439d0f2b645,69bbf6b4-a04f-46dc-8d38-3f6e46a469ad,Brian Weaver,qfisher@example.com,PROD-1369,Progressive uniform alliance,Food,7,918.47,2025-12-01T15:02:05,cancelled,paypal,British Virgin Islands,Hodgesmouth,6429.29
321ba1d3-4646-433d-803e-020c1d66dfd5,4deadf5b-6b40-4875-ae02-dc378b677e1a,Nicholas Sanchez,robersontim@example.com,PROD-2386,Vision-oriented object-oriented instruction set,Electronics,9,325.65,2026-05-20T12:37:26,cancelled,paypal,Niue,Tonyview,2930.85
14a47848-6102-4379-b19e-1121660e9834,8e7dab4a-dfd5-4be1-a3d3-659d6632d5d9,Scott Dickerson,robin53@example.org,PROD-7778,Implemented 5thgeneration hub,Books,5,99.76,2026-04-01T06:52:08,pending,paypal,Chad,Port Priscillaside,498.8
4d878a87-7097-4f94-a15f-8ef260ea5f32,dedd0927-373a-42a6-bfdb-9d29d586d395,James Mason,qwatkins@example.net,PROD-1581,Diverse needs-based Graphic Interface,Clothing,1,241.48,2026-02-16T12:57:28,pending,credit_card,Montserrat,Markland,241.48
793caed0-47e8-4aab-94d2-41fdb5c39205,028fc7eb-f5b0-4716-b74e-8893cd6867a2,Christopher Curtis,staceywright@example.net,PROD-2288,Diverse leadingedge firmware,Electronics,8,378.71,2026-03-06T06:50:44,cancelled,credit_card,Falkland Islands (Malvinas),East Todd,3029.68
560f7b3a-8b04-4a38-9625-e8c42b7ede8e,ef654e4a-9f0f-4890-9fd0-e2d39f3c9b81,Craig Guerra,samantha95@example.net,PROD-9836,Persevering dynamic definition,Electronics,1,931.64,2025-09-11T06:22:04,pending,bank_transfer,Zambia,Tracyton,931.64
39a91355-b1f1-4120-97b3-4b42ff0e24cd,a0496b35-e11a-4f95-80dc-d898f3d58286,Bobby Allen,haroldedwards@example.org,PROD-8629,Multi-tiered composite artificial intelligence,Food,10,971.56,2026-01-08T07:26:44,completed,bank_transfer,Cuba,West Joshuafort,9715.6
d739deff-cfbc-4731-a5a6-0c94b5307334,4dd3cde2-3893-4f65-a397-a3792618d678,Christopher Smith,gelliott@example.com,PROD-4420,Balanced clear-thinking array,Sports,9,924.91,2025-12-02T12:51:41,cancelled,paypal,Swaziland,North Clifford,8324.19
00cd3f10-f847-49a3-8cab-b629f314160e,2d81a4c1-caa8-41b6-ac6f-8298ac80257b,Angela Williamson,garnersarah@example.org,PROD-7427,Total bi-directional Graphical User Interface,Sports,5,178.29,2026-04-27T01:59:16,cancelled,credit_card,Malawi,Matthewville,891.45
4785fdba-b7d1-45d5-ad59-67b72c886508,7e9d987f-d5cf-432d-a684-2de25f6006cf,Robert Salinas,ejohnson@example.org,PROD-4896,Total web-enabled concept,Sports,1,696.5,2026-02-10T16:46:11,completed,bank_transfer,Anguilla,Jenniferland,696.5
2a2a69f5-836b-47f3-9973-87906b676c5a,4127900a-b7be-45b8-9aab-06675834f83f,Stephanie Mills,salinaszachary@example.org,PROD-1151,Optimized interactive interface,Food,2,184.61,2025-10-17T18:11:45,pending,credit_card,Marshall Islands,Davidtown,369.22
91e3ebc5-9382-4d12-952a-3359d7b3f3cf,4fc23cf3-8c9d-49be-be6e-f08b0f3bdfe9,Tracy Cross,yweber@example.net,PROD-4437,Customer-focused impactful functionalities,Clothing,3,949.96,2025-05-26T04:28:37,pending,credit_card,Macao,West Deborah,2849.88
35f1fe10-46b2-4681-85f2-a2194aa8420d,97f54c02-5389-4c15-bc4a-09de947cc251,Mckenzie Henderson,zvaldez@example.net,PROD-9786,Multi-layered fault-tolerant knowledgebase,Clothing,7,888.53,2025-12-08T06:09:21,cancelled,credit_card,Swaziland,Lake Ryanport,6219.71
e644a362-4764-4ff5-b267-ae3164e1543f,7d2a4224-85f9-4e2c-877a-248640e23dff,Bryan Maxwell,klevy@example.net,PROD-3351,Configurable even-keeled architecture,Clothing,4,955.24,2026-05-15T10:33:01,completed,credit_card,Antarctica (the territory South of 60 deg S),Myersburgh,3820.96
ec2787d5-2870-4329-bd03-ab8d1a4125d4,8ad5a349-0d37-42e6-9235-9ecbc0482465,Tracy Roach,jesse16@example.net,PROD-4937,Synergistic local contingency,Sports,5,240.12,2025-07-01T15:45:08,completed,paypal,Chile,West Summer,1200.6
2d310f5a-4991-41f4-bf84-ff0b18fa04ab,2042e93d-79f0-406c-93c9-dad359bffd8f,Michelle Saunders,harrismichael@example.net,PROD-6535,Implemented zero administration complexity,Clothing,3,855.76,2025-07-24T21:14:46,completed,credit_card,Lao People's Democratic Republic,Westborough,2567.28
a8102690-5caa-4f96-b1e4-d760301abb6b,5fdec211-0903-4341-806c-10b15b65360c,Nancy Morales,ericjackson@example.com,PROD-5569,Mandatory tertiary solution,Clothing,8,484.42,2026-01-19T07:51:30,completed,bank_transfer,Israel,East Savannah,3875.36
50aaa20a-43d7-4f07-8715-c8135b4e5006,ad949736-c3df-4007-9ee0-5bc798174ea1,Gina Randolph,melissa10@example.org,PROD-1217,Re-engineered reciprocal hub,Books,5,319.45,2026-05-01T23:18:05,pending,credit_card,Yemen,Olsontown,1597.25
825b31ca-48be-4b88-af78-b4a8dd881dc0,97a5d143-79d9-4bb8-b1f8-a7b6e0881ca0,Dillon Garcia,vwoods@example.org,PROD-3109,Multi-channeled 24hour approach,Food,10,451.15,2026-02-11T08:46:34,cancelled,paypal,Bahrain,Johnshire,4511.5
649197a6-d342-41ae-948e-6104e42cdacb,8a032a9a-dd72-4b5f-994d-b3391eab9b5b,Nicole Garcia,brittany08@example.org,PROD-6182,Ergonomic mission-critical challenge,Food,10,868.04,2026-02-06T22:26:41,pending,paypal,Honduras,Davidshire,8680.4
5c231cf8-ea1a-4747-b7db-fe37abfb472a,2a5810ce-3418-468c-881b-02bea6ea7210,David Murphy,mark70@example.net,PROD-7054,Versatile intangible framework,Books,2,595.83,2026-02-23T03:43:47,pending,paypal,Liechtenstein,Kristinmouth,1191.66
47cb0261-5f1e-4cd6-9f62-96779ca19e51,6dbdcd0a-159e-435e-a605-ea3f1e1a6b1e,Dana Parsons,fshepard@example.org,PROD-1409,Synergistic real-time ability,Sports,1,330.07,2026-01-15T09:14:41,completed,bank_transfer,Nigeria,North Jason,330.07
c6a5c6ef-e985-46d4-9a41-f7dbfab34640,1f41f5b0-2e87-4860-9fa4-58fd8130b500,Tiffany Olson,thomasrivas@example.net,PROD-3545,Right-sized content-based encoding,Books,5,957.23,2025-12-23T04:15:22,completed,credit_card,Angola,Kingburgh,4786.15
9f54ca68-6890-4aff-b65f-7b5fcd669485,606d12b0-36e3-477f-9d6a-ce96ef12ed90,Ryan Miles,kimberlycruz@example.com,PROD-3458,Horizontal demand-driven software,Food,1,816.09,2025-08-25T01:33:39,pending,credit_card,Nauru,North Jade,816.09
b7dcb872-86d9-422f-860c-374fbb458cf9,e073335f-9985-4f30-a19c-fb97b3b2feea,James Johnson,mowen@example.net,PROD-3685,Optional bifurcated productivity,Sports,7,278.97,2026-03-28T19:18:09,completed,credit_card,Taiwan,East Christopher,1952.79
49b97ce2-df24-44bb-abd8-e6ac67785a72,1d076727-edb2-4139-a680-b1b2dcfd987d,Rodney Neal,katiewebster@example.org,PROD-5649,Front-line dedicated functionalities,Sports,4,319.69,2026-01-01T04:45:49,cancelled,bank_transfer,Bahrain,New Danielhaven,1278.76
f34d1005-4cdf-48db-a2d7-63540aa72680,f42b2a50-ca46-4549-baf8-05279a3d233a,Linda Morris,andrewcoleman@example.net,PROD-3175,Team-oriented didactic website,Food,9,947.24,2025-10-24T07:22:59,cancelled,bank_transfer,Antarctica (the territory South of 60 deg S),Port Dustin,8525.16
2bcdeadf-ab50-4518-8d3c-2c0f63b002d7,c89659d0-f1b7-4d1e-8442-2e6e1eef3e7b,Paul Myers,mcgeealicia@example.net,PROD-2048,Face-to-face upward-trending initiative,Books,7,912.37,2025-06-27T00:15:01,cancelled,credit_card,Nigeria,Shannontown,6386.59
66081eaa-cc5c-4b04-a56c-d2874b79cd14,f75e7fba-48fb-4e2f-89a0-30140738176a,Christopher Lane,bruce30@example.com,PROD-7622,User-centric leadingedge migration,Electronics,10,519.82,2025-07-15T00:36:54,pending,bank_transfer,Lao People's Democratic Republic,Port Danielle,5198.2
6e822cf6-b9f2-4d32-ad27-0da32b33c743,d6af6de8-fe00-4d02-8544-e8c9a15c0960,Christopher Dean,justin91@example.net,PROD-3821,Multi-tiered non-volatile process improvement,Sports,3,347.47,2025-07-16T20:25:48,pending,paypal,Ghana,New Joelshire,1042.41
e83a5be5-2693-41a5-904c-eaa47616ceac,f39dcb64-03fb-4dc5-8599-e0487c594a1c,Matthew Lane,james67@example.org,PROD-7647,Customer-focused regional framework,Books,1,460.12,2025-10-27T15:21:23,cancelled,credit_card,Jordan,Youngshire,460.12
01e6af9b-887f-4765-8816-abc53c37cedc,1291d247-e87d-4442-9cb1-b2f6e2c9b40a,Cody Hogan,austin01@example.com,PROD-1240,Implemented reciprocal orchestration,Clothing,4,30.51,2026-03-07T07:13:50,pending,bank_transfer,Djibouti,East Dennis,122.04
38776e79-fcc8-428a-91a1-e7eb6c28f67c,a5ee6672-c38b-48b8-b3bb-60f8874c1341,Ryan Scott,john84@example.net,PROD-3791,Right-sized radical product,Food,10,452.07,2025-08-29T01:10:16,cancelled,credit_card,Tokelau,Joneschester,4520.7
b043c044-4f42-4e61-9806-8165c85a12b7,06464175-0b59-4b7e-9bfc-3e840edfa2d7,Brad Wagner,kirbyanita@example.net,PROD-5150,Assimilated global analyzer,Clothing,2,726.27,2025-08-14T13:06:56,cancelled,paypal,Mayotte,Greeneview,1452.54
56e0a12b-8040-4e3c-846c-5886e4de3921,904a8c68-3ea2-4585-9440-9b4feb4f3c91,John Mcmillan,burkeapril@example.net,PROD-1772,Reduced zero tolerance firmware,Sports,1,264.24,2025-12-23T20:30:20,completed,paypal,French Guiana,Andrewsville,264.24
865dd329-a73c-4246-811c-026da77078c2,c68348d4-74d0-4b46-a59c-c4fb78ee1a67,Carol Lewis,jessica93@example.net,PROD-9010,User-centric asynchronous knowledgebase,Books,9,408.32,2025-05-31T17:06:55,pending,paypal,Qatar,Sawyermouth,3674.88
bca000f8-a3b9-4266-8ec6-0cb62147a66c,015d23b9-7888-4452-912a-3f988f07b534,Angel Hunt,victoria45@example.net,PROD-2452,Horizontal didactic groupware,Food,9,782.52,2026-02-11T23:26:57,pending,credit_card,Saint Kitts and Nevis,Amyborough,7042.68
4a11fb35-c440-4b2a-a7fa-da98dd22f8e3,ba305268-8382-4d76-953a-13e8786643f4,Nancy Ashley,millerdiana@example.com,PROD-4440,Triple-buffered neutral emulation,Clothing,2,649.04,2025-09-09T14:17:25,completed,paypal,Vanuatu,Port Tammy,1298.08
4e538648-7c94-4acc-91b5-1bf37e1fb3bb,4686158a-5ba8-45aa-8948-4a43bf8ac71f,Pamela Chan,mwhite@example.org,PROD-8817,Team-oriented local budgetary management,Food,6,100.96,2025-07-25T12:45:57,cancelled,bank_transfer,Italy,Lisatown,605.76
250c5f22-628a-4b43-9c3f-3c3ebbac55f5,1e61532b-297e-40ea-8491-e7fa63e5f38d,Michelle Hernandez,samantha42@example.org,PROD-9300,Focused cohesive analyzer,Electronics,1,902.62,2026-04-20T19:51:52,completed,bank_transfer,British Virgin Islands,Christinabury,902.62
2e1d7ad4-8629-4da4-9480-d366c186f891,aa1afcf0-0c08-4254-9935-b4ede08bc697,Allen Collier,jessica79@example.com,PROD-2342,Polarized asynchronous model,Clothing,2,79.47,2026-03-24T11:06:34,pending,paypal,Marshall Islands,New Corey,158.94
94b26ee4-3123-4988-8a6c-79e43aca96c9,4efc3263-5155-436d-b2d7-157ee843bf62,David Hammond,paula90@example.com,PROD-7646,Advanced modular Local Area Network,Electronics,8,636.09,2025-09-11T14:47:49,pending,paypal,Belarus,Duncanburgh,5088.72
35ff53fc-c4fc-4d70-adb2-93f3291a09d2,1e632fc1-57ab-4748-86b0-d01d05e89316,Christopher Young,christophermanning@example.com,PROD-7278,Innovative maximized paradigm,Electronics,6,77.56,2025-11-18T18:49:52,cancelled,paypal,Venezuela,South Ronald,465.36
983e887a-9e75-4412-9bcc-dd8759765b36,daaca07e-830c-4a03-b9b3-27ca405813f7,Felicia Romero,sallen@example.org,PROD-4523,User-friendly full-range algorithm,Clothing,3,330.29,2025-08-24T20:26:07,cancelled,bank_transfer,French Guiana,Pierceport,990.87
6d69f541-3040-4552-bc7d-fdbe620b9988,a6b09caa-3562-4fb7-b510-c2029e9385de,Laura Martinez,heather39@example.org,PROD-2737,Ergonomic reciprocal product,Books,9,819.27,2025-10-29T06:39:19,completed,paypal,United States Minor Outlying Islands,Port John,7373.43
fbc4605e-0478-49bc-adee-3490a17532b5,64e979b9-700b-4a76-8ac3-b41e17224972,Nathan Pearson,amyhardy@example.net,PROD-7123,Object-based needs-based data-warehouse,Books,1,765.92,2025-07-07T03:33:00,cancelled,bank_transfer,Dominica,Nicolehaven,765.92
00fab596-6286-417b-ab6b-e793128cf615,4b764e13-3024-47e4-955a-ffaf4847982a,Dana Parker,monique09@example.org,PROD-8317,Quality-focused dynamic capability,Clothing,8,712.1,2026-04-07T06:46:27,cancelled,credit_card,Pakistan,Collinsland,5696.8
af3b3caa-f295-4728-a9e3-934f66e2ea9d,df6db946-c84d-4d41-a4f9-0c1a34a92684,Mrs. Emily Davis,florespaige@example.net,PROD-2076,Multi-lateral stable encryption,Food,5,24.19,2026-04-22T10:55:39,completed,paypal,Cocos (Keeling) Islands,Port James,120.95
c4a4dd05-4278-4e1d-9d76-577be3f23fb2,c9ff604e-3513-4488-8b3d-0cff6b197bb9,Jeff Reynolds,xcarlson@example.net,PROD-1463,Automated systemic alliance,Sports,3,710.08,2025-07-03T03:56:10,cancelled,paypal,Namibia,Douglasburgh,2130.24
7847fd50-863b-44d9-9dd4-46311e4a3387,5b6245f6-5a02-44fc-beab-9bf68a92ca6d,Brenda Lopez,brittany66@example.org,PROD-8651,Profit-focused logistical functionalities,Food,1,814.67,2025-07-22T09:27:43,cancelled,bank_transfer,Isle of Man,Turnerside,814.67
11c55d32-5bb2-44b7-807a-6a451a0dd157,4a9e3f12-9a81-402f-8fcd-83824bd8fc0b,Craig Hahn,myersdebra@example.net,PROD-1916,Business-focused web-enabled architecture,Books,4,617.34,2025-07-02T04:55:41,pending,bank_transfer,Gabon,Hallview,2469.36
764a1fe0-737e-4393-8984-ffd09060bd45,b7084af8-c824-4599-9764-df3a4ca0eee0,Lisa Murphy,sharon77@example.org,PROD-6590,Compatible intermediate secured line,Clothing,2,76.63,2026-04-30T14:46:36,completed,credit_card,Bhutan,South Abigail,153.26
30355b45-674a-4863-b2bf-1fd15a4a1458,85a1fde8-3eb1-4fae-80b1-aae4fd4016db,Angelica Frey,solomonkaren@example.org,PROD-2905,Organic contextually-based website,Sports,8,830.77,2025-12-12T19:14:25,pending,credit_card,Mozambique,South Joshuaberg,6646.16
2d6f3c65-6aae-4679-b5b0-ec574fff08d0,06618661-a73c-4d6e-a75d-d0a8d2bceeb6,Leonard Weaver,garciawilliam@example.net,PROD-3740,Programmable neutral archive,Food,8,678.87,2026-04-08T02:36:19,cancelled,credit_card,Taiwan,Youngshire,5430.96
419155f4-0931-4c80-815e-703ed280e491,207de7b8-a591-4690-967b-47b16608e18b,Lauren Johnson,joshuaolsen@example.com,PROD-8167,Up-sized 5thgeneration matrices,Electronics,6,79.54,2025-11-26T09:16:36,cancelled,credit_card,Niue,Edwardfurt,477.24
aa3e6a04-0e81-4cea-9a7d-d196774d3757,afb08f2e-1c9d-4afb-9b1d-4e67ec4b7ace,Tiffany Morris,mark75@example.com,PROD-4583,De-engineered maximized projection,Clothing,5,263.58,2025-08-17T16:36:09,pending,paypal,Congo,Lake Kevin,1317.9
3708ea23-0f94-4fe5-b740-fba947e3f2fa,53bca8f4-1d16-4070-a580-818e4230f51b,Robert White,emily13@example.com,PROD-7389,Face-to-face didactic time-frame,Electronics,7,712.94,2026-05-17T09:58:30,cancelled,bank_transfer,Burundi,Patrickmouth,4990.58
1d821374-fecc-416d-920e-9b20b4d791f4,2d1a60e5-d2a5-41e9-83db-33fea8eb8f31,Crystal Graham,justin82@example.net,PROD-5723,Progressive multi-state product,Clothing,5,266.24,2025-06-15T10:56:45,completed,bank_transfer,Bahrain,Rebeccaport,1331.2
e67798f7-1e82-4b1e-a023-002836cb7a7c,17569adc-9bb5-4a79-b529-642c126545e7,Michael Lopez,pgregory@example.org,PROD-2158,Multi-layered discrete hierarchy,Books,8,149.29,2026-04-30T02:53:25,pending,paypal,Guinea-Bissau,Garciaborough,1194.32
d1989245-96fc-4dc5-a2cb-f0e0c9fdd562,dc485bd6-56a1-4de6-ac9d-1151f578b2d5,Joshua Park,maldonadomary@example.org,PROD-7601,Optional human-resource project,Books,2,410.28,2025-06-03T14:06:41,cancelled,paypal,Algeria,New Candace,820.56
c63d3fb3-db3d-4a81-8855-bb2377369b5f,4c3c8129-c5d3-4c3d-a07f-4950d17ce7f5,Tina Dunn,lawrence68@example.org,PROD-6026,Fundamental 4thgeneration workforce,Sports,8,147.38,2025-09-27T22:37:01,cancelled,bank_transfer,French Southern Territories,New Elizabeth,1179.04
912e3222-d8b8-42d4-aaca-73736d961be7,8305143c-2d4e-4a29-83e5-77b24c3fbcef,Cindy Taylor,paulhickman@example.org,PROD-9901,Ergonomic intermediate encryption,Electronics,6,739.03,2025-08-05T09:28:07,cancelled,bank_transfer,Equatorial Guinea,Aguilarville,4434.18
651bbe25-59e3-4c90-8509-11fe7037a9fe,de3ce95b-8cc8-485a-b4bb-5e7302d23b6d,Mark Moore,megan03@example.com,PROD-6350,Re-engineered national secured line,Books,5,469.63,2026-04-01T06:24:25,completed,credit_card,Senegal,Smithview,2348.15
8e39df6c-fe4b-466c-8024-3d1a494e3cec,11e3a07c-5836-4270-bbf7-986405405f61,Thomas Marshall,tcollins@example.org,PROD-2374,Decentralized secondary installation,Sports,10,904.26,2025-06-29T20:44:45,cancelled,paypal,Monaco,West Kevin,9042.6
69f02f93-2d2f-41ad-ad29-76b3ac717a7b,51984712-3bd0-471d-b703-b515171f2f42,Jose Meyer,susan15@example.com,PROD-8356,Open-architected 3rdgeneration website,Electronics,3,491.02,2025-07-14T17:23:18,cancelled,paypal,Bhutan,Apriltown,1473.06
d1dbd333-3624-477c-bad8-fcd095813207,5c3d05d9-63f0-423b-9229-1100d6bd95ea,Austin Smith,patrickpatrick@example.com,PROD-2645,Upgradable cohesive protocol,Electronics,1,241.02,2025-06-29T03:39:23,pending,paypal,Heard Island and McDonald Islands,Bradleyport,241.02
6a90e00b-bcac-4f8c-86c5-6673cf7289ee,2970b311-0b62-460b-9e00-3d62b630ab65,Steven Cole,oliviasullivan@example.org,PROD-1805,Stand-alone maximized matrices,Clothing,2,85.06,2025-10-21T12:07:27,completed,credit_card,Yemen,Maxborough,170.12
f038d861-a3bb-49c4-a0e8-e1bf48a07f4e,7888fa58-e373-48bb-858d-d9362d3058c5,Ashley Mcconnell,ashley16@example.com,PROD-1390,Face-to-face discrete synergy,Books,7,247.54,2025-09-17T15:58:04,pending,credit_card,United States Virgin Islands,Wumouth,1732.78
ec96110f-f36d-40c8-82c4-57d2c1e5dd00,a5bd856d-05da-4647-a961-5a30f203951a,Corey Herrera,lucascharles@example.org,PROD-3456,Enhanced stable monitoring,Books,10,594.74,2025-07-04T13:51:44,completed,bank_transfer,Switzerland,Townsendshire,5947.4
ff2b736c-31a4-4289-a025-68c2a7a83826,8697ef24-e957-4233-8867-c6a97e4b5b41,Henry Chan,hayescrystal@example.org,PROD-6159,Digitized 6thgeneration solution,Food,7,683.07,2025-12-05T13:50:47,completed,credit_card,Latvia,West Johnchester,4781.49
6cae3cf7-b682-493f-846b-94727badb937,5c24917a-6b6e-46bf-b153-ff171f949e9b,Mary Duncan,hendersonyvonne@example.com,PROD-7290,Expanded upward-trending initiative,Electronics,1,641.88,2025-09-20T18:09:53,cancelled,paypal,Saint Martin,Donnachester,641.88
1915db49-6396-4175-94ee-d1c8ca260a02,99c729b7-9796-44be-ab07-1913fc3d6205,Erica Ayers,ganderson@example.org,PROD-7839,Reactive full-range conglomeration,Books,1,314.16,2025-07-16T05:43:56,completed,bank_transfer,Serbia,Lopezmouth,314.16
cf686b30-4906-45fa-97fd-76c4f3531ce6,28ef7450-fa59-4096-9e14-212606cb304b,Ryan Moore,melissa94@example.com,PROD-7773,Seamless bifurcated knowledge user,Books,1,424.25,2025-05-26T15:13:03,completed,credit_card,Netherlands,East Mirandastad,424.25
546a37bf-9412-422d-acbf-07936aa66711,17bc2345-f5a4-4f8a-aa10-c3015a56400a,Kelly Campbell,natalieschneider@example.com,PROD-9236,Universal bi-directional forecast,Clothing,4,146.49,2025-11-29T17:19:28,completed,bank_transfer,Israel,Nicholasmouth,585.96
24c8dd5f-d8da-4313-8ffc-0e366ad499ad,39f87da0-d321-4cc0-82d1-769979469e8b,Kimberly Lucas,williamsjohn@example.com,PROD-9011,Assimilated tertiary function,Sports,4,311.04,2025-12-08T22:39:22,pending,bank_transfer,Macao,West Crystaltown,1244.16
4eba8a12-92d4-4f6d-bcc9-f965f84d5f9f,2a34053d-547a-4ad4-a7a6-e738bbe638d8,Diane Diaz,pcollins@example.org,PROD-6590,Switchable zero-defect contingency,Food,6,540.12,2025-12-20T04:43:59,completed,credit_card,Poland,East Theresa,3240.72
a699a576-82c5-468b-8742-56875be6a02e,c7aa57f6-8bd0-4533-99a4-5cb060ef205a,Paul Moore,patriciaharvey@example.org,PROD-9216,Centralized stable ability,Food,10,136.44,2025-07-22T10:00:54,completed,credit_card,Comoros,Carolshire,1364.4
e63e5687-3962-47b8-83b3-25f84002af2a,6bfeadd4-f338-43fc-9e79-4f3fa440bf5a,Mitchell Scott,katrinaharrison@example.com,PROD-2667,Polarized systematic capacity,Electronics,2,683.84,2026-02-17T21:46:08,cancelled,bank_transfer,Andorra,Wrightburgh,1367.68
4d122da7-7a1f-4def-9d7b-edd4864e5a05,3794b33a-08ab-4760-b0de-c150f5ee2b46,Jessica Thomas,fgreen@example.org,PROD-1145,Networked contextually-based analyzer,Books,8,715.34,2026-01-14T22:30:08,cancelled,bank_transfer,Antigua and Barbuda,Jessefort,5722.72
b946a6a4-610d-42f4-85f8-1c22ba04de00,bc1bc396-f1c0-4bb1-839b-d3f592eddae6,Daniel Fisher,ryan51@example.org,PROD-3514,Assimilated cohesive alliance,Food,3,983.95,2025-10-01T11:50:26,cancelled,bank_transfer,Uzbekistan,Allenhaven,2951.85
a10db184-8741-4dc6-9403-0a1b68dc676b,ee1aaf16-6ca9-4d3c-8e14-1f55d72e3f77,Erik Olsen,tanyareese@example.com,PROD-4130,Polarized foreground frame,Books,5,442.86,2025-10-16T16:02:38,cancelled,paypal,Cameroon,South Olivia,2214.3
b3717c20-3132-49ab-be2c-a8f64503f7cc,9ca36c2a-edb0-41de-8314-ba9ad79defae,Laura Wells,jennifer06@example.net,PROD-1033,Total even-keeled paradigm,Electronics,6,423.03,2026-05-16T12:25:28,completed,paypal,Equatorial Guinea,East Justinchester,2538.18
79f392a1-ec79-4602-95ab-a4829b889528,a41ec749-7918-410e-85cb-6ce4b204385a,Denise Page,poolechase@example.net,PROD-5977,Object-based interactive synergy,Food,10,40.19,2025-08-19T19:29:55,completed,credit_card,Vietnam,Barkerside,401.9
57515ec2-7ce6-4c3f-bbc8-2868e056305f,f7783ed9-4ee5-43a2-8e29-94806fba3bc9,Amanda Daugherty,martintownsend@example.com,PROD-2840,Reduced demand-driven software,Food,6,801.76,2025-10-23T02:18:10,cancelled,bank_transfer,Guam,East Anne,4810.56
21aa10de-e4eb-4f5d-a5ad-3bce4ca6c9e5,15987133-b1f5-457d-adf5-c2763e7f3a8a,Robert Levine,hawkinsjoanna@example.net,PROD-4453,Realigned high-level open architecture,Books,4,957.34,2025-08-29T00:21:56,cancelled,paypal,Syrian Arab Republic,North Steven,3829.36
56debd69-6cd5-4e44-b534-acecad643fbb,b2c0edf5-f27a-475f-98a1-56b9061d3e6c,Donna Wilson,phelpsrebecca@example.org,PROD-9808,Balanced non-volatile migration,Clothing,9,652.63,2025-10-11T02:13:00,pending,credit_card,Korea,Mccoyland,5873.67
d8921168-019a-459b-98d9-30c58543e496,a1681e15-0dc6-4db6-96d2-a911dd15621b,Carrie Garcia,gutierrezsandra@example.org,PROD-1239,Programmable analyzing firmware,Clothing,10,179.37,2025-09-18T00:19:36,cancelled,credit_card,Burkina Faso,New Michaelton,1793.7
0c8fc6f5-96f4-493b-bc74-7ef471890c37,7d30b51e-09b6-453f-9849-10160aea3503,Samuel Henderson,susansmith@example.com,PROD-9988,Multi-layered real-time instruction set,Sports,4,355.81,2025-09-02T00:48:03,cancelled,paypal,Honduras,Stevensside,1423.24
69718acb-16de-4bd5-9f68-a97a1c862c39,cc5184fc-f510-4645-8572-7bafeb3fffb8,Cindy Lloyd,nking@example.net,PROD-6719,Visionary multimedia knowledgebase,Food,9,895.75,2026-03-25T18:02:58,pending,credit_card,Estonia,East Anna,8061.75
dde96f86-52a1-414d-96ed-10f47af50d9e,e0ab3a44-8cc0-4010-8e27-70207852ac52,Susan Lopez,brownrenee@example.com,PROD-8505,Virtual 5thgeneration interface,Food,6,617.62,2025-12-02T10:39:00,cancelled,credit_card,Croatia,South Christianmouth,3705.72
c1a92ce3-536c-44f2-9bd5-ad2fecda11b6,9bdfd0b3-6948-42b3-882f-892e2c9aaff0,Shirley Williams,april68@example.com,PROD-6402,Fundamental content-based product,Electronics,7,623.93,2026-04-08T14:07:00,completed,credit_card,Rwanda,Julianland,4367.51
e20c29bf-e7cb-4768-8aaf-b89cb834fce8,36c395dc-be3b-4f70-9137-6fa85c894f60,Aaron Washington,suzanne59@example.org,PROD-6912,Implemented analyzing secured line,Food,2,146.87,2026-04-05T13:06:37,completed,credit_card,Venezuela,New Katherine,293.74
1df892a8-a5fb-41a4-bd34-4826139873bb,a4e73c38-2ec0-4a53-bdd5-2fd0ce112e02,Robert Olson,darrell57@example.org,PROD-8281,Advanced coherent matrix,Food,7,360.98,2026-04-11T10:26:27,completed,credit_card,Gabon,South Nicolefurt,2526.86
603aca31-aedf-44ae-ae0b-e210d3ec1345,0273261f-4cdc-464d-b9b0-a8646b8337ef,Brian Hayes,jodicarpenter@example.org,PROD-6198,Persistent multi-tasking customer loyalty,Electronics,5,375.76,2026-05-09T10:21:43,pending,paypal,Algeria,South Lisabury,1878.8
82ed5b70-dd68-4351-a9ab-a46462a42e03,9cb81395-f4a3-4abc-a584-1f4c0978581b,Shelby Mendoza,sjacobson@example.net,PROD-2205,Sharable coherent neural-net,Clothing,9,752.02,2025-11-14T13:58:19,cancelled,credit_card,Malta,Lisaton,6768.18
ac7e86ad-c6cd-444c-8ce4-b550a690e0fa,cc5bb80a-ffd0-4481-bc16-847eb57339a4,Sandra Brown,mendezcindy@example.org,PROD-8750,Open-architected responsive throughput,Clothing,10,128.34,2025-12-06T01:42:28,cancelled,paypal,Pakistan,Port Catherinebury,1283.4
0b14e301-1e3a-434e-899b-212434b26f81,ab1c71dc-172e-45f7-ba2e-db5be8757b4e,David Mckenzie,thompsonmiranda@example.org,PROD-5585,Reduced 3rdgeneration product,Books,9,452.46,2025-08-14T13:23:16,cancelled,paypal,Tokelau,Padillabury,4072.14
16215caa-fd75-4c69-917e-8ff759db3b31,b8350ace-513f-4abc-8fba-e55dbd0e7934,Ashley Simpson,pwilson@example.net,PROD-3799,Upgradable intangible paradigm,Electronics,6,265.14,2026-02-06T16:36:35,cancelled,paypal,American Samoa,East Carlos,1590.84
a810a1db-0e7a-4788-91ec-4a779e228a1c,4b0a98c8-9a43-4945-aa75-6c073e61aa88,Audrey Ortega,btucker@example.net,PROD-3207,Cross-group solution-oriented framework,Books,8,170.67,2025-11-04T03:01:24,pending,bank_transfer,Togo,Lake Stanleyburgh,1365.36
af2e68af-013b-4828-bc59-444b349182a3,02fe2e68-93ca-4aa3-8800-7703abb075ef,Kayla Sanders,joshua88@example.org,PROD-5478,Focused fault-tolerant productivity,Electronics,1,997.4,2026-03-02T09:03:15,pending,bank_transfer,Jordan,Pierceside,997.4
c9f25935-b7e6-4694-9ba4-14495a424a3a,a6223e7e-1ce7-43cf-9179-869e8d7a67fd,Raymond Hamilton,ffuller@example.com,PROD-9497,Extended hybrid intranet,Food,1,259.09,2025-11-30T13:44:54,cancelled,paypal,Bahrain,Millerland,259.09
918934e1-2daa-47ef-8cdb-a4d4fa9545b1,d57aa719-87f6-4fb4-83fe-edbae5d7f981,Natasha Cross,jesse76@example.com,PROD-6443,Synergistic zero-defect standardization,Books,5,276.35,2026-05-22T18:20:53,pending,credit_card,Bolivia,West Michael,1381.75
4924ee31-c84a-4b35-b4a1-47b2b0e61aef,37fcb39d-de85-43fb-b30b-3d58493c8659,Sandra Bailey,ktaylor@example.net,PROD-6531,Extended composite open system,Electronics,4,356.78,2026-01-14T20:59:40,cancelled,paypal,Heard Island and McDonald Islands,Benitezborough,1427.12
93db0c1f-64f2-4608-802b-9dee72bd84fd,2c43c566-9ed4-4131-b672-e89df8534dc6,Cameron Noble,njohnson@example.net,PROD-2971,Virtual regional knowledgebase,Clothing,9,469.51,2026-05-24T22:21:46,completed,bank_transfer,Cape Verde,Jasonberg,4225.59
40e7c34f-09d7-4fb9-9a3c-89643e3a0859,c9eb59a9-9bef-4083-9c6a-be72b574e790,Dawn Lawson,hcolon@example.com,PROD-2164,Profit-focused 6thgeneration parallelism,Food,6,813.26,2025-09-14T01:25:03,pending,credit_card,Finland,Elizabethstad,4879.56
13b51a58-e60e-4c65-ad5d-929e7587236a,148d955a-6d44-42fb-8015-be2d9cbf197a,Sharon Martinez,natashadowns@example.com,PROD-7825,Multi-layered systemic complexity,Books,9,22.14,2025-12-13T14:36:32,pending,credit_card,New Zealand,Rowlandbury,199.26
9de7f46f-50ca-4329-b8e9-1d937f97b102,8088225d-2a0c-426e-bebc-2335e0c05a4a,Melissa Jimenez DDS,jaclyn53@example.org,PROD-9003,Implemented demand-driven algorithm,Electronics,3,475.47,2026-02-06T16:38:23,cancelled,credit_card,Sao Tome and Principe,Blaketon,1426.41
176db6cc-e714-41de-86f6-721257097959,f13f5d09-35ae-425c-81eb-0c488e41d13f,Sarah Doyle,xharrington@example.net,PROD-5113,Monitored fault-tolerant workforce,Food,5,435.98,2025-12-21T04:11:30,pending,credit_card,Kyrgyz Republic,East Kimberlyview,2179.9
b6a38a5d-e587-4bcc-83ae-fb1f5c09d214,711c1c80-91a3-4082-a8ec-4bc38304a53d,Robert Jones,josephlauren@example.org,PROD-7030,Networked homogeneous monitoring,Food,3,170.59,2025-12-27T08:26:19,cancelled,credit_card,Nepal,Port Timothy,511.77
da424559-37d3-4be2-adc8-23609b3095d1,0799ddd3-b1ee-4bcb-ab58-1e29a9091371,David Owen,bradley94@example.com,PROD-9484,Future-proofed discrete function,Books,6,166.0,2026-02-09T03:35:44,pending,bank_transfer,Brunei Darussalam,Adamsview,996.0
42d50b26-88c5-44d6-94cd-31c69cb8de06,81fa17c2-ec6f-4672-bbdd-4ed9f1410f74,Suzanne Jones,christopherevans@example.com,PROD-5578,Customer-focused asynchronous migration,Books,2,486.06,2026-01-24T00:16:45,pending,paypal,Haiti,Port Michaelshire,972.12
86eaea1c-d33f-4548-b30d-e6dd659d10a2,81301c2c-7298-41be-aeed-d5e9952121b5,Alexandra Smith,vjones@example.com,PROD-1865,Right-sized object-oriented extranet,Sports,3,890.88,2026-03-17T03:19:07,pending,bank_transfer,Samoa,Christieberg,2672.64
6d44a1fe-5f2c-4836-be17-f986de5327c1,70c2c6fe-d1d2-466f-99b1-148c757d9081,Desiree Baker,johngaines@example.com,PROD-5469,Virtual static orchestration,Clothing,4,524.53,2025-10-11T17:50:51,cancelled,bank_transfer,Saudi Arabia,Brianport,2098.12
a94ca7b9-9c7e-4ddf-905f-afdc209edf64,60546982-2204-4ffb-87e1-bcdfa6d264c4,David Suarez,bobbyerickson@example.net,PROD-8153,Switchable fault-tolerant database,Electronics,7,18.32,2026-03-15T17:29:15,pending,paypal,Chile,Rebeccabury,128.24
150dc839-a432-4e36-b7d0-6dd3705f5253,55385599-04c9-445b-8b18-48cd52dac78e,Matthew Davis,craigsmith@example.org,PROD-4379,Enhanced upward-trending service-desk,Electronics,5,248.55,2025-06-27T08:22:18,cancelled,bank_transfer,Serbia,South Jamesbury,1242.75
1f10c4a2-cedd-4334-b6f0-b8efb2063654,00946024-4c58-4cac-98e5-6881b28c5c8c,Linda Kirby,gregmitchell@example.net,PROD-8166,Pre-emptive methodical framework,Clothing,8,648.29,2026-01-10T05:09:07,pending,credit_card,Colombia,North Ashley,5186.32
7cd0054a-3788-401b-b69d-8819722b3022,df0c7425-6d34-4ac2-87e4-336379e23c99,Juan Mathis DDS,pattersonheather@example.org,PROD-1577,Stand-alone multimedia approach,Food,9,763.76,2026-02-10T20:08:18,pending,bank_transfer,Guinea,Townsendchester,6873.84
c70db973-4d8a-4436-83af-62cfd3f08128,3f9062f8-3062-488b-8bcc-bddce5110707,Thomas Vasquez,kimberlyharris@example.com,PROD-4824,Vision-oriented empowering task-force,Electronics,4,487.88,2025-08-12T20:40:49,completed,paypal,El Salvador,Lake Brittanyburgh,1951.52
56180985-9b1a-4896-840b-142e0540ea0a,2b668fe4-eaaf-4b9b-97fb-bf5b19818ef9,Dean Graham,myersbetty@example.com,PROD-7622,Self-enabling context-sensitive hierarchy,Sports,9,239.77,2026-02-19T13:13:39,completed,paypal,Palau,Margaretton,2157.93
087aeb9a-2860-4550-a1cf-d7455cf988f6,40b25153-1f56-496e-a684-5d5904df07a8,Susan Flores,becky78@example.org,PROD-5032,Focused composite architecture,Food,6,545.07,2025-08-22T23:04:42,cancelled,paypal,Thailand,Yangfort,3270.42
699eceef-cd4d-4181-b5d3-b72ef03bc69e,2e699ca6-afcd-4c8b-88b1-4602d6a744ac,Nina Sanders,holly96@example.com,PROD-4305,Reactive bottom-line superstructure,Food,6,36.76,2026-02-21T15:24:17,pending,credit_card,Yemen,New Toni,220.56
3849b8e2-9c1e-4ae1-857e-7e37d87ed240,d8dd05bb-3c36-41a0-b39f-700a013f0e3c,Kimberly Price,iadams@example.com,PROD-9334,Proactive leadingedge system engine,Food,4,356.16,2026-03-05T12:59:16,completed,paypal,Belgium,East Melissa,1424.64
8a5acb00-0b2a-4395-a403-91db98c031b2,276ac339-5bc5-42dd-8ea4-8b9a690f635e,Nathan Berry,cynthia21@example.net,PROD-4532,Triple-buffered holistic challenge,Sports,6,209.3,2025-10-05T02:11:51,completed,credit_card,Sri Lanka,Lake Donnabury,1255.8
4c3e3b92-6291-4b8a-9fed-ebff14f9f28e,fb301031-a181-4522-a7c5-07d9549c7092,George Ochoa,jasonfreeman@example.org,PROD-3887,Fully-configurable tertiary analyzer,Books,8,386.5,2025-06-14T01:51:33,pending,bank_transfer,Suriname,South Rachelmouth,3092.0
1b76d165-a399-4648-82e7-f0a60d17138a,685395cf-8c5c-440f-be60-d8487c87f24e,Calvin Miller,jodi90@example.org,PROD-5733,Configurable 4thgeneration model,Electronics,7,920.67,2025-11-04T23:41:36,pending,bank_transfer,Montenegro,South Matthewport,6444.69
c43ee2a0-1fa8-47cb-bdae-f8b690b94a65,166a4267-45af-416d-88b7-10358ea63263,Valerie Stanton,joseph41@example.net,PROD-8153,Synergized executive standardization,Food,2,448.91,2025-12-30T16:35:57,cancelled,credit_card,Mexico,Susanberg,897.82
8da3cbec-32a9-40f4-a8ad-b3e44ce2606f,d16e3226-5db5-4b3b-8c1a-48555dfdb456,Terrance Tanner,timothycurtis@example.net,PROD-6754,Triple-buffered actuating time-frame,Food,8,965.71,2025-09-29T14:11:05,completed,paypal,Guinea-Bissau,Cassidyfort,7725.68
95d30086-1307-49f5-80d7-88148fa5c98b,1bac4636-9d8a-408e-984a-e3298a919919,Taylor Friedman,lgonzalez@example.org,PROD-8944,Intuitive asymmetric support,Food,3,247.27,2025-07-26T12:26:09,cancelled,paypal,El Salvador,Brandyland,741.81
b628ec2b-3a02-40c1-829a-971cbf7ef52b,52e04f98-151f-4ff5-b6ce-236ee59e767c,Michael Evans,steven24@example.org,PROD-9887,De-engineered executive frame,Food,2,404.41,2025-06-03T08:42:59,completed,bank_transfer,Lebanon,Grayville,808.82
11f76300-8ca3-43f6-b6e1-4c67d87b9f2c,ae65d5d0-0b63-4fe9-8dbf-6c6525897dce,Joseph Bowen,kschneider@example.com,PROD-4112,Grass-roots discrete leverage,Clothing,9,848.14,2026-05-03T23:52:19,completed,bank_transfer,Armenia,Castillostad,7633.26
3b56d949-c6b7-4ea7-bcf5-5a2ae689271b,4cd1d7ba-30d0-4aa3-a7a0-e93de2c03fd0,Natalie Elliott,chelsea49@example.com,PROD-4147,Networked stable orchestration,Sports,10,170.11,2025-12-26T21:46:15,pending,credit_card,Namibia,East Christopherview,1701.1
cd0f1e50-e5b8-44ad-b59c-ab8e481b65a8,8b3581ed-52c5-4b7b-b0c4-763a0fbbb408,Kayla Anderson,simsreginald@example.com,PROD-3561,Face-to-face responsive success,Food,9,67.75,2025-07-27T13:34:36,cancelled,paypal,United Kingdom,Johnbury,609.75
33215e2c-818f-476f-99ff-159586f4cd68,556c72fe-e9c3-42c3-8b00-882af4dd0367,Dana Cooke,markho@example.net,PROD-7255,Customizable optimal archive,Sports,8,576.91,2026-01-12T19:55:10,cancelled,credit_card,Lao People's Democratic Republic,Gailborough,4615.28
daf1cb3b-7190-48e5-85fa-ef3d9c9ceb1e,0cd0deb0-b879-4486-a268-500e5eb837c8,Francis Gregory,gcook@example.com,PROD-8312,Customer-focused radical website,Clothing,10,561.81,2025-09-16T05:06:09,completed,credit_card,Ukraine,Sherryview,5618.1
9bf5782f-0acb-4264-a209-6c074bf70036,238bd71e-45fc-4494-ad33-23b891d1a6b6,Heather Curtis,glewis@example.net,PROD-2159,Customer-focused high-level installation,Sports,4,654.24,2025-08-28T21:58:16,cancelled,bank_transfer,Pakistan,New Davidtown,2616.96
0ad0cef0-71e8-457a-92a4-e265be6c56a6,5501e0df-273a-4cbb-ac54-4dac424d67cd,Brian Williamson,byoung@example.net,PROD-5358,Re-contextualized multimedia task-force,Electronics,9,38.63,2025-07-05T07:06:26,cancelled,paypal,United Kingdom,Popetown,347.67
8ea8790c-c293-4d58-8576-f52e9b00bb2c,9f05f462-c183-4ade-a4d3-601b273253c6,Laura Stanley,dustin08@example.com,PROD-3220,De-engineered dynamic open system,Sports,1,798.98,2026-04-23T03:03:26,cancelled,credit_card,Saint Barthelemy,East Feliciafort,798.98
980fa32c-d148-4a74-9322-772787909f46,4c26d159-478f-4548-a92e-f1d4ba950a24,David Salinas,ethompson@example.org,PROD-2405,Synergized fault-tolerant benchmark,Sports,3,365.75,2025-10-29T15:37:59,cancelled,credit_card,Uruguay,South Margaret,1097.25
f7c65eb0-b615-413a-97a5-5e99f2c7a0ee,5c11cfe0-39a0-4c3d-81dd-80409072c24a,Andrea Robinson MD,deleonmichael@example.com,PROD-3013,Fully-configurable responsive emulation,Electronics,10,224.88,2026-04-26T15:21:23,cancelled,bank_transfer,Iran,South Robinbury,2248.8
4c92ef4d-33fe-4f33-827c-89fbd15a3454,93ecfaa3-be4d-40c6-9a4e-ea8c8cdb6cf7,Sara Morgan,joneshannah@example.net,PROD-1394,Focused 24hour core,Electronics,9,789.4,2025-06-21T02:26:46,pending,bank_transfer,San Marino,Lake Michael,7104.6
ee2b5bb6-856f-4f48-95a5-95867f5b3ca0,46ff6484-92bf-4934-a951-8942f6d6538d,Michelle Wright,pricedavid@example.com,PROD-4437,Reactive radical capability,Clothing,2,272.84,2025-10-07T12:50:18,completed,credit_card,United Kingdom,West Karaside,545.68
70d26205-63e7-451a-8ebe-c5be479be9bb,625ca49a-f906-42c5-ad8b-2b1e8456979a,Louis Todd,smithjimmy@example.org,PROD-1597,Re-engineered fresh-thinking moratorium,Books,8,804.92,2025-07-14T09:39:17,completed,paypal,Burundi,New Bryanmouth,6439.36
52f2dcc2-2925-45ec-afe4-e565f4f9179e,6f16857c-daf0-47df-8d37-59deafd77df5,Michael Butler,barnesralph@example.org,PROD-8535,Cross-group methodical frame,Food,1,822.81,2025-10-14T19:39:41,completed,paypal,United States Minor Outlying Islands,Pricechester,822.81
cf1c614d-bdc1-4095-8ab1-980df81fbada,bada4204-ae24-4a63-9437-626cb3216dac,Russell Fitzpatrick,parkerdavid@example.org,PROD-1734,Assimilated local encoding,Clothing,3,185.19,2026-01-05T00:21:54,completed,credit_card,Albania,Port Jasonburgh,555.57
e3a95ef1-8a62-440e-8785-c4a41fb4af70,695b5331-fc8f-4924-b2c4-bb49054504bd,Lisa Bailey,lpowers@example.net,PROD-5029,Multi-tiered bandwidth-monitored policy,Clothing,4,851.69,2026-01-03T21:07:50,cancelled,paypal,Angola,Johnton,3406.76
5d1456b9-800d-4567-a26d-b7cbcc8d0d86,bc5de467-6dd9-48ac-95ba-50df0ea7dcaf,Zachary Larsen,bbowen@example.net,PROD-7723,Open-architected optimizing functionalities,Electronics,6,470.21,2026-05-21T01:35:08,completed,paypal,Moldova,Morganfort,2821.26
68050e72-cbbd-4dd6-948a-50f7500afffe,1900c7cc-09b4-46e5-b792-3a290d79ca19,Christian Martin,monique34@example.org,PROD-1194,Face-to-face systemic extranet,Books,7,301.0,2026-01-17T11:48:30,completed,credit_card,Montserrat,New John,2107.0
ae50dbcf-4dda-45de-b090-1378a9693e5d,4bd49d5b-594c-4a3d-92ae-a849a27f1f2a,Sharon Hudson,lnguyen@example.net,PROD-5617,Multi-channeled bottom-line superstructure,Electronics,2,205.2,2025-11-05T17:48:39,pending,bank_transfer,Latvia,East Angiehaven,410.4
aa4874c5-b43c-48f5-a443-69eb69c4c01a,87c6b7b0-1a7c-4c04-85f5-dfff2565d770,Jesse Williams,thompsonconnie@example.org,PROD-5257,Centralized next generation middleware,Sports,6,861.0,2026-05-03T13:20:40,pending,credit_card,Seychelles,Smithberg,5166.0
0f13a62d-f6d3-4463-a904-66b4bf06baac,6a72183d-b2fa-4b07-9e20-cf717fdcd947,Gary Alexander,lindseyjones@example.net,PROD-3081,Customizable analyzing system engine,Sports,3,734.83,2025-09-07T10:28:39,cancelled,paypal,Morocco,Port Isaactown,2204.49
fa6f6b0f-0795-4b54-9f72-e955d19af513,314117d8-e07d-4bbc-a13e-b4461fe705a9,Cynthia Matthews,lewiskatherine@example.org,PROD-3122,Multi-layered bandwidth-monitored forecast,Food,5,322.21,2025-12-18T13:20:27,completed,paypal,Ecuador,Leonardburgh,1611.05
660ad43c-6ca3-4b56-bfd2-1defc93fe1ef,b8d75b7b-1fd4-4fd6-b642-b8e51e731472,Jacqueline Barker,nathan05@example.com,PROD-2380,Persevering systemic utilization,Clothing,2,87.93,2026-01-29T03:38:46,completed,paypal,Congo,Kimborough,175.86
61f1e7be-c098-4002-a444-4b944010310e,c267e05e-56b5-44dd-b059-95640cd22cd9,Theresa Snyder,jennifer44@example.com,PROD-2272,Multi-tiered modular intranet,Books,7,294.66,2026-05-21T19:32:31,cancelled,bank_transfer,Papua New Guinea,Millsside,2062.62
e0377e8d-06b2-4900-bfad-e552b2b59cf8,d3da0abd-4ada-4a07-a945-0bc1b7652cf3,Andrew West,michaelmoreno@example.org,PROD-3234,Operative high-level workforce,Sports,6,947.38,2026-03-22T13:13:20,pending,credit_card,Senegal,Jacksonland,5684.28
6fc0a010-15a6-4139-a145-ffdd5358277d,00983a5a-dd33-4b7a-8ae3-f1042ddacf86,Anthony Daniel,gbrown@example.net,PROD-4992,Face-to-face logistical access,Clothing,9,162.28,2025-07-31T10:26:40,completed,bank_transfer,Libyan Arab Jamahiriya,Mcdanielton,1460.52
725d20af-8f74-4339-8b86-32d0bfade4c3,74c8a63a-6e0c-4005-bfba-73b7d1c3af5c,Kayla Duran,charles20@example.net,PROD-6602,Networked human-resource algorithm,Food,6,279.25,2026-03-14T15:55:50,cancelled,paypal,Kazakhstan,Amandaland,1675.5
30220ece-8425-472d-98c4-96cccd3d5ff2,3958c2a9-5c0f-4e47-a546-cf8a7fdaffa9,Maureen Craig,lancekhan@example.net,PROD-8243,Exclusive dynamic paradigm,Food,2,686.69,2026-05-21T23:58:50,cancelled,credit_card,Uganda,South Craigberg,1373.38
58e2f8da-2674-44e0-bced-80233c8f13d4,c1b28b63-428e-4233-8960-9b25be246d14,Angela Hardin,kelly85@example.org,PROD-3682,Extended system-worthy customer loyalty,Sports,9,885.68,2025-08-28T22:46:56,cancelled,paypal,Comoros,West Shane,7971.12
f695aa76-a446-460c-9f88-dce117b3d13b,1604385a-e11f-4115-908c-cecf9fab3d98,Barbara Moran,patricia63@example.com,PROD-2408,Inverse attitude-oriented time-frame,Food,4,774.51,2025-11-18T08:59:55,cancelled,credit_card,Iran,Port Michaelburgh,3098.04
1db92348-324e-46f6-a6d1-7d3259410419,3f415762-aed7-4781-8537-21c67e1ada1a,Lacey Little,tommycalderon@example.com,PROD-7443,Compatible full-range help-desk,Clothing,1,157.03,2026-04-02T03:55:23,completed,bank_transfer,Serbia,South Erinville,157.03
788d5201-b05c-4d4f-8a80-300d3265d08e,cf82bcaf-5774-4c74-968c-306d2943c2f6,Mallory Brandt,epearson@example.org,PROD-1987,User-centric impactful help-desk,Sports,1,983.33,2026-05-10T01:43:07,completed,credit_card,Maldives,Johnsonview,983.33
e49f2045-99d0-4cce-88a7-6ef2cd353dd8,5d85888a-9e53-4705-b989-ee4fde02c480,Mr. Timothy Padilla,matthew59@example.com,PROD-8052,Triple-buffered non-volatile benchmark,Food,6,851.85,2026-01-22T02:54:38,completed,credit_card,Australia,East Lisa,5111.1
01db4a29-e891-49cb-bde9-2236ee66af5f,f446ce37-82fd-43b7-96b2-4c92339ade0e,Jessica Mccarthy,perezlindsey@example.com,PROD-4801,Networked even-keeled encryption,Food,9,345.96,2025-06-15T18:49:28,completed,paypal,Palestinian Territory,Darrellville,3113.64
063ef4a0-fcee-42b9-a6b4-e70fdcaae012,cb845084-53f4-46b8-8819-002ce45c170a,Kelsey Moreno,rebeccanguyen@example.net,PROD-8129,Reduced system-worthy moratorium,Sports,10,429.18,2025-12-14T04:26:04,cancelled,bank_transfer,Mauritania,Port Kimberly,4291.8
a599dc99-4464-4e34-8e27-6dda57dd570f,178b9e94-330f-4e7c-bf48-4f0673b31431,Thomas Anderson,joshua87@example.com,PROD-7666,Quality-focused 5thgeneration budgetary management,Sports,5,920.58,2026-05-07T18:48:20,pending,bank_transfer,Libyan Arab Jamahiriya,North Ashleyburgh,4602.9
fa8dfc81-f3f2-455d-bce8-81e56e3ff7ff,b001bf8b-bcf9-4d90-8641-a542e96a55ee,Courtney Morton,chadday@example.net,PROD-4841,Horizontal directional project,Clothing,8,682.51,2026-04-12T21:56:38,completed,paypal,Nepal,Watersstad,5460.08
a990fd67-7668-4f23-aadf-a6e3adeabceb,38a7ef4a-ab7a-4785-b57c-5f6a09719674,Alicia Harrison,lbrown@example.com,PROD-6295,Triple-buffered full-range time-frame,Sports,8,506.47,2025-09-08T19:07:34,completed,bank_transfer,Comoros,Jenkinsbury,4051.76
a1aff24e-94d6-4e5c-8638-9fd56f9ec43d,dd1bde45-6aa4-407d-92a1-37a3b8e25e7f,Lance Anderson,shellygrant@example.net,PROD-6141,Automated content-based utilization,Books,9,743.23,2025-12-06T22:10:02,cancelled,credit_card,Portugal,East Jeremy,6689.07
c5e24241-d2a0-4784-a8ed-52e930e84bbb,4252bd14-da54-438f-9b4c-8e4f928c38e6,Logan Jordan,hhenderson@example.com,PROD-9323,Diverse responsive workforce,Electronics,3,778.5,2025-09-26T15:01:43,cancelled,paypal,Moldova,Marymouth,2335.5
ae6e8ae1-cafd-4185-bd5d-5ce5abccf933,612caab5-7a0e-42bf-ba5a-90ad81470e26,Miss Emily Jackson,edwin10@example.net,PROD-3691,Synchronized client-server productivity,Books,2,379.19,2025-10-04T23:11:25,completed,paypal,Jamaica,East Davidmouth,758.38
5850cb56-bd38-4299-8d2a-10ef95720f64,a514c39e-1074-44ca-9c93-6a942a825664,Sarah Kaufman,kathleen57@example.net,PROD-4191,Enterprise-wide bandwidth-monitored superstructure,Sports,4,86.25,2025-11-23T13:24:26,pending,bank_transfer,Somalia,Greenmouth,345.0
aa59e8cb-f25e-45eb-921b-edb9454e42ea,bcb71605-e7d9-4023-906d-a5274617275b,Johnny Howell Jr.,prowe@example.org,PROD-9985,Customizable multi-tasking groupware,Sports,1,640.03,2025-10-03T05:00:14,pending,paypal,Micronesia,Montgomerytown,640.03
80b5b059-c685-46eb-8be0-986b83666a30,c50e2a1a-d7d4-4df2-80b7-02a8339032fa,Lisa Fitzpatrick,linda35@example.net,PROD-4334,Streamlined context-sensitive hierarchy,Clothing,9,525.05,2026-04-04T06:36:51,pending,credit_card,Mayotte,Shannonbury,4725.45
e303e0ec-7ba0-4590-bc4e-81f107a8e28a,8cdc86ce-4a51-4fe1-9af5-133568944595,Erin Leach,jason54@example.net,PROD-2147,Ergonomic multimedia knowledgebase,Books,2,931.67,2025-11-13T08:59:38,completed,credit_card,Eritrea,Davidfurt,1863.34
acef8c3d-abd9-4b11-8f28-f6bb28e39d5a,4e9af983-1ce1-455f-a361-210b2992502c,Dustin Klein,yangchristopher@example.com,PROD-1060,Enhanced needs-based capability,Clothing,4,309.77,2025-06-14T16:41:24,completed,bank_transfer,Romania,Biancaville,1239.08
d2fb1786-9af2-4d07-9410-ae36e85dd250,78d92c1e-ed9b-447f-a0b7-407df6820234,Charles Frank,kelly82@example.net,PROD-8670,Open-source grid-enabled approach,Food,10,183.71,2025-12-24T21:01:36,cancelled,credit_card,French Polynesia,Ivanmouth,1837.1
620aea79-a858-4998-a516-7d249c39021c,4f2a4c1d-2bfa-4566-8b1d-5240e3487871,Nicole Houston,huntereric@example.com,PROD-7138,Versatile impactful ability,Food,8,716.57,2025-06-17T17:37:20,pending,bank_transfer,Nicaragua,New Edward,5732.56
c871e7a3-ebb1-4a7a-8bf7-f70088c23699,1e6c363f-991d-4773-81bc-09480b2c9e47,Edward Salazar,donald95@example.net,PROD-9001,Optional didactic knowledgebase,Sports,2,756.5,2025-10-28T21:54:18,cancelled,credit_card,Sri Lanka,Johnsonfort,1513.0
cf6a20bc-7f57-4d6a-a5ab-593118d20dcb,a963f06a-39a2-4738-b47a-5ea54482bc6d,Angel Martinez,benjaminjohnson@example.com,PROD-4457,Profit-focused context-sensitive moratorium,Books,2,532.71,2025-07-17T10:20:55,completed,credit_card,Solomon Islands,Lake Tonyachester,1065.42
bd3d43ae-b850-485b-a42e-f6ff17edc75f,69632d64-9bff-4e1d-a2fd-23806f05be59,Heather Weber,mcclurekimberly@example.net,PROD-9294,Profit-focused systemic complexity,Electronics,5,401.0,2026-01-22T07:09:58,pending,paypal,France,Markton,2005.0
5e54980f-ffa1-481c-8512-91463668dd51,f7e24a0c-c7be-4f1e-b279-e0ad2e19297e,Alicia Little,dwhite@example.net,PROD-8586,Multi-layered motivating array,Food,10,420.05,2026-02-11T08:00:29,pending,bank_transfer,Japan,Mariachester,4200.5
9a56f451-e56f-4fd6-94e0-65105df57f12,84d79e27-b73e-4604-aec8-d603e7f258b0,Robert Middleton,chansen@example.org,PROD-8888,Seamless intermediate implementation,Clothing,2,96.58,2025-09-29T15:49:44,pending,credit_card,Uzbekistan,Richardsonfurt,193.16
5993dbc1-6c3a-4b34-b94d-89c5449ad229,65cf1b51-d654-45a7-91c6-8a700355c4ea,Joshua Davidson,megan04@example.net,PROD-4300,Decentralized encompassing conglomeration,Clothing,6,708.93,2026-01-10T15:33:46,cancelled,credit_card,Papua New Guinea,West Morgan,4253.58
833641b2-734f-4639-885f-be0fc6c96c7b,f5eee045-234d-417a-8edf-6e8f0bcf3b3e,Jason Harris,serranoeric@example.com,PROD-6856,Upgradable regional concept,Food,9,410.22,2026-01-30T10:39:01,completed,bank_transfer,Bahrain,Estradamouth,3691.98
75eebc46-5d4a-44ea-b88f-31805df1bef2,ff307449-4358-4141-9856-51ac34d27b09,Julie Williams,uwillis@example.net,PROD-1814,Progressive full-range synergy,Sports,6,525.57,2025-08-30T08:28:42,pending,paypal,Zimbabwe,Lake Kelli,3153.42
96465ffa-1380-4c61-bc69-30cb09101d51,bc48121a-6223-496c-949e-d3cfaaa9b7bf,Amber Campos,jonesamanda@example.net,PROD-1606,Operative 24hour groupware,Clothing,7,44.68,2025-11-14T07:17:50,pending,credit_card,Seychelles,Wilkinsstad,312.76
d0ae084d-aab8-42c7-87ba-a03fccba1a09,f66d8b4f-f54c-42b7-94fa-6626fc582352,Andrew Porter,qsawyer@example.com,PROD-8611,Multi-lateral real-time alliance,Electronics,6,403.57,2025-09-25T12:22:08,cancelled,paypal,Brunei Darussalam,Rasmussenland,2421.42
d4d7301f-3b57-47fd-a592-1e6ebb935986,72890771-311b-4cce-9566-5af08a5d6d98,Duane Ramos,michael50@example.org,PROD-8566,Cross-group demand-driven collaboration,Electronics,4,969.96,2026-05-12T17:36:28,pending,paypal,Bouvet Island (Bouvetoya),Dustinview,3879.84
94ea3fa3-93f8-4b41-a152-cf129cf439af,f49227a7-b2fd-4bed-8b5f-ffd6b62ea2aa,Lori Coffey,ronaldjacobs@example.com,PROD-4615,Monitored national alliance,Food,5,153.06,2025-06-19T11:23:22,cancelled,bank_transfer,Czech Republic,Tamaraborough,765.3
9562f87b-6d50-4893-978c-cd7201b9635a,3536f61d-a69d-45a4-9920-e818c3f2c66f,Blake Mann,timothy36@example.com,PROD-3250,Profound modular open architecture,Sports,9,403.42,2026-02-11T13:05:28,completed,bank_transfer,Svalbard & Jan Mayen Islands,Lake Jacqueline,3630.78
ae4fd674-870b-41b1-b9f2-0606d6c5714c,13cee950-0bbe-422e-88ad-419ee4d315f9,Michelle Avila,douglas61@example.net,PROD-7436,Function-based logistical capacity,Clothing,4,335.76,2026-02-02T13:51:21,cancelled,credit_card,Kazakhstan,Deborahton,1343.04
e68e0b34-a852-41c1-86c5-0cb46895b278,374695ae-bbad-4dec-b0ec-6623d9fc7c4e,Joe Johnson,millermelissa@example.net,PROD-4391,Proactive human-resource adapter,Books,2,794.51,2026-02-23T04:36:49,pending,paypal,Iceland,New Daniel,1589.02
22bd0c4f-0347-4da1-9018-927feb8d731a,1c88ba73-0839-494b-995f-b999db497267,Anthony Cruz,andrewharris@example.org,PROD-9034,Customer-focused coherent Local Area Network,Sports,2,735.87,2026-04-07T23:24:37,completed,credit_card,New Caledonia,Farmerstad,1471.74
ac11404e-480b-43eb-afd9-07f67bbc83fb,c17843f2-5942-4b35-a742-704c9a90db28,Ashley Richardson,brian92@example.com,PROD-8383,Centralized context-sensitive hub,Books,10,386.34,2025-11-05T07:32:33,pending,paypal,Tanzania,Shannonfort,3863.4
f4c9e672-62d1-4a85-a8d3-7c8633e546bb,394da4a1-3b3b-4c7d-9cf1-d713bf1816f9,Micheal Vasquez,ovasquez@example.net,PROD-7003,Mandatory methodical encryption,Food,4,452.98,2025-08-15T18:56:42,completed,paypal,Korea,Lake Jordan,1811.92
8f04a8b7-4eed-4e51-b550-235939ceea8f,cef3ee87-495e-45d7-a792-b2c409045edf,Todd Norton,kimisaiah@example.net,PROD-6868,Front-line asynchronous process improvement,Food,2,303.9,2025-09-18T19:55:48,completed,paypal,Bangladesh,Port Davidberg,607.8
16ced3c8-8c77-4b06-8a1b-8a6927718dd8,ac36ff64-79d5-435c-b2ac-22f89d5a3a8b,Jacqueline Smith,david64@example.net,PROD-7565,Advanced demand-driven flexibility,Books,2,604.82,2025-11-20T15:32:40,completed,paypal,Niue,Catherinemouth,1209.64
65d91128-0e7f-4cd7-9ea2-51cac98670d0,5d64da67-2cef-4475-8b54-339fd39cf5c6,Matthew Terry,caroline71@example.net,PROD-1348,Enterprise-wide secondary forecast,Clothing,2,300.2,2025-06-04T03:46:59,completed,credit_card,Central African Republic,Lovetown,600.4
73e29a20-60bc-4c06-95cc-c821a977f5c3,d98dc7f8-031f-47c8-9374-e044f68d90fa,Tyler Hardy,iestrada@example.com,PROD-6552,Monitored grid-enabled knowledgebase,Food,1,790.99,2026-02-20T01:33:53,pending,credit_card,Honduras,Stevebury,790.99
074ac93a-cb9f-4817-95f5-2e524e1d9d03,83147f66-ba18-45f4-bdc6-9cf30d4b3c7e,Alice Evans,deborahmurphy@example.org,PROD-5938,Reverse-engineered leadingedge application,Sports,4,634.61,2025-06-29T16:35:13,pending,paypal,British Virgin Islands,Port Sierraborough,2538.44
55400633-3f29-41e5-9cf3-e938423fedf9,df6d324e-fc8b-4f18-9961-638e9598b9f8,Rita Tran,annanelson@example.net,PROD-5084,Streamlined even-keeled product,Sports,5,841.0,2026-04-14T10:21:05,cancelled,credit_card,Saint Helena,East Christopher,4205.0
77d27d98-8fa2-4057-951e-4e8f15df8310,d2404885-92e0-400a-ae31-167df1e24d65,Lisa Johnson,pamela76@example.net,PROD-2906,Polarized impactful alliance,Food,8,209.44,2026-04-21T04:06:35,completed,paypal,Svalbard & Jan Mayen Islands,Port Lindaview,1675.52
65a4063d-1650-4c7b-90fe-945982fa7276,b1a13441-7f4c-4cf8-aa88-5368fa53764a,William Solomon,kberg@example.org,PROD-6849,Advanced 6thgeneration superstructure,Electronics,3,851.9,2025-11-23T20:38:10,completed,paypal,Netherlands Antilles,Port Kimberly,2555.7
3f0f8aa0-ccc1-4063-acfc-cdd5b8fc495e,ba6e8713-537a-4772-89a2-69517219e9f4,Nicole Ingram,isims@example.com,PROD-7363,Re-engineered systemic hardware,Clothing,9,420.92,2025-08-10T01:22:31,completed,bank_transfer,Brunei Darussalam,Williamsfort,3788.28
8f7fe01f-83f7-4627-b940-e5a360f2f863,d1675d2e-790b-462c-b1ea-e706583e47d1,Eric Rivera,fward@example.com,PROD-5950,Decentralized actuating synergy,Food,3,889.07,2025-12-29T14:58:11,cancelled,credit_card,Russian Federation,Lesliechester,2667.21
3dc3252d-a458-47c6-8080-8570a8f93135,bf681cde-ada4-4750-98b9-f4201f4c883c,Melissa Christensen MD,leejenny@example.org,PROD-8493,Team-oriented uniform neural-net,Books,2,150.94,2025-07-12T11:23:42,cancelled,bank_transfer,Korea,South Sherrymouth,301.88
e96b55ee-fba9-4d29-81b2-3613cacfe6a5,6bf58d9a-3e7b-497d-988b-f1c5091725aa,David Simpson,smithmarisa@example.org,PROD-5644,Organic real-time contingency,Books,5,353.65,2026-01-10T01:28:10,completed,paypal,Oman,East Tylerfort,1768.25
4e71461f-a2c5-4131-8463-08060487e3ad,c24d23ba-9ae9-4f52-936c-6bd2f1874825,Kenneth Dougherty,lgonzalez@example.org,PROD-9461,Up-sized high-level infrastructure,Sports,7,483.85,2025-09-08T14:44:10,pending,paypal,Estonia,Lake Patricia,3386.95
246129b4-a1ac-437e-a1ef-a0566d5f2260,b871f630-c05f-4c19-a407-f0568df9abf7,Julia Johnson,johnnichols@example.org,PROD-4358,Optional directional protocol,Food,5,545.38,2025-08-21T22:13:07,cancelled,paypal,Guernsey,West Wesleymouth,2726.9
82998bb9-63b0-4391-82f1-ead5a85692d2,2fc58613-12ba-4f88-8026-2a47138e9565,Amy Solis,claytonbilly@example.com,PROD-5783,Front-line 6thgeneration access,Food,8,987.4,2025-10-04T17:26:15,completed,paypal,Gambia,Johntown,7899.2
d5be3164-cb6c-4890-9e67-2c4021b5009b,10b2feb9-82f4-44ad-b3cd-444ed14202f0,Clarence Ball,angelawatkins@example.org,PROD-8468,Customer-focused asynchronous contingency,Food,1,31.21,2026-03-22T07:29:00,cancelled,bank_transfer,Niger,South Jasmineborough,31.21
dd0dbec0-fbb0-4be3-9bae-7f944eb6e8ff,96f14c18-ce24-4dfc-8c0b-e60226830e7b,Shawn Roberts,ramosdaniel@example.net,PROD-2309,Vision-oriented discrete standardization,Food,5,651.84,2025-12-03T04:45:49,cancelled,credit_card,Guatemala,Scottfurt,3259.2
0108b370-829d-46cd-ac28-d038d8479da7,9c7d53fb-ec8d-4588-9e3e-7aa009a1188a,Ricky Cooper,jonathon26@example.com,PROD-7845,Mandatory 5thgeneration paradigm,Books,7,790.61,2025-12-12T01:43:50,completed,paypal,Chad,Port Bryan,5534.27
bd6a386e-2b58-4c6e-9e49-8ddd4a3f9863,d414c579-8380-4d04-9db4-2a2866840b5f,Michelle Irwin,ebeck@example.com,PROD-1390,Object-based grid-enabled solution,Electronics,3,29.88,2025-12-12T08:09:14,cancelled,bank_transfer,Kiribati,Nelsonhaven,89.64
33bf081d-e6c8-4390-96a3-3c2bb0746a4a,e5e19784-5653-415d-977b-b9434b944ca9,Joanna Moreno,clarktravis@example.org,PROD-3804,Managed responsive moderator,Books,5,952.9,2025-06-21T17:42:34,pending,credit_card,Guinea-Bissau,North Petermouth,4764.5
1b0373e8-e8f5-41d6-9ce1-a95e1c5b9c38,c31ecb76-ff5f-4830-800d-82fa4e72cce8,Sean Cole,youngvictoria@example.com,PROD-1176,Implemented needs-based open system,Clothing,3,320.1,2026-02-17T01:10:38,pending,paypal,Saudi Arabia,South Kenneth,960.3
04db0e55-ebc8-4bc3-8ae9-9c023e7c1153,ba122925-cfe4-458a-85c1-7794685a51d0,Marcus Watson,juansims@example.net,PROD-9251,Re-contextualized responsive archive,Electronics,10,323.66,2025-09-19T02:02:04,cancelled,credit_card,Heard Island and McDonald Islands,Williamsville,3236.6
7d01d267-969e-4963-8b2d-081418ba76a6,846e0906-f61c-4234-9a7b-9b7bcbce9414,Samuel Peterson,morganmadison@example.org,PROD-4991,Persevering mobile superstructure,Sports,1,420.91,2026-05-12T18:04:03,completed,paypal,Monaco,New Heidi,420.91
f6850671-da6a-4420-826a-3b41ad758a22,a2949c7a-0b55-4f60-9da9-082d121b5b68,Kristy Washington,christina14@example.com,PROD-4377,Programmable dedicated productivity,Books,3,117.44,2025-10-26T02:42:32,completed,credit_card,Yemen,East Sharonfort,352.32
aa327560-a010-4e7b-9dd5-7b2c9e0e1a26,6d0e0892-514f-4120-97a8-026de725f495,Andrew Avila,burnsdaryl@example.net,PROD-5893,Inverse executive collaboration,Books,1,239.0,2026-01-18T23:48:22,completed,paypal,Dominica,Rachelton,239.0
a9a97570-6e7c-4658-87be-12e0890da444,293e3895-8160-4dea-8167-61c233b03db6,Gabriella Murphy,charlesramirez@example.org,PROD-9999,Robust interactive flexibility,Clothing,8,558.0,2025-10-22T12:56:12,cancelled,credit_card,Rwanda,Ortiztown,4464.0
f93489d5-06fa-4044-b05b-704e0ac7c3e9,b7a9d219-d76f-44e8-8949-77073c48e89b,David Garza,evanscaitlin@example.com,PROD-6414,Universal intangible productivity,Food,8,945.78,2025-12-02T06:52:28,pending,credit_card,Tuvalu,North Kathleenside,7566.24
e67d0747-6d41-4f3e-a1b9-b866f18380bf,ce6e6e13-b3bf-4430-9811-2194ee44a710,Anita Moore,rodriguezamanda@example.net,PROD-3027,User-centric dedicated open architecture,Electronics,10,286.26,2026-04-28T21:04:43,pending,bank_transfer,Kyrgyz Republic,Mcdonaldburgh,2862.6
aa581d89-7381-42b5-b9fe-e97bb54df978,76d5e053-8226-4fc1-b823-719c932a5565,Aaron Palmer,hardyjeffrey@example.org,PROD-1576,Business-focused motivating database,Food,7,244.57,2025-12-28T08:48:48,cancelled,bank_transfer,Algeria,North Stephanieshire,1711.99
114bd4c8-14f9-44ba-ac9a-c3e4b67b1d58,e498f8a3-60fc-478f-bd96-f65fd64267a4,Dustin Pacheco,robertstone@example.com,PROD-4613,Inverse methodical array,Books,3,499.93,2026-02-22T23:31:53,completed,credit_card,Tuvalu,Schmidtshire,1499.79
00eff1dc-efe7-46d0-93c6-e60bd8e674f0,2447ad3d-87d6-4e33-a4db-28899e8fd27e,Joseph Dunn,ronaldhancock@example.net,PROD-5492,Innovative foreground time-frame,Sports,8,706.01,2026-03-22T18:43:04,cancelled,credit_card,Peru,North Jennifer,5648.08
07b10d90-67fd-4b77-bfb8-8e66d162b01f,91578a25-a19f-4366-9dab-020c36f14fe4,Bradley Marquez,carolyn26@example.net,PROD-1552,Streamlined foreground firmware,Food,6,832.74,2026-01-15T00:35:04,cancelled,credit_card,Sudan,New Danielview,4996.44
54f47352-f1e0-4cc4-8b07-944c15b15aa1,8b221a26-300f-4c64-8fa8-87c70070aff1,Erin Crawford,timothyramsey@example.org,PROD-7610,Organic foreground instruction set,Books,8,956.81,2026-04-10T15:11:37,completed,credit_card,Faroe Islands,Richardton,7654.48
e464c6d7-c587-4df1-87d0-34a8e8883932,2162cffe-0308-468f-a8bd-36786d6c9192,Amber Leonard,fischerwendy@example.com,PROD-6743,Profit-focused radical paradigm,Sports,8,823.44,2025-12-05T10:26:38,cancelled,credit_card,Honduras,Byrdmouth,6587.52
7bff396f-351e-4761-8607-9765d831741b,583b1b71-c787-4615-8653-33779d2259ce,Scott Dawson,igraham@example.net,PROD-9030,De-engineered local initiative,Sports,4,613.42,2025-06-16T10:00:30,completed,bank_transfer,Jersey,Bennettton,2453.68
e4c59da8-2f1c-48ef-a7b3-c73edd07992c,1d070786-a98a-4049-86f7-18fb653fbd46,Gary Martinez,hreed@example.org,PROD-1055,Digitized coherent process improvement,Sports,6,33.97,2026-03-14T11:43:49,cancelled,bank_transfer,Liberia,Carterside,203.82
5576f97e-c95c-43d6-aebe-0765ae9a1730,0efcc593-3551-4da0-be44-a1433d56e514,Brenda Richardson MD,jensentammy@example.org,PROD-6490,Up-sized bandwidth-monitored architecture,Electronics,6,138.52,2025-06-29T05:26:00,completed,paypal,Micronesia,Brownberg,831.12
723b11b7-03d9-4138-9860-2c88e208caa8,8bf632b8-b784-41c4-b4c0-9016960d03ea,Ronald Bell,susancaldwell@example.com,PROD-5658,Intuitive executive protocol,Sports,10,281.83,2026-01-25T05:22:46,cancelled,bank_transfer,Armenia,South Lisa,2818.3
ddd3f8fd-31e2-4ee1-adbc-38ecd4a488e4,cd5ba127-9a35-4fd0-8c58-57c48d80e027,Franklin James,robert48@example.org,PROD-8890,Ameliorated discrete success,Food,2,309.01,2025-10-18T20:09:25,pending,paypal,Saint Pierre and Miquelon,Reedhaven,618.02
b44f89fc-5884-4aa7-9b78-eb004759e29d,7f99b5aa-2ade-4e9a-a738-d43e01700643,Peter Neal,qpeterson@example.com,PROD-9885,Multi-lateral high-level encoding,Electronics,4,655.59,2026-03-07T10:12:28,pending,bank_transfer,Niger,Roberthaven,2622.36
08ceb1b9-5d2f-4c07-b958-2c5040e9887c,a7a1094e-1924-4189-8655-5fa0cde86a57,Jennifer Marshall,mitchell95@example.net,PROD-4857,Object-based mobile attitude,Food,1,209.45,2025-08-15T07:34:18,pending,paypal,Gabon,Morafort,209.45
61ce681c-30cf-4632-863b-93dd62c00a37,3f54b83e-47bc-4a80-a4e9-6e0e4ed7ec78,Adam Delacruz,fergusonkathryn@example.net,PROD-7039,Progressive optimizing help-desk,Clothing,3,36.07,2026-04-06T13:28:26,completed,credit_card,Qatar,Port Maryland,108.21
8f6bc990-aa21-4e4b-90ce-a64cae938dc5,a2c9ee37-e43e-4c67-b21f-cd6b45848372,Lisa Moss,karensmith@example.net,PROD-2468,Virtual intermediate attitude,Food,4,221.72,2025-10-27T05:49:59,cancelled,paypal,Israel,North Heatherberg,886.88
b9436f98-b5e7-4939-8393-a4e180fca48f,891d0a91-31e6-4d2c-ae0e-a2aec8dd3170,Pamela Roberts,jessica79@example.net,PROD-2463,Decentralized leadingedge capacity,Electronics,8,962.72,2026-04-07T15:37:22,pending,credit_card,Albania,Port Angelahaven,7701.76
35733fb0-d51a-4995-928a-fb9fc3467ce3,e18b77fe-b870-43b5-8ae6-3a54f710284a,Vincent Patel,victoria92@example.com,PROD-5142,Quality-focused next generation algorithm,Food,3,93.07,2025-11-11T01:38:40,cancelled,bank_transfer,Tanzania,North Austinside,279.21
213713ec-e701-4925-9921-7e6f79d519ed,476fc026-dce8-4032-ba16-a9d3adcb6815,Alexandra Haley,angelaarnold@example.net,PROD-8643,Multi-channeled heuristic leverage,Electronics,7,682.36,2026-05-14T18:14:32,pending,paypal,Hungary,South Cindy,4776.52
a749a8ec-010c-4e46-b700-58a316ff9c0a,106f6c4a-9015-4cba-b140-77ea6f9765f4,Roy Elliott,aschneider@example.net,PROD-5081,Focused optimizing algorithm,Food,3,201.11,2026-04-14T02:35:09,cancelled,paypal,Ecuador,East Garrett,603.33
646954f2-6f73-4489-9eab-3170b65b9b7c,779931e3-e229-46b8-aa7d-ba7bfba1d4f5,Morgan Mann,derekmills@example.com,PROD-2650,Horizontal radical protocol,Books,8,908.81,2025-11-21T12:15:20,completed,paypal,Mauritania,Simsstad,7270.48
412e7062-3c2f-4afb-b474-eb7a3da6a2bd,8e6401bb-4872-40cc-8b76-cd1f06e15901,Ms. Tammy Tran,westisaiah@example.com,PROD-4466,Switchable zero administration Internet solution,Clothing,8,647.08,2026-01-01T21:51:53,completed,bank_transfer,Bhutan,West Kimberlymouth,5176.64
1134658b-0691-4d93-8cea-7b55831a1f19,37bea628-dccc-494e-91ff-4bb1afe82ad7,Robert Mason,butlerjeffrey@example.com,PROD-6884,Versatile client-driven encryption,Clothing,5,800.38,2025-06-17T14:19:14,completed,paypal,Belize,Davistown,4001.9
3d4bd0ba-b2b6-410d-9224-16a900fe8180,0add5b9c-0950-4d0b-9d20-b6a2e15ba6a8,Duane Watson,perezlisa@example.com,PROD-1435,Quality-focused user-facing monitoring,Electronics,1,213.9,2026-05-19T04:12:44,pending,bank_transfer,Greece,Dennishaven,213.9
a8404c91-fa41-4840-9a79-cd5385afa0dc,168dba80-0cf3-4486-9db8-2692692cfb5c,Mitchell Jimenez,contrerasrichard@example.net,PROD-3684,Re-engineered static archive,Books,2,788.65,2025-09-06T03:08:16,pending,paypal,Armenia,North Randall,1577.3
ee3f6858-2068-4921-867e-607eb3b804e4,5a55352c-9c9e-4f2f-a04b-532fb14b47ec,Juan Adams,amy68@example.org,PROD-7578,Focused upward-trending circuit,Electronics,2,399.12,2025-06-28T16:08:17,pending,credit_card,Korea,New Rhondaside,798.24
52373ab6-749f-498f-9ba8-f279852680c6,46b94b60-f986-4a11-b75b-a9f919dc5e12,Kristin Edwards,gleonard@example.org,PROD-7328,Configurable composite middleware,Sports,1,560.4,2025-12-05T14:19:32,cancelled,credit_card,Hungary,New Carmenview,560.4
e41d6dfe-a979-4f3c-a0b0-01160def5773,9de1af0a-175e-4f87-aaf0-57cbcaa1b3d3,James Brown,jared09@example.com,PROD-9647,Virtual 4thgeneration benchmark,Books,9,495.35,2026-02-26T17:01:56,completed,bank_transfer,Micronesia,New James,4458.15
0744950a-063b-4cf7-867b-70af15e5347d,0eb3dd0b-962b-434d-9610-bffd298d1430,William Moore,katherinebenson@example.org,PROD-4590,Self-enabling empowering knowledge user,Food,5,168.85,2025-12-20T12:01:59,completed,bank_transfer,Taiwan,Lindaview,844.25
cdce2eb1-3aaf-4e44-85b0-0a9b8c141d59,6a949d3c-f513-4984-b492-0158fbfa4fa7,Bobby Collins,pdyer@example.net,PROD-5087,Persevering systemic help-desk,Sports,4,90.64,2025-09-10T06:33:36,pending,credit_card,Niue,Tiffanyport,362.56
18abf98e-7a04-4942-a7dd-d7fac7cf7d9c,569bbdf1-7059-4b6c-b366-619ccce99e59,Juan Zavala,brian53@example.net,PROD-2196,Reactive clear-thinking framework,Electronics,7,128.89,2026-01-24T05:38:25,cancelled,paypal,Guernsey,North Williamville,902.23
a131ab65-daf5-4264-8d44-8201e9311965,07109d6b-5df4-451a-bf00-dbf7d19a7ba6,Roy Lucas,brian15@example.net,PROD-3425,Organic needs-based Local Area Network,Books,2,29.46,2026-02-21T19:52:23,cancelled,credit_card,Botswana,North Anna,58.92
f6c03073-ef2d-424e-8516-1cc566d10f1a,3bb7bf38-42f3-4688-87c6-e64213a13d16,Patrick Underwood,dean75@example.net,PROD-6578,Progressive analyzing array,Clothing,5,476.49,2025-07-14T17:52:58,pending,credit_card,Zambia,Lake Benjaminton,2382.45
a8bc0aef-ba32-4604-b30c-7b79672e6985,0152831d-87d6-49de-8821-e8947df26a53,James Flynn,rosalesandrea@example.org,PROD-7848,Programmable content-based concept,Sports,4,426.4,2025-12-15T22:30:07,cancelled,credit_card,Tanzania,Lisaport,1705.6
4554b760-02e9-4943-b2a4-789b300d6f40,248e1952-e826-403d-bb0f-8105e9cd46f2,Michael Fernandez,morrisstacy@example.org,PROD-4504,Digitized next generation circuit,Clothing,10,847.56,2025-10-24T11:51:55,cancelled,paypal,Peru,Marioborough,8475.6
ec86dd31-f4a3-45d1-9f98-49e88467ec33,ca487a93-bb9e-40e7-ae26-c17cc4058e7f,Steven Hoffman,melissaparsons@example.org,PROD-4223,Synergized coherent forecast,Sports,2,450.83,2025-08-05T23:50:00,completed,bank_transfer,Armenia,Kristenberg,901.66
2429a717-f2bb-40e0-9307-88512efdf204,456475a7-1cc0-4974-af30-d8edb86b876b,Erica Torres,elizabethvega@example.com,PROD-4066,Monitored reciprocal challenge,Books,8,208.02,2026-04-30T04:23:34,cancelled,credit_card,Uzbekistan,Emilyhaven,1664.16
5feffef5-bf33-4fea-bdeb-bb6653d010d0,c395c2b8-cd13-445d-9d8c-2e5b391e9114,Sarah Wright,hendricksmichael@example.com,PROD-2183,Implemented multi-tasking Local Area Network,Sports,3,103.0,2025-08-19T02:25:05,cancelled,credit_card,Guadeloupe,North Michelle,309.0
2678eb17-9b17-40cd-a1ff-772f70bd1232,c7095437-31f6-4101-bd91-566ca2509d81,Molly Williams,amandamartinez@example.org,PROD-1396,Grass-roots disintermediate matrix,Sports,10,877.68,2026-05-06T22:46:23,completed,credit_card,New Zealand,North Chad,8776.8
d606946d-a3d7-4dd1-a86f-feb1271c6b2b,5c8edb67-2876-4cb0-9db8-0c064b3ab7ac,Mark Gonzales,washingtonangela@example.org,PROD-4238,Exclusive uniform task-force,Electronics,7,902.46,2026-05-15T12:49:42,pending,paypal,Senegal,Markport,6317.22
d5e1ae1a-8dab-464c-8ec6-85f2a8f44a22,c9417b77-515b-4783-8948-9112c99ca660,Robert Yang,elizabeth13@example.com,PROD-5189,Operative secondary paradigm,Clothing,6,41.19,2026-02-09T08:51:19,completed,credit_card,Portugal,Tammytown,247.14
b9190548-d517-4067-bbfc-c956db02559b,d1755ad6-8f1c-4558-9378-f46b9e4b4902,Robert Cardenas,kellymaria@example.org,PROD-5343,Integrated user-facing toolset,Sports,2,569.05,2025-09-09T14:23:52,cancelled,credit_card,Mayotte,Lesliechester,1138.1
6c37b01a-fea4-4187-b3a4-dac41f800512,f2196f1e-b0e8-4c76-8bbb-b386f05ba395,David Hopkins,briannadavid@example.org,PROD-4598,Pre-emptive bifurcated model,Clothing,10,212.47,2025-12-05T22:44:54,completed,bank_transfer,Cook Islands,Williamsshire,2124.7
b5aea0b6-f5e2-4d28-a8f1-51030b797584,02972db7-a716-450d-97ba-a53258055b69,Jessica Garza,wwoodard@example.net,PROD-5477,Quality-focused directional software,Sports,5,416.29,2026-03-29T19:04:37,cancelled,paypal,Colombia,Nathanland,2081.45
56f07600-ac3a-4ff2-9161-0a3e7b900d5b,51ca8637-a5dc-4c63-9b95-f54904fe6ed2,Susan Gonzales,debra05@example.org,PROD-7913,Exclusive transitional circuit,Food,2,231.21,2025-07-06T20:50:52,completed,bank_transfer,Myanmar,Tamiborough,462.42
d8437d0b-2bd4-4632-84fc-396c7131ad4e,50ef97b5-fd2d-45e0-84ad-dd9dd28a70f8,Elizabeth Gilbert,crystal20@example.org,PROD-9464,Function-based regional flexibility,Books,6,938.31,2025-11-30T01:30:42,cancelled,bank_transfer,Israel,East Sethtown,5629.86
a82f90cd-70d3-4d62-9940-34db099f7dfd,a49abc92-e7ff-4003-9c47-01961ba1b270,Regina Daniels,grahamlaura@example.com,PROD-2792,Cross-platform systemic hierarchy,Clothing,3,759.19,2025-11-09T15:42:09,completed,bank_transfer,Gambia,West Diane,2277.57
62f66999-18ae-4f43-9225-f61be7718768,280bdfbb-3ec6-4f6f-876d-b0c579101210,Brian Johnson,michael77@example.org,PROD-4359,Exclusive contextually-based intranet,Food,5,574.9,2025-07-29T20:16:08,cancelled,bank_transfer,Comoros,Lake Blakestad,2874.5
974f37c0-7fd5-4067-8c00-fa7dafa28270,81634b1e-2ce5-49b3-81e4-99891c4996a7,Manuel Lawson,taraharvey@example.org,PROD-5959,Function-based interactive process improvement,Books,3,222.83,2026-01-07T16:55:53,pending,credit_card,Vanuatu,Port Judithstad,668.49
5bd632ea-e6b8-41b3-b598-7c878cf80d1c,e632f258-8792-4a83-8f1e-d93539fb0b8e,Kimberly Logan,christopher51@example.com,PROD-5221,Business-focused bi-directional support,Books,5,64.97,2026-02-02T21:07:33,cancelled,bank_transfer,Iceland,Rebeccafort,324.85
266e87e5-28c0-4c01-aea4-e3d9b10c5221,1485bee0-35d7-4e7e-ac11-90475833f0bc,Trevor Woods MD,matthewgibson@example.org,PROD-9070,Optional dynamic leverage,Food,6,980.61,2025-08-05T22:11:47,cancelled,credit_card,Madagascar,Frederickland,5883.66
dee560f5-aa27-4c56-bd20-6bb4cfd3ba53,693553bd-d77b-4215-a91d-8d751c28c147,Andrea Fox,krichardson@example.net,PROD-8266,Quality-focused contextually-based application,Books,4,140.58,2025-12-29T19:02:34,completed,credit_card,Armenia,West Chelsea,562.32
9f3b5db2-5c28-40e3-98a4-4b2851117e5a,2c3328e9-ff48-4879-a868-fe19a6a1ed51,Ariana Hoffman,cdavis@example.net,PROD-7267,Total fresh-thinking strategy,Electronics,4,78.2,2025-10-19T03:03:57,completed,bank_transfer,Saint Pierre and Miquelon,Phillipsstad,312.8
7815594a-b52d-474e-9aee-220d26f8bc73,bf4d6c4f-0ac1-4c4b-9bf1-3551c1c36ce5,Lauren Mcgrath,geoffrey75@example.net,PROD-6686,Optional background open system,Sports,3,849.27,2025-09-22T06:41:39,completed,bank_transfer,Turks and Caicos Islands,Richardmouth,2547.81
0256eab3-a920-4823-b09c-361ba2af477f,a77bad2d-a310-4d1e-b35e-382d14e15dc6,Jermaine King,mary73@example.com,PROD-8120,Open-architected modular process improvement,Books,7,282.15,2025-11-06T03:19:00,pending,bank_transfer,Israel,Nealton,1975.05
af5114b2-3336-4796-8fe4-25967c94aa15,d03542fb-fdc1-441a-a155-7afc6668562c,Jennifer Morales,timothy37@example.com,PROD-9212,Persevering multi-state data-warehouse,Books,6,459.23,2025-09-02T23:29:24,pending,bank_transfer,Bermuda,Meyersbury,2755.38
66cfdf61-3e5a-4c5c-9db8-fe3f18cdf081,32214544-d1b1-430e-914e-3fd2f867189b,Kristen Gutierrez,mendezlee@example.org,PROD-8176,Streamlined directional array,Books,6,861.15,2025-08-08T03:14:48,cancelled,paypal,Maldives,Strongchester,5166.9
96239a3b-c5dd-488c-9817-4a386217dde3,4e61435b-9686-4191-ada0-5f91fb478bdf,Jessica Spencer,wesley05@example.net,PROD-2473,Synergistic bifurcated attitude,Sports,9,714.56,2026-01-05T20:29:31,completed,bank_transfer,Algeria,Wileymouth,6431.04
c1b81ba2-222f-4cf5-b212-71acef3438c0,a6a0bf95-1f5c-479b-8d96-ca2767914e7e,Darryl Barnes,heatherheath@example.net,PROD-3442,Intuitive grid-enabled initiative,Food,4,461.51,2025-10-08T00:48:54,cancelled,credit_card,Belgium,Kimberlyside,1846.04
37bc5e70-f833-4d0c-8784-c26a428bef8d,edfb985b-be91-4251-92a9-0a29dfddeb14,Russell Park,karen49@example.org,PROD-3046,Secured upward-trending data-warehouse,Food,4,686.89,2026-05-03T22:13:08,completed,credit_card,Bhutan,New Jasonview,2747.56
2c8134fd-de64-4545-8dda-665c1c93aa0f,6bcac936-7065-466a-bdec-3f5d6441bd3a,Scott Goodman,joseph79@example.net,PROD-1694,Programmable optimizing focus group,Sports,4,628.49,2026-02-05T06:53:25,completed,paypal,Bahamas,Parkerhaven,2513.96
bc0d9d38-5704-44ae-b01a-bf228997b88b,0cf9f733-138e-4178-b60d-b760297109e7,Heidi Anderson,james27@example.com,PROD-6524,Multi-channeled mobile data-warehouse,Clothing,1,901.0,2026-05-02T13:46:04,pending,paypal,Swaziland,Hayesfort,901.0
f56a6a69-21d1-49ec-8e5a-bdde35c5e371,459cea6e-9fd8-45c3-b49d-cfae91094fbb,Tammy Hill,janicebrown@example.org,PROD-6930,Quality-focused multi-state superstructure,Books,4,803.85,2026-04-03T16:20:12,completed,credit_card,Afghanistan,New Jennifer,3215.4
e3b67e00-a49f-44a4-8ea7-2788e6840669,75a4f76c-62eb-4d9e-a3ca-94c4d33687c9,James Anderson,nelsoncatherine@example.net,PROD-1607,User-centric human-resource emulation,Electronics,8,535.34,2025-08-10T19:53:51,completed,credit_card,Taiwan,Lake Marytown,4282.72
0fd034c6-e6db-4570-92b1-f8d6b15cf9ed,e821164e-c0ba-4968-85e5-c3798b19f78e,Maria Burnett,wileyamber@example.com,PROD-9650,Persistent well-modulated encoding,Sports,1,561.38,2025-07-09T08:18:09,pending,credit_card,Australia,Torreschester,561.38
f77bcc40-5991-4ea4-bb76-55800ec8ebc7,2f4d3481-5072-41e5-a275-6ab796321212,Ryan Leon,jeremygreer@example.net,PROD-4036,Focused 4thgeneration synergy,Sports,7,257.79,2026-03-14T05:56:59,completed,bank_transfer,Guinea,Lake Saraburgh,1804.53
ad4ac256-8132-46b8-b615-78928105c281,a90f5c40-8a0b-4e70-8992-c380f67ca1be,Leslie Burton,youngwhitney@example.org,PROD-6528,Networked background toolset,Electronics,6,777.66,2025-09-13T22:39:34,cancelled,bank_transfer,Malta,South Sandraland,4665.96
9c86c324-3a6b-4b75-96fa-f7d28eda91b9,30d28abb-fcdb-47b3-9836-c41477036b19,Charles Barton,doconnor@example.net,PROD-3913,Object-based actuating hierarchy,Electronics,6,636.38,2025-10-22T14:12:54,completed,bank_transfer,Iraq,East Matthew,3818.28
3d44f44b-1b38-4b8d-8f33-a638385fde36,a5d68eaf-2a6f-40eb-906f-d0fce58ca88b,Joseph Tanner,wrubio@example.net,PROD-5210,Synergistic human-resource methodology,Clothing,2,307.54,2026-03-05T08:40:56,completed,credit_card,Saudi Arabia,South Jamesfurt,615.08
0dfdf02b-b9c3-400e-ba39-d675e085449e,6d2038d0-aec9-41ab-b5d7-14849703c847,Emma Graham,elizabeth13@example.net,PROD-5201,Decentralized eco-centric implementation,Clothing,5,219.52,2025-08-03T08:14:06,cancelled,credit_card,Iran,Johnfort,1097.6
80e94592-d72a-47e3-965e-575c4e1f92df,3af4fbc5-8272-4fd8-953b-9a9bf3cc7334,Rick Robinson,starkaaron@example.net,PROD-3244,Grass-roots neutral budgetary management,Books,10,651.34,2025-10-18T21:11:32,pending,bank_transfer,Burkina Faso,Port Davidbury,6513.4
56db6e1f-e461-4098-8fc2-cad315151e2b,7db3f3a1-5f9a-479e-856f-d7d0530b901c,Hector Moody,meganfrench@example.com,PROD-5839,Inverse full-range database,Books,9,571.12,2025-08-04T18:53:43,cancelled,credit_card,Serbia,Danielchester,5140.08
4ee98da5-55ff-40af-833d-b41b96a653b5,31fef049-2b04-4faf-b388-d781c6fff6ff,Daniel Wilson,ashleymooney@example.org,PROD-8128,Devolved cohesive throughput,Clothing,6,852.92,2025-06-19T07:34:07,completed,bank_transfer,Christmas Island,North Tracytown,5117.52
ab2a58fe-3ebf-4b89-be02-be64ca57ff3a,ce2cab33-7c61-4b66-b2d5-ed8b522b2abe,William Olsen,joshua04@example.net,PROD-6562,Down-sized static emulation,Books,2,267.83,2025-06-10T12:18:50,completed,paypal,Guam,Johnsonville,535.66
0c4aaeb0-450c-49c2-853b-c8da9ba62159,d8f01425-14a7-4acb-8778-9bac0d58e7d7,Dr. Donna Clark,glenclark@example.org,PROD-8683,Upgradable grid-enabled system engine,Food,3,684.35,2025-10-14T02:59:21,pending,paypal,Romania,Scottfurt,2053.05
65b88330-fc9d-4296-bf7e-74a42aa7a26c,4b7d62ec-58ba-453b-a995-d66a70ae5a1a,Bob Ford,adamhaley@example.com,PROD-8714,Open-source high-level service-desk,Electronics,1,340.07,2025-08-18T07:10:35,cancelled,bank_transfer,South Africa,South Jesseshire,340.07
9709b1e5-68ad-4565-adca-3e83aa7eacdb,02e1518b-4de7-4b49-8d5e-5ca723179386,Colleen Gray,jeffrey81@example.net,PROD-1905,Exclusive uniform instruction set,Books,1,64.59,2026-03-10T14:59:44,pending,paypal,Mexico,Lake Haydenport,64.59
abd20ca7-2751-4152-92c7-cbcd549dde85,4265486e-c6d0-4d6f-8623-1981a45be73f,Christina Harris,allenanna@example.org,PROD-5943,Versatile 3rdgeneration encryption,Food,10,40.8,2025-10-24T17:48:41,cancelled,paypal,Brazil,Bakerchester,408.0
2fc95ad4-845b-4ba6-a253-f824911a8a43,b31f53bc-4614-4161-b547-d2ec2222f2f2,Shawn Thompson,gstout@example.net,PROD-2589,Synchronized contextually-based portal,Sports,1,268.52,2025-07-09T02:26:52,cancelled,paypal,Ireland,South Davidland,268.52
71328c70-ee1e-491b-ac60-094d8360fbae,2fcfb722-b173-41dd-bb0e-0ca608a90dff,Natasha Richardson,spencerjohn@example.com,PROD-2790,Operative 4thgeneration policy,Sports,7,70.37,2026-05-09T23:55:38,pending,credit_card,Gibraltar,Benjaminton,492.59
60cdd4df-6bcd-4f3a-a0ed-80afaaf17738,a8e1cded-8f0c-430d-9fff-0b9c25585dd0,Joseph Hunter,greenkevin@example.org,PROD-4245,Realigned uniform productivity,Food,4,876.56,2025-09-23T06:47:50,completed,paypal,Saudi Arabia,Nguyenberg,3506.24
d931480f-4cf9-4dd8-9755-83521329a712,99aeabb9-efba-44f4-aa2d-4247e05e19b9,Jennifer Harrison,torresrichard@example.com,PROD-4774,Synergized object-oriented help-desk,Electronics,10,58.21,2025-08-15T22:35:56,completed,paypal,Tunisia,Lake Scotthaven,582.1
a35c5b0b-8d81-4f0e-8bfe-301134174700,13d4bc9b-d508-4ca4-83f1-d47c76a41696,Teresa Jackson,michael26@example.org,PROD-3202,Streamlined executive application,Books,2,649.11,2025-08-14T07:09:12,pending,bank_transfer,Morocco,West Charles,1298.22
c7bb8ffc-30b2-4722-9265-e5a604d673e6,2ccd8a10-acb4-4a89-a38b-04907ebd989a,Andrew Harrison Jr.,cynthialambert@example.org,PROD-5372,Balanced interactive superstructure,Electronics,3,881.76,2026-02-26T14:11:30,completed,credit_card,Morocco,West Aaron,2645.28
715afdab-6db3-4738-a3f2-f5b1bf0285ee,13fb6d8b-579b-4df3-b47b-954f87df7768,Kevin Blackwell,charles44@example.org,PROD-8205,Open-source eco-centric utilization,Food,2,43.42,2025-12-07T16:30:53,pending,bank_transfer,Saint Kitts and Nevis,Lake Stevenport,86.84
ecb34f34-e796-4f0d-8ebd-c6c0f3872865,453c5ca7-af75-4103-9a37-2d017c8e2bb8,Alexander Lopez,bryanbraun@example.com,PROD-5326,Organized transitional capacity,Sports,6,472.15,2025-12-12T19:31:35,cancelled,paypal,Bouvet Island (Bouvetoya),West Devin,2832.9
9889a6d4-fe20-4df5-8c5a-ac22f76c7ed4,4921ec85-7831-43a7-bc9f-542d231d363c,Darrell Nelson,fperez@example.org,PROD-8869,Universal reciprocal capacity,Sports,4,308.07,2025-08-18T10:16:54,completed,paypal,Guyana,Lake Michael,1232.28
19d02974-bbf3-478f-9e6b-961e934cd79f,1fc8188e-e1bb-41d9-bc3f-cb051b2f7216,Adam Bradley,qdavidson@example.com,PROD-9417,Function-based maximized firmware,Food,9,233.19,2025-10-06T00:10:26,completed,credit_card,Uganda,Bennettstad,2098.71
371ad140-f799-429e-b269-ff1be5fd9921,098fe91f-586c-48d2-8ece-6eae74f7909b,Stacy Hodge,chadhamilton@example.net,PROD-7025,Realigned 4thgeneration intranet,Sports,2,472.86,2025-07-13T10:21:14,completed,bank_transfer,Liechtenstein,Joneschester,945.72
b0df167a-d830-4b95-b69a-0ce6840aaf5c,4ba6c92a-7adc-4204-b280-99343b0f4aa4,Diane Lee,lopezerika@example.org,PROD-3063,Fully-configurable executive function,Clothing,3,64.8,2026-05-21T07:33:33,cancelled,paypal,British Indian Ocean Territory (Chagos Archipelago),Colefort,194.4
caa47b2a-2e6a-4b88-ba6f-e68e41ad12b1,e3f3d863-7760-416f-8bf4-4e4cbb23892c,Johnny Nelson,michael48@example.org,PROD-9525,Business-focused neutral methodology,Clothing,7,845.89,2026-02-18T02:01:31,cancelled,credit_card,Rwanda,Pamelaview,5921.23
50b62e56-86ed-4a2a-b4a1-ae6c65913a04,3af8cc21-6fac-46e6-a42b-cbeb96f72a90,Mr. Michael Simpson,mgibbs@example.com,PROD-1505,Realigned dedicated strategy,Sports,7,749.17,2026-03-05T12:32:53,pending,bank_transfer,British Virgin Islands,Williamsland,5244.19
5dffbf94-497a-4828-b8a1-9bc13c8a754f,56b9981e-ca9c-4c95-bffe-111f61ac1855,Angelica Patton,rmeyer@example.com,PROD-6451,Function-based high-level architecture,Electronics,9,839.5,2026-04-29T19:10:39,cancelled,paypal,Vanuatu,Lake Stephanieside,7555.5
bde4f6c3-5e59-4990-97ba-480bc1d3e31c,184ea6e8-9290-4094-b6c2-6978a68309cb,Jordan Hughes,gross@example.org,PROD-5700,User-friendly disintermediate Graphic Interface,Sports,5,437.15,2025-12-13T08:46:02,pending,bank_transfer,Namibia,East Angela,2185.75
08496fc1-6871-4843-8adb-b1534721316f,9eb5467e-1496-4825-9c37-ebab18d47997,Linda Jones,contrerassara@example.org,PROD-5668,User-centric 3rdgeneration implementation,Food,1,908.83,2025-11-18T08:26:24,pending,credit_card,Gabon,Christinehaven,908.83
370f140a-0910-4ca4-9297-b261b7ff2207,27c3065f-b929-4780-93c3-7d0f955f11c9,Frank Mitchell,daniel53@example.net,PROD-7155,Automated holistic forecast,Sports,5,635.92,2025-06-20T03:49:42,cancelled,bank_transfer,Solomon Islands,Tracyburgh,3179.6
86d36d85-8b92-4912-ad0e-a4777719b0c2,46b67ac4-230a-4a8c-a182-2bef72a7920b,John Clark,joshuagraham@example.com,PROD-4078,Polarized disintermediate complexity,Sports,1,938.26,2025-09-05T23:34:50,cancelled,credit_card,Gibraltar,Johnstonmouth,938.26
cfb373b3-db21-4902-9948-a6d8701f117d,2a3fefc1-9650-42f4-b4cf-53ffed1091e2,Megan Patel,diana10@example.net,PROD-9147,Monitored tertiary solution,Sports,3,890.2,2026-04-02T00:49:32,pending,credit_card,Ukraine,Hoffmanfort,2670.6
767ddd18-3779-41a5-b54a-359be7c4a05c,20b6f95c-658e-40da-aee3-bf74deac5bba,Miss Chelsea Strickland,eshaffer@example.com,PROD-8947,Face-to-face national array,Sports,9,458.76,2025-10-06T12:21:17,completed,paypal,Zambia,Wolfeborough,4128.84
9aea7859-12bb-4167-a63f-996bb534ea6b,1b635233-3de1-44a0-8832-813142126ec2,Melissa Wilkins,lowecharles@example.org,PROD-9758,Organized multi-tasking knowledgebase,Electronics,8,477.21,2026-01-15T10:49:12,completed,bank_transfer,Saint Lucia,Thomasview,3817.68
397d3457-dcff-4182-968a-37a0d4483aec,25060a0d-91f9-4155-ac4c-a6dd8248199b,Alan Bautista,kevinnelson@example.net,PROD-9371,Focused directional encryption,Books,10,205.69,2026-05-11T20:58:38,completed,bank_transfer,Slovakia (Slovak Republic),Lake Rhondastad,2056.9
9841c68e-1c5c-4dc7-84be-b83e83037211,0cf691b5-318f-4dd1-8277-42eb6d1fcf5f,Christopher Garrison,jenniferturner@example.net,PROD-2237,Grass-roots multi-state monitoring,Food,9,320.38,2025-08-02T14:36:06,pending,bank_transfer,Oman,Donnafurt,2883.42
54dff61c-ef05-47f4-8388-fd9e43b07b7d,8203df1f-89d5-4022-b956-32e41859acd3,Stephen Glass,lwalker@example.com,PROD-7642,Profit-focused explicit pricing structure,Electronics,3,40.4,2025-08-05T13:42:39,pending,bank_transfer,Moldova,Michaelburgh,121.2
79aa5822-c88f-4bab-942d-ee733d4e9792,3446018a-bc84-44bb-a6c0-e11dcd56d264,Meagan Hernandez,victoriaknox@example.com,PROD-8501,Seamless analyzing collaboration,Books,7,75.99,2025-06-17T11:40:49,pending,paypal,Bangladesh,Smithhaven,531.93
1a60a6c8-e80f-434d-ac25-dac4d7ae093d,fd9dc60b-6523-41b9-acb0-cfb45f5e2983,Brian White,scott89@example.net,PROD-2056,Up-sized user-facing software,Food,6,230.09,2026-05-24T03:18:19,completed,credit_card,Faroe Islands,North Jenniferborough,1380.54
28d1ceb7-10de-4f8d-8b8b-2b733d0b181f,ad82cc19-c058-42b8-ab1c-dde02c6e5a31,Cynthia Roberts,andre78@example.com,PROD-6344,Reactive modular time-frame,Clothing,10,799.32,2026-01-19T01:40:46,completed,paypal,Albania,East Amy,7993.2
eae501df-3a49-4f5b-98f2-cfa90d7c42bb,6a1fd883-288f-4436-9496-4ab66526a79e,Deborah Watson,nathanjames@example.com,PROD-5724,Enterprise-wide exuding collaboration,Clothing,4,649.55,2025-08-11T04:41:19,cancelled,credit_card,Cook Islands,East Sean,2598.2
8dfdc6b2-699e-492b-9cfc-2afa64db7afc,61c9c5f8-2709-488e-a615-805c18bd61aa,Aaron Hunter,uanthony@example.com,PROD-2641,Ameliorated attitude-oriented knowledge user,Sports,6,31.92,2026-04-03T00:01:37,completed,paypal,Egypt,Michaelborough,191.52
58da928e-a83c-4d77-8fa8-4f65c3b571d4,6d3779ef-f62f-41b9-86ec-892678e6a38a,Jessica Bond,ashley91@example.net,PROD-4273,Ameliorated 24/7 knowledgebase,Clothing,6,455.52,2025-06-04T13:18:36,completed,bank_transfer,Saint Pierre and Miquelon,South Jennifer,2733.12
75375268-a3ce-49c0-8b45-092baa9606fb,9d38073a-050b-4aa7-a9cf-b38abb27b8a7,Devin King,brian73@example.org,PROD-4557,Inverse zero-defect complexity,Food,6,172.46,2026-01-25T22:54:29,pending,credit_card,Colombia,Marybury,1034.76
029d6a1d-82fa-4ce6-ac6f-138c69a921ae,5dbc7927-4475-414f-b245-e39256234650,Todd Thomas,lsmith@example.com,PROD-8392,Fundamental optimizing parallelism,Books,2,585.25,2026-04-16T01:36:32,pending,credit_card,Iraq,North Deborahtown,1170.5
110b48f1-a71a-440f-ab22-8eb3a961ac19,8fd2c559-99e7-4bf6-ad16-4fbabfe2fda2,Angela Cook,tammy90@example.net,PROD-5456,Focused multimedia moderator,Electronics,5,424.28,2026-05-15T16:10:26,cancelled,bank_transfer,Comoros,Kayleehaven,2121.4
de9c4a45-4680-450e-8eb1-96d931790582,0a2eff10-ade3-408d-97c1-d948d7cff476,Diane Charles,reyesfrank@example.net,PROD-1358,Monitored logistical software,Sports,6,657.31,2026-01-08T19:06:56,cancelled,credit_card,Holy See (Vatican City State),Haydenshire,3943.86
3f6a247d-7c42-414b-a33c-5e6491161131,e4698d09-9a43-4bb8-9da5-96331e14e562,Amy Rogers,amandadeleon@example.com,PROD-7414,Total impactful implementation,Sports,4,377.24,2026-04-13T00:12:58,completed,paypal,Ecuador,Snyderfort,1508.96
55927896-d92b-424e-ae91-0b9af6832355,5a8fa1f2-b12f-4e59-aeee-a2e07c2897b2,Victor Alvarez,mia04@example.com,PROD-9530,Visionary full-range application,Food,4,446.9,2025-06-09T08:32:19,cancelled,credit_card,Croatia,Johntown,1787.6
e85a75e6-7fad-4555-bd6a-08b46481d29e,69351e26-38de-44f7-9e95-1a73a22f02ff,Sheila Coleman,ufoley@example.org,PROD-8598,Future-proofed coherent time-frame,Electronics,4,308.55,2025-06-13T17:10:13,pending,credit_card,Mali,Desireeview,1234.2
c260b90e-16d9-49b4-b861-31d236164d50,5d54ee12-4170-4e52-8d0f-49d85416fb0d,Pamela Cook,brownshelby@example.com,PROD-2324,Front-line national middleware,Food,8,862.66,2025-09-18T02:55:08,pending,bank_transfer,Dominica,Darrenside,6901.28
4fa1e6aa-5341-4c72-8b25-4b6250009d97,f42e633c-709d-4f6a-872f-bea9df925a0d,Frank Fletcher,wrightrachel@example.net,PROD-6713,Reactive foreground knowledge user,Food,5,288.72,2026-03-29T17:38:19,cancelled,credit_card,Russian Federation,Jonathanton,1443.6
83ec244e-3363-44f4-b555-e2d13d86390f,ec40f355-c7b7-4050-811e-66673d3c41b7,Morgan Wolf,downsmathew@example.com,PROD-3642,Proactive holistic product,Books,1,322.76,2026-04-29T22:54:43,completed,credit_card,Senegal,East Laurie,322.76
e4630ed7-22ca-401e-b38d-1e3435fc6144,db1e08d3-177e-4438-b467-3435bb3cecc7,Olivia Diaz,whiteaaron@example.org,PROD-5571,Optimized modular groupware,Sports,1,644.33,2025-12-13T11:13:45,pending,credit_card,Norway,Jonathanfurt,644.33
1c469eec-1ea7-4721-a284-9946482b5c4c,a6a00613-c567-45df-b55e-6580555ce6b5,Mary Chapman,sarah76@example.org,PROD-6464,Versatile 24hour website,Sports,9,63.8,2025-09-29T18:03:49,cancelled,bank_transfer,Palestinian Territory,South John,574.2
a7bf55bc-219f-4f8d-960c-f5a56c1ea26c,c455a34f-93f2-4170-ae92-d34db9a7f874,Derrick Flores,phenderson@example.com,PROD-8834,Compatible grid-enabled collaboration,Sports,3,979.25,2025-06-10T10:52:05,pending,paypal,Greenland,Lisaland,2937.75
f020f9ff-9887-49e9-bfe2-070181660ee4,bdd6facc-f43c-4d39-beed-42c558171571,Sarah Taylor,frank01@example.com,PROD-2976,Versatile encompassing superstructure,Food,1,270.83,2026-03-22T09:26:04,pending,paypal,Gibraltar,South Bradley,270.83
cc8edcee-eafa-4321-b003-ceaa3738dc43,720ef356-ec94-4c23-a73f-d1b26c7eb16c,William Hernandez,cassandra74@example.net,PROD-6698,User-centric exuding Internet solution,Electronics,1,148.41,2025-07-25T02:21:16,cancelled,paypal,Andorra,New Ronaldview,148.41
2fcee1cf-6283-4730-8d2c-07d9e34ee5bb,936dd876-64db-499d-8ab2-9909ee67a96b,Gabriel Keith,wanganna@example.net,PROD-1283,Proactive zero administration portal,Food,3,410.42,2025-06-30T17:37:35,pending,bank_transfer,India,North Danielleport,1231.26
496b6d39-3f6c-4f03-9f64-b417228b7501,87c5314e-877c-41f9-a9e8-20bcf61144d7,Brandon Garcia,bushpaul@example.net,PROD-2313,Organized responsive superstructure,Clothing,10,672.42,2026-04-27T08:53:04,pending,credit_card,Antigua and Barbuda,Melanieport,6724.2
dd692c70-605f-40c7-9eee-7e61c8c3f099,9fd7d4db-de7a-4bd3-a6d6-ca378c385728,Christine Bailey,brianmunoz@example.net,PROD-9768,Implemented empowering forecast,Electronics,2,664.76,2025-12-18T16:04:09,pending,paypal,Montenegro,East Richardtown,1329.52
4edd23d8-82cc-4e12-8873-6808fea780e9,4fca7748-1347-4cae-8ad4-144d2a0d704b,Jennifer Watkins,brian01@example.net,PROD-2850,Reactive stable infrastructure,Books,1,700.11,2026-04-20T23:01:09,cancelled,paypal,Liechtenstein,Port Robert,700.11
17f9e2c2-fbeb-4ba7-ab99-d21518e25cf0,00839fa7-9493-41f7-b603-a48ccee587cd,Joseph Ray,austinperez@example.com,PROD-6725,Multi-layered even-keeled portal,Clothing,5,617.18,2025-12-18T00:25:01,completed,bank_transfer,Bouvet Island (Bouvetoya),Huffmanbury,3085.9
5b7c9df7-2bde-49f3-804a-a582b8e435bf,442c639d-812b-46d9-8853-7cca18a0ab2d,Donald Caldwell,fguzman@example.org,PROD-8968,Balanced fault-tolerant paradigm,Food,8,555.92,2025-11-29T15:58:17,cancelled,credit_card,Bulgaria,New Jeffrey,4447.36
f34c4326-9c54-4a2d-979a-4338de38e0ae,79e98ba6-2b92-4047-873f-00c93df640dc,Kathryn Valdez,ypope@example.net,PROD-2379,Horizontal context-sensitive service-desk,Books,6,338.24,2025-12-16T01:39:48,completed,paypal,Antarctica (the territory South of 60 deg S),Housemouth,2029.44
eb25a281-0215-424b-b4b2-f66a385cff4e,2ad5fa90-cf45-4599-9d84-71db3f28ecde,George Porter,robinsonlauren@example.com,PROD-6235,Horizontal dedicated access,Books,1,343.38,2025-06-19T08:42:35,cancelled,credit_card,Uruguay,South Kevinhaven,343.38
690ef8f5-ded9-4376-88a3-a86c23fcb45c,f19473a5-3e06-4e52-b761-a868918839b1,Mary Krueger,joanne34@example.org,PROD-6471,Devolved well-modulated moderator,Food,1,472.31,2026-05-09T09:15:06,pending,credit_card,Mongolia,Smithshire,472.31
136e1da4-d5a9-42a2-83ed-28e8e47e05f3,d9047fdf-5b79-4998-bae8-d5154b366bbf,Susan Adams,sydney07@example.net,PROD-3379,Programmable bifurcated database,Electronics,2,217.29,2025-08-07T08:56:55,cancelled,bank_transfer,Saint Martin,East Barryfort,434.58
f850dcc0-aad7-4efc-b906-a954d927afcd,ea5cdc0b-3b52-41d7-86a4-f7531ea02cd8,Jeffrey Wolfe,michelle70@example.com,PROD-4289,Integrated bottom-line pricing structure,Clothing,2,569.17,2026-04-08T22:18:46,completed,bank_transfer,Andorra,Millerview,1138.34
e2f9d0d9-87c1-4403-bf68-f3a79b056b8b,5d673787-35ba-4de3-a0b0-eb89f5e63f65,Jeremy Ferguson,ccole@example.org,PROD-4370,Face-to-face optimal utilization,Clothing,6,130.06,2026-01-31T12:43:57,cancelled,bank_transfer,Ghana,East Courtneyshire,780.36
f48dfcee-dcc8-4e0c-a288-adaf77147265,ad06ca1c-bdea-4b45-a589-c32d3a6536cc,Christopher Williams,jordanjessica@example.net,PROD-7672,Enhanced bottom-line workforce,Electronics,6,293.5,2026-03-07T17:28:22,completed,credit_card,Syrian Arab Republic,East Christinaside,1761.0
9648509a-9033-4a23-b683-d33c4c34e558,06f3d1e6-c210-4edd-a43d-20fde276f6ad,Jennifer Smith,ryan00@example.com,PROD-2758,Monitored stable challenge,Books,10,873.91,2025-09-23T03:39:04,pending,paypal,Mauritius,Judyview,8739.1
a57ff6a7-90b7-4b05-8c5b-1e941342684e,94d15031-42a3-4370-a58a-83b7b2baa1a2,Roberta Jenkins,awillis@example.com,PROD-3294,Ameliorated multi-state circuit,Electronics,9,297.89,2026-05-09T05:12:10,completed,bank_transfer,New Caledonia,Petersonbury,2681.01
660e611c-a5d9-4413-ad5e-4e12bca97a2e,08338bbc-a393-455c-a070-38c98ac90a31,Anthony Wallace,kellercynthia@example.org,PROD-3338,Cloned zero tolerance success,Food,3,34.4,2026-01-31T01:09:45,pending,paypal,Armenia,East Josefort,103.2
392b94ee-9c21-4504-bc47-9689eac217cf,07e2d865-7e76-4cb0-8484-56dd6d00db1c,Lisa Mcdowell,wcarlson@example.org,PROD-4816,Balanced optimizing application,Electronics,10,649.66,2026-03-17T20:49:05,pending,bank_transfer,Estonia,Port Lisa,6496.6
57e4d47d-d544-45e1-8413-b581266e5d20,c9005863-da5e-42d1-90a3-4db0caf038cb,Christopher Campos,felicia03@example.com,PROD-3598,Diverse transitional toolset,Clothing,10,106.59,2025-10-04T02:20:07,completed,bank_transfer,Sudan,Spencefort,1065.9
fdd7ea03-0ae9-4781-a4cb-f82c6529d7f4,3a4a176d-0470-45a0-ab93-4d51bd74dcfe,Kurt Landry,kayla40@example.net,PROD-8635,User-friendly zero administration hub,Food,10,361.96,2025-06-04T08:14:53,cancelled,paypal,Mayotte,Lake Kimberly,3619.6
edfeb530-9278-48d2-81ae-6ee6f67ae443,c107ae84-b945-462f-91b7-79cc23c645d0,Jane Malone,rebecca81@example.org,PROD-1335,Multi-layered foreground strategy,Clothing,3,984.82,2025-12-28T05:18:32,pending,bank_transfer,Cook Islands,Port Thomasview,2954.46
f39489af-d642-42c4-bdbe-1f558c5c836a,0ae04d19-7fc4-4ce7-b46f-cf1f6bb62621,Colleen Ray,mccoymark@example.com,PROD-7349,Team-oriented leadingedge framework,Clothing,2,522.55,2026-01-21T22:30:19,pending,credit_card,Thailand,West Tammieville,1045.1
c64648d0-e7dd-4687-bead-59d25f716897,402d665a-60e7-4801-a814-edd05515e00b,Leslie Norton,huntbrandon@example.com,PROD-7969,Diverse secondary complexity,Electronics,9,161.94,2026-01-19T02:07:22,pending,paypal,Swaziland,North Sharonfurt,1457.46
c6a35ada-1dae-47d0-89db-d8e21f56ffb7,1576eafd-7f0e-470e-a3a3-68f85535775d,Rebecca Hines,geraldclark@example.net,PROD-2168,Monitored 4thgeneration intranet,Sports,2,666.91,2026-01-15T19:49:00,cancelled,bank_transfer,Colombia,West Mary,1333.82
3ec20282-0243-4c3f-81c2-7390e898d5b6,744f4725-39e4-41b6-b428-9576734f417a,John Morris,kcruz@example.com,PROD-5368,Future-proofed exuding Local Area Network,Clothing,2,586.78,2025-12-14T23:34:15,completed,credit_card,Benin,East Leonardport,1173.56
54c8d06e-1195-4612-a547-083d22fa6b1e,1373974a-109e-4ccf-8d61-ec5b7cffbc9e,Charles Doyle,adam41@example.org,PROD-3988,Face-to-face asymmetric capacity,Books,3,718.53,2026-05-13T14:59:21,cancelled,paypal,Comoros,North Geraldburgh,2155.59
bdda913b-891a-41d8-8859-091bbe5ce571,9c700973-6626-4326-85a9-37074ffe1312,Alexa Hernandez,laura82@example.net,PROD-5740,Innovative tertiary customer loyalty,Clothing,10,804.56,2025-10-23T23:16:18,completed,credit_card,Belize,Belindafurt,8045.6
15f23e03-a9bb-4361-bc1f-6b208c28b7b5,fe372db6-b9f5-4065-ac8b-c008bca881f6,Gregory Bailey,uwilliams@example.net,PROD-4359,Decentralized impactful interface,Books,3,649.07,2025-07-02T10:39:35,pending,paypal,Paraguay,Port Evanberg,1947.21
eaab70af-81e4-487c-a662-8501a585613d,270df75e-300d-437e-a5c0-7dc0986ff07d,Christine Taylor,dustin94@example.net,PROD-9718,Up-sized reciprocal protocol,Clothing,2,250.93,2025-09-27T11:58:57,completed,bank_transfer,Lao People's Democratic Republic,Francesfort,501.86
c787ddcf-d1bf-42cc-92b4-80aef42121d1,6e1ab114-b387-461d-b494-089e0ba93d58,Tony Moore,tbrown@example.com,PROD-7064,Customizable full-range website,Books,7,922.2,2025-12-30T02:22:46,pending,bank_transfer,Saudi Arabia,Lake Paigetown,6455.4
ff690d2f-605c-4928-ae36-3b7e5b45dfc9,5f0a4f60-7f70-4e6d-93e1-f2b5942cad54,Robert Ferguson,villanuevamelanie@example.org,PROD-1359,Polarized asymmetric intranet,Clothing,3,509.96,2025-06-27T12:56:14,completed,bank_transfer,Tunisia,Jefferyburgh,1529.88
1e6081ab-dc14-428c-a385-b2ae1790859e,c5f97c72-acd3-487c-9460-a8735a669310,Megan Ellis,alynn@example.org,PROD-4019,Progressive 3rdgeneration emulation,Food,10,220.08,2025-06-15T02:33:09,cancelled,bank_transfer,Mexico,Port Priscillamouth,2200.8
0c127440-c873-4948-a35b-71c39d1f9439,413f404f-7ef9-4e1b-ba07-2dccec3d7b86,Lawrence Wood,jnelson@example.com,PROD-4213,Robust well-modulated productivity,Electronics,8,790.78,2026-02-01T19:12:24,pending,bank_transfer,Oman,Marychester,6326.24
e6b6157e-aff9-4190-93db-73bc62f444c3,05ed2f00-5ae9-4419-98a4-dd5ce65826f0,Todd Turner,kyoder@example.org,PROD-8659,Diverse mission-critical knowledgebase,Sports,4,565.87,2025-08-29T03:54:37,pending,credit_card,Kazakhstan,West Justin,2263.48
31ed6467-553d-480d-a739-09f1fd390927,0809e70c-5a2c-4cb6-9cef-02816ed0d4ce,Michael Gross,elizabethtaylor@example.org,PROD-5494,Customizable 24/7 circuit,Electronics,7,373.02,2026-01-17T08:24:36,completed,credit_card,Mozambique,Gregville,2611.14
18cb0738-86b7-4d23-8a8e-3cd9da4b46dc,8ceccf48-8446-42e7-8f2d-fba48a5b7552,Nathan Johnson,salazarrachel@example.net,PROD-8954,Multi-layered upward-trending system engine,Food,8,212.92,2025-12-11T18:16:00,cancelled,bank_transfer,Qatar,New Gregorymouth,1703.36
3aefe4d0-9daf-4e62-a7cd-73957c29e6e7,05b4b264-5910-490e-8513-7a7ae71a8f52,Taylor Marshall,yhudson@example.org,PROD-8338,Networked uniform policy,Food,8,607.05,2025-05-28T13:31:57,pending,credit_card,Yemen,Davidtown,4856.4
02bf41be-14f5-4a0d-b09b-34c06342af53,fe372a15-013f-4041-acf9-04886f7fea66,Gregory Green,joseph70@example.net,PROD-3840,Secured global infrastructure,Food,6,31.33,2026-05-18T13:15:43,completed,bank_transfer,Congo,Port Jennifer,187.98
36ba0be5-67c1-45ec-acab-c3a8039d96fc,3ab1200b-e125-4a79-a259-d5ddcca5579f,Matthew Macdonald,christian15@example.net,PROD-6922,Streamlined eco-centric architecture,Electronics,1,616.18,2025-12-28T01:48:51,pending,paypal,Turkey,New Ashleyfort,616.18
1c6d2989-fe5f-4733-bed7-8f7c00f48b86,2f34dc9f-962d-4a00-ac4f-2aa268a1f9e3,Kevin Walton,williamspatricia@example.org,PROD-2653,Profit-focused actuating matrix,Electronics,2,537.93,2026-05-23T21:14:19,completed,bank_transfer,Samoa,Port Alyssa,1075.86
583e29fb-a378-43ed-96ed-217e394a7b6e,fc559915-59b3-44b8-a3e1-2f0a416beed5,Kathleen Myers,cswanson@example.net,PROD-2549,Operative secondary customer loyalty,Electronics,9,573.79,2025-11-08T08:21:43,completed,bank_transfer,Mozambique,Markshire,5164.11
02b2c221-f78a-4ce9-9717-93e646e3f9b6,2ae04569-0e71-467f-ae2e-7cb31266e23e,David Sharp,barkerjames@example.com,PROD-7531,Networked responsive info-mediaries,Clothing,3,899.12,2025-12-20T23:47:21,cancelled,credit_card,Morocco,Sanchezview,2697.36
80ae7a47-a56b-4731-b67e-3c3c00fd9d62,40dbb9ef-23d9-4a48-b226-faf29af68b23,Daniel Morris,kylegardner@example.org,PROD-8037,Horizontal high-level open system,Clothing,8,935.03,2025-12-09T08:56:25,cancelled,paypal,Aruba,Wardport,7480.24
192cb25d-e9fd-456a-b641-5979c94604cd,7a6a3ef0-9ea6-4921-88a7-d677e9e7bd98,Elizabeth Mccann,micheal68@example.org,PROD-8626,Ameliorated static system engine,Books,3,396.42,2025-08-03T18:13:13,cancelled,paypal,Belarus,Jillianville,1189.26
d3cab89c-fdeb-492b-93c0-82cdecc1ef40,923cfe46-97ee-47f4-a9c6-e0d9923b7e92,Jennifer Dunn,joseph33@example.org,PROD-1364,Cross-group demand-driven website,Books,9,610.7,2026-03-29T13:53:33,cancelled,bank_transfer,Indonesia,Amandafurt,5496.3
6880169b-a4ab-4022-be3d-9931e06b5f3f,a5c56702-be2a-44ba-a232-d8ce5555381e,Brandon Clark,hsmith@example.org,PROD-9443,Re-contextualized attitude-oriented projection,Sports,2,717.58,2026-05-15T23:27:30,pending,credit_card,Kenya,Petersville,1435.16
89c8639c-118f-4fdd-848e-ec4758c2febd,fc21c890-7ef7-47fe-bfe8-1841ed0e3460,Douglas Parks,phogan@example.net,PROD-5845,Versatile object-oriented methodology,Clothing,1,909.45,2026-05-13T21:25:51,pending,paypal,South Georgia and the South Sandwich Islands,West Jeffreyton,909.45
ea67ea9a-458e-4e21-9ccf-00be5c8d6cb5,a66eef0f-9fb2-4ce0-96a4-2ea2274558d7,Theresa Harris,erin89@example.net,PROD-5733,Self-enabling heuristic Internet solution,Clothing,9,461.49,2025-11-13T13:36:14,completed,credit_card,Belize,Lake Johnhaven,4153.41
eeaf8841-dc26-4990-b71a-0fcf63874832,b7073328-2330-4050-8d77-f7f81cdbf65b,Jennifer Carey,mcgeetrevor@example.net,PROD-1258,Future-proofed transitional moratorium,Sports,8,525.06,2025-05-31T07:06:47,cancelled,credit_card,Puerto Rico,South Sharon,4200.48
896013c1-9b14-40e9-ac83-b603ea3d78ec,7c213b5c-28d4-41fa-be56-4b849770b970,Ashley Reed,andrewjones@example.org,PROD-7222,Fully-configurable systematic Graphic Interface,Electronics,8,274.2,2026-04-19T23:14:16,completed,credit_card,Pakistan,South Haley,2193.6
1204c7c4-ccd3-4a61-adfc-1ff12b52922e,0a3b32ec-c593-4c34-bb27-97f2fd37ea72,Michelle Mckenzie,vincentleonard@example.net,PROD-6402,Robust impactful info-mediaries,Electronics,4,826.06,2026-01-25T14:39:31,pending,credit_card,Saint Lucia,New Louisborough,3304.24
720d42d9-529f-4982-8998-bfc703a117b0,2900f0ae-6001-47f9-8e0a-bda28bcd3d03,Jose Lee,gadkins@example.net,PROD-5525,Re-contextualized mobile Internet solution,Clothing,1,948.21,2025-11-21T08:29:11,cancelled,paypal,Ecuador,Joshuashire,948.21
30bb70e8-b862-4c2a-a95c-730ae46f0021,360e513b-6594-4a2a-8022-100a732d2df8,Mitchell Torres,leeashley@example.net,PROD-7018,Reactive leadingedge utilization,Sports,7,24.83,2025-12-12T22:53:27,completed,bank_transfer,Finland,Tonyaton,173.81
f7c7fdab-4de8-400f-9de3-89ee9cef8ca0,40ce8eda-4e59-46e5-99a9-8be1f7cacd3d,Lisa Terrell,ruthsmith@example.net,PROD-4210,Organic human-resource encryption,Electronics,2,585.6,2025-12-19T12:48:35,cancelled,credit_card,Mauritius,Williamchester,1171.2
84eabea4-8766-4036-9f26-aef00fab559b,7074b7f0-2592-447f-9e67-262f046beb0a,Tracy Lee,reyesricky@example.com,PROD-1235,Stand-alone asymmetric interface,Books,8,269.2,2025-05-28T06:59:43,completed,bank_transfer,Cambodia,North Dustin,2153.6
be7bec78-c208-46e3-961a-7a4b057472bf,96e7d1b7-6cbf-4ab6-aace-a5c6dc5e17de,Katelyn Smith,victor41@example.com,PROD-3278,Focused systematic superstructure,Books,3,116.17,2025-09-22T21:17:44,cancelled,paypal,Antarctica (the territory South of 60 deg S),Aguirreport,348.51
b7baf6cf-1f0c-49e6-8263-e203577c2368,db755126-6cc5-4037-9876-af53dfd82acd,Stephanie Coleman,edwardsscott@example.com,PROD-6090,Intuitive national framework,Food,9,343.86,2025-11-25T23:01:26,cancelled,paypal,Singapore,Port Jonland,3094.74
1b0a0c2a-ad04-4397-b6bc-326c3dca2fee,3e0c3662-b38f-4b32-9dc5-1dec706675c1,Elizabeth Drake,ugilmore@example.com,PROD-9043,Upgradable motivating support,Sports,10,98.24,2026-01-28T05:42:27,cancelled,bank_transfer,Northern Mariana Islands,Alexanderside,982.4
023af73e-12fa-4a03-8a77-72d6e05a00c8,bfee5dfa-a83a-489d-8bca-e65b6fe34873,Melanie Lewis,steven80@example.net,PROD-6432,Phased human-resource productivity,Electronics,10,16.97,2025-11-11T11:08:28,cancelled,paypal,Turkmenistan,Josephbury,169.7
3e6421bd-a7a6-42a0-bd69-d049e290ea77,18585cbc-21d2-4091-9d92-f8107c84efac,Joyce Sims,obrienashley@example.net,PROD-4135,Ergonomic national attitude,Electronics,5,319.51,2026-05-21T01:21:41,cancelled,bank_transfer,Hong Kong,South Joseph,1597.55
db475ccb-253a-4af3-bad6-e9c2a9993404,3c1721d4-81cf-4666-9fdc-ee41cb3693c1,Brianna Taylor,hartangela@example.net,PROD-8318,Managed reciprocal projection,Sports,1,635.98,2025-09-03T16:50:27,cancelled,bank_transfer,Cook Islands,Moralesburgh,635.98
787ac4ec-bd9f-40cd-9086-f3479decd42e,82a8b95c-532b-453c-9e3d-aa7dab4fdbc3,Charles Ward,manuel91@example.net,PROD-5550,Polarized multimedia process improvement,Electronics,7,852.19,2026-01-15T03:47:44,pending,bank_transfer,Marshall Islands,West Kelly,5965.33
fa898b94-7a6b-41e4-96ae-de00e9d8afa9,ed9eea8e-26c6-41ff-ac1e-bde52d3230b4,Stephanie Garcia,barbararogers@example.com,PROD-6982,Public-key next generation secured line,Electronics,9,820.91,2025-06-26T09:12:47,pending,bank_transfer,Iran,Edwardtown,7388.19
6569ed21-0d81-4e92-b664-973673713738,4b17453e-464d-4faa-9373-5a8f29f79f4c,Matthew Duncan,cjohnson@example.com,PROD-4611,Robust contextually-based time-frame,Sports,6,479.13,2026-03-09T17:51:03,pending,bank_transfer,Saint Vincent and the Grenadines,New Gabriel,2874.78
adc625f6-faf2-4203-b3ed-f5a75fd8b9c4,1b195395-8d51-4e4d-966e-5467a160afc4,Amanda Stanley,lesliebradley@example.org,PROD-3933,Ergonomic scalable infrastructure,Electronics,2,688.85,2026-04-26T14:40:04,completed,bank_transfer,Swaziland,North David,1377.7
6f997372-284c-41d2-b402-ea39b680a33f,d0f3e95c-c8cf-4557-bbf4-ccf2e1ad72d1,Theodore Lewis,ebony97@example.org,PROD-2931,Upgradable executive strategy,Books,10,661.01,2026-03-03T23:52:09,completed,bank_transfer,Mozambique,Gamblestad,6610.1
df001585-5ae6-4d18-bef0-cd562a35b47a,658f05a5-ffcf-40b3-8f68-9b4543f2e810,Elizabeth Elliott,ccallahan@example.net,PROD-1667,Reverse-engineered leadingedge hardware,Food,9,921.73,2025-11-13T08:06:59,completed,bank_transfer,Benin,Karenside,8295.57
8ccc9024-8362-4cd4-ab98-ee0944d4edb1,13448d00-5557-4024-bd0f-653260e33e7f,Tammy Giles,ccampbell@example.org,PROD-5313,Reactive heuristic access,Food,4,340.09,2025-12-26T09:00:03,pending,credit_card,Poland,Barnesbury,1360.36
9cd028bd-c7f9-4d73-8ffd-c9bb17e12112,eb6f94fc-9292-4cb9-b78b-5a7e96cb2ef6,Amy Roberts,andrewsmark@example.com,PROD-4833,Customer-focused stable secured line,Sports,5,798.54,2025-12-06T02:02:59,pending,bank_transfer,Grenada,Port Gregoryland,3992.7
6bb1fab2-dce5-4e85-b6ac-48a9f5e85e7d,2d7564b3-acbb-4494-866b-0a2d117eb743,Victoria Carrillo DDS,gmontoya@example.com,PROD-6382,Reactive maximized firmware,Sports,5,916.87,2026-04-03T21:19:50,completed,bank_transfer,Algeria,West James,4584.35
964d18b6-c407-4412-a6ab-cb5356182ad1,78068372-f4ac-40fa-b0be-9e99609e821b,Janet Lamb,ujohnson@example.org,PROD-8023,Digitized fault-tolerant installation,Sports,9,876.26,2026-01-02T23:51:03,pending,credit_card,Fiji,Lucasshire,7886.34
8d764a54-3c5c-4721-b367-1002dedece26,1f941a13-58a5-45cb-88ff-8b6d24409b00,Brendan Harris,lindseylittle@example.org,PROD-4531,User-centric neutral migration,Clothing,6,690.38,2025-06-10T13:19:23,completed,paypal,Iraq,Alanland,4142.28
e6470881-a4a5-4bde-bb7d-211d294f8987,955c65b0-6b50-4faf-90f9-871611b10eae,Donald Pham,jesse64@example.com,PROD-9532,Persistent neutral benchmark,Clothing,7,833.74,2025-09-03T17:20:53,cancelled,credit_card,Anguilla,East John,5836.18
36357e96-1860-4712-9d10-73769c63ce1c,424e2386-4fdf-46bb-ad30-96fc21f0c89f,Brian Mckenzie,mrandall@example.com,PROD-9419,Total object-oriented archive,Electronics,7,869.61,2026-01-10T13:55:28,completed,paypal,Cape Verde,Gibsonshire,6087.27
c8b969bd-3909-41cf-9d68-31c8eb9e7cf4,0f4e0de8-cce2-40a4-80af-b58338673abc,Mercedes Blair,sherry16@example.org,PROD-3481,Programmable 6thgeneration info-mediaries,Clothing,7,981.52,2026-04-25T21:06:29,pending,credit_card,Finland,Meyermouth,6870.64
371a8bb1-5f89-4502-af00-455a2237430b,2dd6ec3e-ba49-4dea-b224-ab882ab6ca5f,David Mueller,jklein@example.net,PROD-1482,Digitized interactive challenge,Books,3,618.77,2025-06-25T04:59:42,pending,credit_card,Nicaragua,East Lisa,1856.31
aab8dd4e-99b1-4c73-975c-2314dd8bb595,c41db971-653f-45e3-af99-c02f4dc8b651,Megan Ellis,nparker@example.com,PROD-3233,Public-key optimizing groupware,Sports,2,932.89,2025-11-07T20:32:38,completed,credit_card,Reunion,Morenohaven,1865.78
78543bfe-da08-40f2-8143-dfe4dfe5f8f4,ccc478c7-1920-48a5-aa71-8eaf2a6daac3,Kenneth Parker,william89@example.com,PROD-3368,Business-focused user-facing firmware,Electronics,8,98.77,2025-11-25T16:58:53,cancelled,bank_transfer,Chile,South Timothyberg,790.16
62031013-9885-4e8b-ba35-2764dd37392f,f08eff01-b495-4da5-b29a-787320bc4c39,Nina Villarreal,rebekah26@example.org,PROD-3343,Assimilated interactive hub,Books,6,662.2,2025-08-25T16:32:19,completed,credit_card,Norfolk Island,Brownland,3973.2
c8464c7c-8c39-49c7-9b97-21fd43fdbf47,8741f3a5-7ec7-430a-b56a-176e83546f32,Gloria Ray,walterscassandra@example.org,PROD-1327,Seamless background conglomeration,Food,6,23.39,2026-03-09T23:43:30,pending,paypal,Guinea-Bissau,North Blake,140.34
1c4f0791-e534-4e58-8004-36d4ad969dbb,92b0dde6-0e83-4d86-95c7-6766c38b6d39,Michael Knight,courtneythomas@example.com,PROD-2775,Diverse solution-oriented adapter,Electronics,7,889.91,2025-10-25T06:10:13,pending,credit_card,Algeria,Melindatown,6229.37
e2f85cc6-2b3b-4e1e-83fc-656cc5e311ec,3cb42cc2-e0ec-4846-a510-3765f5c73a51,Erik Hodge,melissa23@example.com,PROD-1534,Total multi-state middleware,Clothing,5,875.09,2025-06-25T07:07:16,completed,paypal,North Macedonia,Hollowayport,4375.45
f654db9c-c4d7-498f-a212-e49e4a915337,b8de9825-2ecd-4044-ae3e-328364fb7484,Brian Patel,jamesevans@example.org,PROD-1950,Virtual didactic migration,Clothing,5,212.31,2026-02-14T04:05:46,completed,credit_card,South Georgia and the South Sandwich Islands,Port Isabel,1061.55
c8b7188f-611a-48c6-91f8-fe2c7a44101f,ef5d41e4-b62d-4294-bd1a-8fd65644058c,Joan Hernandez,danderson@example.net,PROD-6125,Cross-group 6thgeneration hierarchy,Books,4,526.29,2025-06-04T09:57:26,completed,bank_transfer,Czech Republic,North Judith,2105.16
641818e6-add7-4a08-a712-9586b70af4bb,0ed5dccf-f7bb-4350-9b7e-6d66749837f7,Erin Juarez,sbernard@example.net,PROD-2656,Face-to-face full-range installation,Books,6,445.32,2025-09-11T08:56:23,completed,paypal,Nepal,New Devon,2671.92
86f666ba-f680-4b29-9b41-bc7874885df6,40650581-d2ac-4916-aceb-e2fe28c2a6ca,Daniel Mitchell,georgewhite@example.org,PROD-1178,Streamlined static benchmark,Electronics,5,524.18,2026-05-17T15:36:17,completed,credit_card,French Southern Territories,West Jenniferberg,2620.9
620f2205-b4c2-46a8-8a42-e76e15a7dee7,3258b533-b057-4b71-98d8-9814dcc9f8bb,Raymond Brown,austinjoseph@example.com,PROD-2340,Cross-group composite analyzer,Books,3,136.52,2025-12-10T07:35:09,completed,credit_card,Falkland Islands (Malvinas),North Ryan,409.56
951fd9af-0614-4808-8875-3e88f8b82d2b,402aa345-d37f-49e0-80c7-c4e0e3bb354a,David Cook,john63@example.org,PROD-4317,Secured background task-force,Clothing,10,444.95,2026-04-03T02:20:48,completed,paypal,Palau,Kimberlyburgh,4449.5
d84514e6-38e1-4cd9-84ed-5e4a6a2f76dd,ec4069f5-283f-43f9-b575-8243967b9808,Timothy Bates,tina04@example.org,PROD-8319,Exclusive grid-enabled moratorium,Clothing,8,29.81,2025-07-11T07:40:47,completed,bank_transfer,Niue,West Nancyport,238.48
5301682d-b833-4355-8170-e564ff9e84d9,faeca8d2-0001-46d4-9748-34d512d5e7a2,Destiny Wilkins,lynchalexandra@example.com,PROD-6090,Operative context-sensitive Local Area Network,Food,10,837.46,2026-05-11T14:35:32,cancelled,paypal,Egypt,West Chase,8374.6
d5dc9bc0-c930-4ea7-b46c-7d20a44c3b8b,ff2b0789-5ce1-4da2-97b3-1a185d37c2d8,Ralph Lawrence,tmcclure@example.net,PROD-9579,Decentralized encompassing throughput,Food,7,981.17,2025-11-30T01:34:09,completed,paypal,Singapore,Munozshire,6868.19
ffefa6c6-bb6b-4c23-999c-7e5aad13c05c,30e8d681-a8c6-4099-a8a3-9f6ed418d07a,Amanda Sweeney,moorecharles@example.com,PROD-1471,Robust 24hour info-mediaries,Electronics,8,44.98,2026-04-27T18:04:44,cancelled,bank_transfer,Italy,North Karina,359.84
1856b231-cc58-4ebf-bbd7-a6dfcd33e27f,08a333cd-88a8-4377-92dc-3e239d26918f,Sharon Miller,donna25@example.com,PROD-8764,Universal value-added system engine,Sports,1,510.16,2025-11-03T18:20:04,pending,paypal,French Polynesia,West Leslie,510.16
2446bf0c-3bf5-45aa-9683-8a3003b65e21,090e0e1e-0dd5-48d4-b21c-8c35b539b6c5,Cody Brown,plee@example.com,PROD-8900,Triple-buffered contextually-based support,Sports,3,243.55,2025-10-23T02:30:10,cancelled,bank_transfer,Tokelau,Edwardsburgh,730.65
8eaae359-daf8-46d1-82f7-cfec3c65f960,988e2d51-4463-4629-83b2-3a9ff7a3de3e,Christie Cook,pettytiffany@example.net,PROD-7268,Inverse transitional budgetary management,Food,7,886.58,2025-09-05T11:54:17,completed,paypal,Guinea-Bissau,Thomasport,6206.06
25a2430e-f237-4720-a5fe-89b66e8f4812,c4f0f2c0-ef0f-4148-b351-79777633420d,Scott Velasquez,carriedavis@example.org,PROD-2232,De-engineered full-range artificial intelligence,Clothing,1,300.66,2025-08-31T12:25:28,cancelled,paypal,South Georgia and the South Sandwich Islands,Lake Jonborough,300.66
a8733d9f-2868-4f82-b792-e72776d17e42,4c39e90a-7435-4faf-ae46-51e694e756aa,Briana Doyle,greenkatherine@example.net,PROD-8917,Multi-layered user-facing moderator,Sports,4,787.96,2025-05-31T22:00:28,completed,credit_card,Montenegro,Lake Daniel,3151.84
34df40b2-1b1a-411f-8488-3ffa8675fb56,493e70a4-5f3e-4df7-a0c1-d23e0b9b2332,Christine Gillespie,daleriley@example.com,PROD-5184,Organized client-server circuit,Food,1,730.16,2026-04-08T23:05:25,pending,credit_card,Lao People's Democratic Republic,Andreachester,730.16
a05d1329-c5f9-4854-ab2a-fe6a95b96fb8,58433e34-cd46-4910-9f5d-e297064c6002,Shaun Marsh,powersjulie@example.com,PROD-8568,Universal empowering Graphic Interface,Electronics,8,367.79,2025-12-22T06:14:00,completed,credit_card,Bolivia,New Stephenhaven,2942.32
bbe9de5e-8f79-4aa0-bc4b-628e39e5150d,c5ea4ede-0117-4c97-89c8-4a53f2a7065d,Kristina Lozano,jasminestephens@example.net,PROD-7272,Universal encompassing conglomeration,Food,5,169.42,2026-05-24T15:37:53,completed,credit_card,Saudi Arabia,Codymouth,847.1
80cb8397-514b-4113-976e-4bc6c4e34dd7,b0ad4bd6-3538-4ccb-ae69-9a4aca1235dc,Thomas Spears,smithaustin@example.org,PROD-6078,Seamless logistical conglomeration,Books,5,732.31,2025-08-05T20:17:44,completed,paypal,Georgia,North Misty,3661.55
1299a3e2-22bb-4903-89f3-09c8bebef6c6,52ced095-7fb2-4aa7-9ed2-e5dc1b187734,Kimberly Guerra,qhoffman@example.org,PROD-5823,Progressive client-server portal,Electronics,2,905.89,2026-03-14T01:49:42,completed,paypal,Myanmar,Hawkinsmouth,1811.78
7e56b224-9628-450c-9a47-5905035a0d40,ffe56b8a-c1ea-44e3-8109-76e391fd157f,James Carter,tarajohnson@example.net,PROD-1429,Customer-focused logistical help-desk,Books,10,201.89,2026-01-24T04:49:06,completed,credit_card,Kenya,Williamsfurt,2018.9
f78d44b0-b12f-4e8e-abf1-018a968ba4e0,27075022-5eee-4b9d-931c-81fcfdbb5329,Carrie Taylor,omarfoster@example.net,PROD-6604,Cross-platform high-level success,Sports,7,72.81,2025-09-10T19:30:03,cancelled,credit_card,Morocco,North Gregory,509.67
edd8cdfb-2648-49bc-b6e6-cb6decdced1a,5a955312-fde3-475f-8a7a-1e24d500ea70,Aimee Ruiz,leah70@example.org,PROD-9688,Up-sized stable artificial intelligence,Food,8,962.06,2025-06-04T19:09:19,cancelled,bank_transfer,Albania,Cherylport,7696.48
beb3226d-7ed2-433b-9001-4ea018d66e10,675f5481-5edc-408b-aa60-dccef1427f83,Phyllis Craig,bcampbell@example.org,PROD-9697,Profound 6thgeneration forecast,Clothing,2,835.67,2025-10-25T10:05:45,cancelled,bank_transfer,Hungary,West Dawn,1671.34
52536b38-279f-4381-a4fd-842012d63c29,da502f6f-a2ad-49dc-84f0-ac639b09e805,Michele Kramer,uramsey@example.net,PROD-4602,Reduced well-modulated core,Electronics,6,240.23,2025-10-09T13:09:34,pending,bank_transfer,Guinea-Bissau,Lake Andrewside,1441.38
86588aba-4d66-412f-ad3a-e6c1516af452,8eaf6a5e-20bb-4799-9721-3bafb9c2e80a,Tracy Rodriguez,wayne40@example.net,PROD-3223,Pre-emptive analyzing protocol,Clothing,7,437.24,2025-12-02T17:32:36,completed,bank_transfer,Sao Tome and Principe,South Hannahfort,3060.68
b1e8962d-c00c-4b60-9313-46b64af48b74,84e034d6-d771-4313-8b3c-d9736ff2d9a8,April Watson,traci01@example.org,PROD-1751,Managed bandwidth-monitored pricing structure,Clothing,4,323.13,2026-02-05T13:30:26,cancelled,paypal,Kenya,Garychester,1292.52
2bc750ef-6f4b-4bd6-a3d0-a22cb4181e29,4b0db726-8bec-4c70-8b6b-bf5f654ae934,Jessica Gomez,michaeljimenez@example.net,PROD-2582,Streamlined local complexity,Electronics,8,82.9,2026-04-01T22:22:53,completed,bank_transfer,Congo,Jenniferhaven,663.2
34e3d383-1e6a-4250-b88d-4f6ea878962b,c4fc7660-1f2e-42d4-a363-7baf13af3f19,William Hale,michael24@example.net,PROD-2815,Fundamental multimedia instruction set,Food,7,43.8,2026-01-12T07:41:50,cancelled,credit_card,Zambia,South Stephaniemouth,306.6
cff794be-155f-42da-90af-4e123a3f8a3a,18c200b8-7d37-49b1-b3da-6724a48607d0,Jodi Terry,adam98@example.com,PROD-8227,Intuitive uniform time-frame,Books,3,182.51,2026-01-02T02:51:37,pending,bank_transfer,New Zealand,South Barrychester,547.53
92d187a6-458e-461d-882f-9b5b700401e5,b8232055-9173-4d93-9768-2246b86f49e3,Cheryl Gonzalez,georgejasmine@example.org,PROD-4580,Virtual cohesive attitude,Books,8,155.54,2025-12-15T16:20:21,cancelled,bank_transfer,Mexico,South Robin,1244.32
7e4638db-fc64-4e22-b622-5c22849ee855,22f9daa2-52fd-4061-b939-dcc7c5699311,Sarah Robinson,max29@example.net,PROD-2367,Multi-layered systemic service-desk,Food,8,139.01,2026-01-01T08:19:31,completed,paypal,Uganda,Paulfurt,1112.08
7f2aa831-d66e-4798-a1c6-b68591ed04ba,d3b84eea-e8dc-4986-bf39-36bd5d2548b1,Tiffany Gibson,fhicks@example.org,PROD-8358,Enhanced 3rdgeneration extranet,Books,6,645.46,2025-10-27T03:55:21,pending,bank_transfer,Tokelau,Lindseyborough,3872.76
ade1757d-b353-498f-b77a-e3e4eab3d356,1b7afa6e-5dbe-44cd-bc90-cb02e3981a00,Cassandra Murray,mallory25@example.net,PROD-9936,Assimilated web-enabled structure,Electronics,7,23.43,2026-03-29T14:28:17,cancelled,bank_transfer,Chile,Steveberg,164.01
a7595070-f7ec-4e3e-90be-27d3c712592d,2129623c-2116-4d33-83d5-dc8d01499aa8,Juan Mann,wzamora@example.org,PROD-8211,User-centric incremental moratorium,Books,10,734.12,2025-06-11T07:21:38,completed,bank_transfer,Burundi,South Denise,7341.2
1c403523-cc78-4827-878d-cc20fdedac59,3f083cdc-83cb-4f34-9c8b-396fa079bef5,Melissa Kelly,aliceschmitt@example.net,PROD-6950,Vision-oriented multi-state groupware,Sports,8,996.7,2025-06-20T00:51:57,pending,bank_transfer,Angola,West Ryanshire,7973.6
80987f60-03de-4b85-a618-9321f49de277,07bc10b1-f9cd-4325-b26e-d588ca9937a3,Joseph Delgado,jgreene@example.org,PROD-7448,Multi-channeled didactic core,Books,8,941.66,2025-10-26T18:37:33,pending,paypal,Suriname,North Pamela,7533.28
abed9527-0200-482e-b636-b48391e9ce75,0b7fc3c5-a976-4fed-808c-870975731849,Christy Vazquez,nicholas09@example.org,PROD-9787,Extended even-keeled capacity,Books,1,386.17,2026-04-04T08:24:09,pending,paypal,Uzbekistan,Paulaview,386.17
fde0a9d6-6eff-4e7b-985b-0e52c231c988,4ea4202d-4e8a-4fc5-bd08-22b787715301,Robert Gonzalez,shawncannon@example.org,PROD-7983,Re-engineered holistic database,Food,4,100.43,2026-04-12T07:33:10,pending,paypal,Kuwait,North Peter,401.72
d72d8221-f280-4cfd-ae47-73236be17ee8,ec5a66a4-0e50-4349-b30a-656aa5816a56,Allison Hess,alejandro55@example.org,PROD-3422,Cross-group national benchmark,Clothing,6,293.82,2025-06-03T11:51:52,pending,credit_card,Liberia,New Roberthaven,1762.92
0078d77a-adc7-4b91-b6c0-491ad962638c,a1e2fc38-161a-43af-91be-c2eb53d5c34b,Jared White,dhuffman@example.net,PROD-4305,Balanced systematic protocol,Sports,7,408.88,2025-10-03T14:56:14,completed,credit_card,Belarus,Juliaton,2862.16
6dfb21f4-06ae-47ba-ad95-d6ad5359b3a5,7aa8bc4c-8f70-4a28-8191-049ef7f27b9c,Michael Guerra,petersmatthew@example.com,PROD-5039,Fully-configurable 4thgeneration budgetary management,Clothing,5,59.36,2025-12-24T10:41:17,pending,bank_transfer,South Africa,Port Sergioville,296.8
a7b55fa6-fcd8-40f4-a4d0-96dcd7fdac38,5c28d295-bcd4-4c08-8dad-e91a21eea422,Manuel Smith,jonesryan@example.com,PROD-7470,Organic 24hour adapter,Electronics,10,130.82,2026-03-19T01:49:43,cancelled,credit_card,Italy,Rebeccahaven,1308.2
8e429bf7-9354-491d-a818-caa2d6c28d55,33f450e8-5f22-4ce4-892f-30a33460570b,Gregory Gallegos,nramirez@example.com,PROD-9606,Persevering methodical analyzer,Clothing,9,480.55,2025-08-21T06:30:51,pending,bank_transfer,Netherlands,Lake Lisaberg,4324.95
f535f974-23a1-4e62-8a8e-5d5c541da07f,a450f662-b5a3-4bcb-a157-743a0f399ade,Jay Murphy,williamscourtney@example.net,PROD-3441,Reactive human-resource open architecture,Sports,4,834.89,2025-08-22T07:55:56,pending,paypal,Pakistan,Lake Jessicahaven,3339.56
ae89bc4e-4705-4db1-83b4-eb131508fb70,536c20f0-2e0f-4a25-9447-ec71a38d972d,Christopher Mcbride,lisawagner@example.com,PROD-1236,Reduced secondary capability,Electronics,7,768.64,2025-06-20T19:56:50,pending,credit_card,United States Minor Outlying Islands,Timothychester,5380.48
aabc5925-69d4-40b9-9f95-e3ccec00a9e8,41cb6e7a-45ad-4b68-9856-6a71fb6ed179,Jeanette Jones,yjones@example.net,PROD-3945,Reactive client-server initiative,Books,6,514.99,2025-07-29T04:01:19,pending,credit_card,Denmark,Ashleybury,3089.94
4cab39b1-cc7a-4320-8164-395f881c65c1,0aafc16f-83f8-4933-bb00-e21f6170b010,Dawn Smith,flewis@example.net,PROD-9669,Distributed logistical array,Books,8,627.24,2026-02-20T02:49:09,cancelled,bank_transfer,Martinique,Lewisside,5017.92
e251f365-5d16-4e9f-bbab-e76163cf6864,906a5d78-6ed7-484d-a462-013be2f60896,Jim Booth,dale81@example.com,PROD-5860,Multi-tiered client-server website,Books,5,702.02,2025-11-02T16:44:48,cancelled,bank_transfer,Japan,Port Christopher,3510.1
6795a524-84d8-4cfb-af1f-750c0250be3a,4bcfb50b-4ff5-4389-b547-9ccb3dd856eb,Chad Kelly,andrewcamacho@example.org,PROD-1893,Multi-tiered homogeneous intranet,Sports,2,835.41,2025-08-08T22:07:41,completed,paypal,Grenada,Gregoryberg,1670.82
7de7ea31-fb4b-42d2-94f7-add3919e8701,543707ca-99a5-4260-b950-3122ab9895c5,William Mullins,sscott@example.com,PROD-4405,Public-key 4thgeneration artificial intelligence,Food,3,921.52,2025-10-27T18:14:51,cancelled,bank_transfer,Bahamas,Lake Jessica,2764.56
2b4bca65-a843-4ace-bb2f-edcb58720720,68d2ce8d-2b27-4649-b06b-bd6f56f6d05e,Diana Peck,swhite@example.com,PROD-5541,Networked intangible service-desk,Food,7,10.57,2025-09-15T10:53:03,pending,credit_card,Greece,West Michael,73.99
d85aefff-d1b7-4e0e-adf5-68e94994b941,38d0c1f9-56cf-4c52-8731-30da400c1ee8,Timothy Velez,tranjessica@example.net,PROD-7360,Versatile bandwidth-monitored migration,Electronics,2,170.04,2025-11-02T18:58:39,completed,credit_card,France,East Timothy,340.08
21fcd459-5a06-41d9-9d73-a9864e7ca763,3aa03559-0ae3-46b9-a615-37d6f09d5182,Paul Brooks,erin89@example.org,PROD-4846,Streamlined content-based process improvement,Sports,9,527.55,2025-11-10T06:19:34,pending,bank_transfer,Panama,Walkerton,4747.95
3a5934f4-a8f2-4816-90c3-f22a4ddb78d7,b1ef89fb-0f5b-4248-a75d-e1e854775b42,Katherine Davis,danieladkins@example.net,PROD-7310,Balanced analyzing knowledge user,Electronics,4,580.31,2025-12-01T09:21:03,completed,bank_transfer,Togo,East Staceyland,2321.24
8009700e-0ead-4ddc-952f-96b219bbd0ea,d69c4af1-3d2f-4dee-aa2f-dbd8df7f397d,Matthew Richard,melissabell@example.net,PROD-6162,Integrated client-driven knowledge user,Electronics,1,860.05,2026-01-10T06:56:22,pending,credit_card,Libyan Arab Jamahiriya,East Elizabeth,860.05
980f91c3-1e9e-49d1-a0fe-b1422e720dcc,06fc08d6-ed1b-4638-8bd2-52ad9ab62610,Devin Barnes,savannah81@example.com,PROD-4401,Diverse asymmetric array,Sports,4,888.08,2026-03-04T02:44:28,cancelled,paypal,Tuvalu,Brianbury,3552.32
799b8e44-b361-407c-822f-ac13d7e64ca1,f3189c6b-d3b7-446a-bc61-b972de309486,Elizabeth Tran,jeffrey81@example.org,PROD-2277,De-engineered transitional archive,Electronics,2,148.42,2025-12-20T18:06:21,pending,paypal,Iraq,Trujillomouth,296.84
3820fa31-fe4d-4b80-8f47-c4cf1812c538,02f78a93-ab75-4628-8351-ea2684da91df,Roger Acosta,renee19@example.org,PROD-7229,Decentralized empowering data-warehouse,Clothing,10,799.42,2025-06-04T15:43:05,cancelled,bank_transfer,Solomon Islands,West Carmenland,7994.2
61982e7c-7a56-445e-87f9-be0a82f9fde7,59bf77b0-00b3-4cd4-ad92-1eee87facc8f,Austin Thomas,jeanne37@example.com,PROD-8729,Balanced background toolset,Clothing,6,508.62,2026-03-18T09:40:00,pending,credit_card,Sierra Leone,Rickyton,3051.72
949163c7-6b1c-4653-9934-8da647963cda,1e5145f5-3f3c-4fe7-bc14-60092e59cd04,Charles Gutierrez,michelle80@example.com,PROD-9347,Integrated 5thgeneration knowledge user,Clothing,4,992.57,2025-12-28T06:17:53,completed,bank_transfer,Singapore,West Jennifer,3970.28
d2dd4d36-2b0f-47ab-a7ac-90f2311236f4,f986c5dc-297a-4209-a0c4-ac23c1fb7d23,Christina King,nelsonsherri@example.org,PROD-5089,Visionary mission-critical challenge,Food,3,592.52,2025-07-02T07:40:07,cancelled,bank_transfer,Iraq,Kellymouth,1777.56
3f16700d-bbd2-4943-8ffd-655968603ea2,451bd127-5418-42b0-bd7d-7d2b28cad493,Danielle Mitchell,aroy@example.org,PROD-6385,Diverse uniform moratorium,Sports,3,243.55,2025-07-09T09:51:05,completed,bank_transfer,Andorra,North Mary,730.65
448d0a9c-def3-425f-8dcf-9e49107e4e71,ac61a924-de04-49df-98e8-122bcd9dfce5,Robert Miller,jacob61@example.org,PROD-6206,Persevering motivating time-frame,Food,6,582.08,2025-11-22T16:43:25,completed,bank_transfer,Gibraltar,Samuelview,3492.48
17544f2c-38eb-48a6-aa6f-406e616d580b,d2f95c0e-8492-44c2-ac45-9c162b4483a3,Madeline Davis,gerald47@example.net,PROD-6593,Automated secondary approach,Electronics,1,912.99,2026-03-18T15:09:55,pending,credit_card,Iran,North Traciport,912.99
8938adc8-bdb5-41b5-a353-53f8706d9327,4298d13b-c56d-444e-bf67-f46e3d882805,Jennifer Warren,zachary90@example.com,PROD-1054,Distributed intermediate matrix,Food,9,494.58,2025-10-17T01:51:52,pending,credit_card,Cocos (Keeling) Islands,Calderonburgh,4451.22
222cfce2-9ae9-442a-a82a-9e1970752076,901dc2d2-9249-483d-92ba-5b5e22569b38,Kristina Martin,william03@example.net,PROD-3617,Virtual foreground access,Electronics,7,47.79,2026-05-11T12:55:08,completed,paypal,Hong Kong,Andersonland,334.53
f604524d-bdee-48b2-96df-c3274f4c7a06,236cc5f7-0d85-4d28-9a92-c3a688c9927a,Tabitha Morrison,christopher25@example.org,PROD-6786,Extended content-based challenge,Books,9,446.64,2025-06-03T03:16:06,pending,bank_transfer,Brazil,South Brianside,4019.76
d4848d3e-de59-4217-84ec-70b8d5d904a2,c74ca37a-64e7-4b14-8410-f71c30af9abd,Nicholas Johnson,courtney62@example.com,PROD-4213,Ergonomic even-keeled info-mediaries,Food,5,174.58,2025-11-21T13:02:47,cancelled,bank_transfer,Ireland,Georgechester,872.9
e4af388b-8924-444d-8bc8-942a7fe8b776,b0bef76a-9309-4677-8f6a-c506fe89e0ca,Kimberly Morris,chelseahenderson@example.org,PROD-9871,Up-sized foreground algorithm,Food,5,54.7,2025-09-10T16:10:38,completed,bank_transfer,Bangladesh,New Ericamouth,273.5
0c95b86c-6b73-4bee-83b0-4e98b18f5e50,ef6db4d3-9134-461b-9a11-95aa996ab33f,Melinda Khan MD,danielduncan@example.net,PROD-4873,Face-to-face impactful info-mediaries,Clothing,1,715.84,2025-08-07T15:09:41,completed,credit_card,Mali,Wesleyborough,715.84
24dcb6a0-e089-4c54-8c12-9190862fbfec,d31199d2-337d-47a7-8d67-4cf19da27294,Paul Caldwell,utorres@example.org,PROD-9341,Ergonomic needs-based challenge,Food,3,971.1,2026-03-26T20:17:57,cancelled,credit_card,Malta,East Lukestad,2913.3
609fa69b-50d8-4542-9e6d-7a7c0005c6e1,9bcc02a0-a051-490d-a8f3-9591e43213a2,Jonathan Hunt,jamesmeyers@example.org,PROD-6217,Versatile dynamic info-mediaries,Food,5,945.41,2025-09-05T11:36:09,cancelled,paypal,Botswana,North Bobland,4727.05
839e465d-cd19-4ca9-b438-5f57da85411b,94f18a24-0f9f-41fa-b444-6ce776f81bc3,Paige Santos,cstanley@example.net,PROD-2689,Exclusive directional benchmark,Sports,5,529.18,2025-12-07T20:48:20,completed,bank_transfer,Vietnam,Walkerchester,2645.9
26c2fa5a-16c9-4fea-bf5c-4ceee6ed7896,b60fa032-a4bc-47c9-858e-1ed4f1f609da,Isaiah Smith,garyburns@example.net,PROD-6999,Function-based radical knowledge user,Electronics,4,776.99,2025-07-10T01:29:09,cancelled,bank_transfer,Canada,New Luishaven,3107.96
4be50cf6-b1e0-4332-a232-4b43ffc129f3,872a9081-8ab4-4f80-9f51-df6fc9ddd44a,Michelle Douglas,amyanderson@example.net,PROD-4564,Innovative background benchmark,Food,1,700.54,2025-11-02T09:23:25,completed,bank_transfer,Brazil,Murrayport,700.54
118edeab-efc4-47d6-8c29-53fd037399d3,8681e3ec-3d87-45c9-a7cf-fe6973db3075,Fred Robinson,christopher32@example.com,PROD-8097,Diverse contextually-based secured line,Electronics,8,855.58,2026-05-02T22:40:45,cancelled,bank_transfer,Antarctica (the territory South of 60 deg S),Port Sherri,6844.64
55047bbc-e959-433e-95bb-2122d4f52895,a1a99c5d-6ea3-447a-bd36-866e9f3bbd0c,Wendy Crosby,bookervickie@example.org,PROD-9349,Triple-buffered stable methodology,Sports,5,613.42,2025-07-25T08:37:06,pending,paypal,Liechtenstein,Tracytown,3067.1
05a3abf8-bb0e-461b-a320-9b3c77d18d7c,3496d116-9368-4539-8ae7-aa956ebcd3e0,Brandi Sampson,clineheidi@example.com,PROD-6260,Reactive asymmetric neural-net,Sports,3,751.86,2025-11-18T23:14:14,cancelled,bank_transfer,Isle of Man,Emilychester,2255.58
2108cbac-98c6-4a0a-8034-e0a0c6e4e0af,c607c026-ecf3-43dc-b11f-5563a624e583,Miranda Williams,roger60@example.org,PROD-1540,Reverse-engineered 24hour archive,Food,8,960.99,2025-08-07T10:05:46,completed,paypal,Turkey,Santiagofort,7687.92
bb1c0e20-e257-40a3-9240-c31aab10a769,197adcdb-b936-4ad1-b1df-3d75e3616298,Ian Payne,reyesmegan@example.com,PROD-9601,Intuitive actuating Graphic Interface,Books,9,367.06,2025-07-02T18:41:18,completed,credit_card,Senegal,North Jason,3303.54
85cba60e-a360-416c-a04b-38628570a213,2e6e11a6-022c-439c-9974-f368e5b1b2f2,Cindy Williams,uperez@example.net,PROD-3770,Intuitive neutral leverage,Clothing,7,745.88,2025-10-25T23:24:20,cancelled,credit_card,Denmark,Davisview,5221.16
048c2930-998c-4a65-8b86-39d3b7d3462c,9f69eb48-1c3c-4bae-919f-14d0bb71f0f8,Kristen Martinez,fischertravis@example.net,PROD-6311,Total context-sensitive forecast,Food,10,794.81,2026-02-21T02:58:45,cancelled,credit_card,Montserrat,Smithville,7948.1
34686e4e-f92f-4283-a7a6-2de2ecde5507,26e63daa-a8be-4d31-996c-e168d68945b5,Michelle Dominguez,martinkeith@example.org,PROD-1781,Customer-focused didactic challenge,Clothing,3,981.34,2025-07-25T03:09:03,cancelled,bank_transfer,Zimbabwe,Annville,2944.02
cdd6d148-643f-41d2-aa42-5d7edb6bd236,f10bde4a-7e3a-47a3-83ca-be3d1b8b64d3,Andrew Sharp,melissamedina@example.org,PROD-7824,Configurable composite Internet solution,Electronics,9,475.85,2026-02-25T19:31:51,pending,bank_transfer,Jersey,Lynnhaven,4282.65
417fb828-9ee8-4c95-bec2-dc6f0dd7e372,b0de0257-231a-4037-b21e-53ce9231bd0a,Brian Harper,ginazimmerman@example.net,PROD-4531,Object-based heuristic hub,Electronics,6,369.6,2025-11-15T22:07:19,completed,bank_transfer,Tuvalu,New Jessicaburgh,2217.6
8fc9d6a8-96fe-44ef-a709-0cfa4ab3d65d,499a8d1d-3fb2-407c-92f5-2535419271f3,Benjamin Allen,stacy20@example.com,PROD-4893,Sharable 6thgeneration methodology,Sports,1,49.27,2025-09-04T22:36:38,pending,bank_transfer,Kazakhstan,New Glendaview,49.27
4685a06a-fcbb-4105-9047-e0fbdf0cb05d,5d003466-1ad2-4acd-9357-6fc2c865c208,Emily Baker,romerojenna@example.org,PROD-7181,Polarized zero tolerance focus group,Sports,2,285.85,2025-11-10T13:24:45,cancelled,bank_transfer,Estonia,Ashleymouth,571.7
135e1b29-2aed-40a2-9ceb-53987155d33c,0fa33a73-9a0f-42fd-b7f6-409caf8df350,Melanie Meza,jessicabaker@example.com,PROD-8251,Enhanced homogeneous capability,Sports,8,126.67,2025-09-10T17:44:00,pending,paypal,Italy,North Brianmouth,1013.36
f6439d49-99f2-4491-a1c0-ee81ad383b24,15015f3c-6319-4b61-b22e-3f2f4918326c,Robert Mack,james13@example.org,PROD-7531,Assimilated empowering support,Sports,6,625.17,2026-02-16T14:09:09,completed,bank_transfer,Jersey,Lisaside,3751.02
7e51999d-1864-49b9-b145-d53c0f79288e,c4e46703-733f-4b2c-9c29-0dab35f0ea9a,Mr. Michael Washington Jr.,erica38@example.net,PROD-2557,Re-contextualized systematic adapter,Sports,1,627.84,2026-05-16T02:05:36,completed,bank_transfer,Liechtenstein,Waynemouth,627.84
40d043e2-dfc9-4142-b27e-70f3602ff249,e3fe1f74-65f1-4ab0-8802-eb870b33ed83,Dillon Price,sierrakennedy@example.com,PROD-4518,Public-key foreground approach,Food,8,302.99,2025-10-25T20:53:53,cancelled,credit_card,Benin,Johnshire,2423.92
6573a597-8346-4f84-8444-3a655d102337,0d314358-394b-49b9-99b6-db44049a7cb5,Gerald Watson,reneeflores@example.org,PROD-3090,Devolved attitude-oriented initiative,Food,5,502.09,2026-04-18T02:10:48,completed,credit_card,Croatia,Craigfurt,2510.45
9a36cc1a-c01c-43e8-b239-472dc3bc415f,445db22d-b7f1-4e2a-a8ea-c3e21ce2f418,Billy Frank,amandadyer@example.org,PROD-2974,Ergonomic modular hardware,Sports,3,361.91,2026-04-10T02:43:10,pending,paypal,Netherlands Antilles,Rodriguezport,1085.73
c2d3f130-5c4b-4e1c-ba41-da9cf3836df5,a05917ef-5b17-4ef0-b1ab-ada54b369908,Amy Smith,sedwards@example.com,PROD-8493,Balanced transitional database,Books,9,687.49,2025-12-04T01:50:14,cancelled,credit_card,Montserrat,Wagnerchester,6187.41
377ed2d5-cc3f-4c50-86e1-bfb078ffb176,06be3ba0-f32b-4d94-9890-52c728a8d282,Jason Goodman,christophercook@example.net,PROD-7098,Profound disintermediate system engine,Books,4,567.09,2025-12-18T03:52:34,completed,bank_transfer,Poland,Amandaland,2268.36
2783edc3-b6c3-412c-8c0e-4f6b9065f753,31550fbf-ff9e-4747-990b-2e29912ed888,Bradley Porter,rioscindy@example.com,PROD-3538,Sharable intangible approach,Electronics,4,170.1,2025-05-30T14:15:55,pending,bank_transfer,Ecuador,Millerbury,680.4
25aee980-9a93-4f47-9842-7953e0a4e9f2,4cc76356-877e-461b-9b78-a685e061f623,Douglas Greene,edwin36@example.net,PROD-8973,Realigned bandwidth-monitored secured line,Clothing,3,351.54,2025-09-13T12:33:21,completed,credit_card,Iraq,Erikaberg,1054.62
a68713f6-9a4b-4f0f-b9cc-f88d111d611f,5660f3aa-9c55-4ba5-b729-502081fc03cc,David Cunningham,michelleroberson@example.org,PROD-9525,Business-focused systemic framework,Sports,8,609.01,2026-04-29T06:16:33,cancelled,paypal,Gambia,Jessicatown,4872.08
ee44f0d3-7b97-4bf7-92e9-c30d41555c0f,cff579a0-9d23-43e1-b126-fb602df4c10e,Regina Brown,darrellashley@example.com,PROD-4923,Sharable reciprocal encryption,Sports,1,82.22,2025-12-06T18:33:59,completed,bank_transfer,Malaysia,South Williamtown,82.22
e9f985a9-581b-4268-8317-518da93b8afb,70215f64-ab5f-4b00-92ab-74535811601e,Ross Hatfield,randolphwilliam@example.net,PROD-8278,Sharable high-level hub,Clothing,9,312.33,2026-03-15T17:37:25,cancelled,bank_transfer,Libyan Arab Jamahiriya,Johnsonland,2810.97
f80a1a1d-095e-43bf-9a94-9624a5d4f4dd,421298d8-156e-411c-b011-8f2dae768e77,Jason Obrien,danielle72@example.org,PROD-1807,Adaptive zero administration budgetary management,Electronics,9,418.25,2025-06-14T11:55:09,pending,bank_transfer,Liechtenstein,Carolburgh,3764.25
69556b8c-4d0b-48d9-b8ad-b1e6b40ef56b,e86d1ee4-8729-4006-92ad-940df8a93c00,Mark Carpenter,kingtanner@example.com,PROD-8902,Multi-tiered client-driven hub,Books,8,229.88,2026-04-30T02:26:55,pending,credit_card,Netherlands,New Kaitlynton,1839.04
01e6a755-d83d-433c-9125-dcb089d2cf43,65ea30ff-f511-4ab4-af45-94ba57813648,Emma James,uhall@example.net,PROD-2440,Profit-focused real-time adapter,Electronics,3,786.01,2025-10-17T00:01:35,completed,paypal,Saint Martin,North Michelle,2358.03
2944e1db-cc5a-40a3-b682-58473412e209,42c5d2d2-2c62-42dc-bc1d-4e02eff9d367,Brianna Mendoza,westjoseph@example.com,PROD-7984,Extended 6thgeneration artificial intelligence,Sports,5,502.68,2026-04-02T04:12:49,completed,paypal,United Kingdom,Ramirezburgh,2513.4
8706fb0b-af8b-4040-86fa-f2d4314ab0f0,4bc29dc0-5b91-475a-b2c7-6f0258072707,Anne Mcmahon,anita63@example.org,PROD-1800,Centralized context-sensitive software,Food,6,701.9,2025-11-11T15:54:25,pending,paypal,Madagascar,Melindafort,4211.4
cd14171d-bdab-45f2-ab42-5cba10484ec4,f1d2e710-f0ba-4e25-943f-d4c050053d80,Jennifer Warren,jjackson@example.com,PROD-8335,Front-line bifurcated hardware,Electronics,7,636.25,2026-04-02T20:16:40,cancelled,bank_transfer,Algeria,South Breannamouth,4453.75
ff27fd08-7a3e-48a9-8375-55f98431d3cf,52cc443d-2850-4406-98d9-9d22ac094125,Erika Jones,grantdanielle@example.com,PROD-4113,Triple-buffered methodical ability,Sports,1,754.98,2025-08-24T20:22:45,cancelled,credit_card,Morocco,Lake Michael,754.98
0ed5b5df-9ca8-4a14-a605-91284a2e7c9f,38aa7951-4eb4-4164-b024-e7177c3991cc,Cameron Gutierrez,melissagomez@example.org,PROD-4166,Innovative tangible knowledge user,Clothing,8,108.43,2026-05-02T17:06:50,pending,paypal,Uganda,Port Andrew,867.44
c2c9feb9-f7c4-412c-815d-8476cf9048ce,49741e8f-f1f0-42a3-9b52-a6332cf553a0,Zachary Nelson,russellgonzalez@example.org,PROD-4443,Balanced foreground installation,Clothing,3,935.25,2026-01-26T00:03:51,completed,bank_transfer,Uzbekistan,Justinchester,2805.75
f203b5e3-4c54-4caf-9e3f-0e83cf8c4c20,c0948fcd-9470-4d1f-9527-5a43a698114e,Brian Phillips,dominguezandrea@example.org,PROD-3238,Ameliorated high-level support,Electronics,3,325.56,2025-08-09T15:36:01,pending,paypal,Kazakhstan,Port Hollybury,976.68
b2276e14-46aa-47a7-ae86-589dbee0bd61,94d8a027-a2df-4193-a35e-ee5a922ba1d9,Stephen Johnson,gbrown@example.net,PROD-9042,User-centric even-keeled neural-net,Food,5,161.76,2026-04-23T19:25:39,cancelled,bank_transfer,Isle of Man,South Meganmouth,808.8
d98db964-7b68-4f3c-80a2-f20aa2a18053,43d29a03-6cd2-4b08-a10a-e12480cd12ae,Stephen King,aaronbrooks@example.net,PROD-8367,Grass-roots holistic contingency,Food,3,139.88,2025-11-24T04:49:25,cancelled,credit_card,Holy See (Vatican City State),North Kimberlybury,419.64
de69121c-925d-4e18-a55a-5a9fd2c12878,b2df09e2-b4c4-4443-9723-639f39c7c7de,Devin Sanchez,youngjustin@example.net,PROD-1559,Right-sized full-range implementation,Food,1,125.1,2025-06-18T21:29:25,completed,bank_transfer,Nauru,Khanmouth,125.1
4c752e26-5461-4314-a21b-7c046e50f50c,c3f110aa-bf67-4894-a685-21ea6a6a2843,Joseph Singleton,jennifer71@example.net,PROD-7672,Robust attitude-oriented productivity,Clothing,8,714.27,2025-12-05T09:49:11,cancelled,credit_card,Saint Kitts and Nevis,West Kyle,5714.16
c4ef1e6a-0401-4b58-8077-99e6f1e5c428,b0631d8e-70d5-4eab-b11c-b8d591e87aa8,Charles Barr,moravirginia@example.net,PROD-1375,Down-sized context-sensitive policy,Clothing,6,597.92,2025-08-16T00:44:52,completed,bank_transfer,Cote d'Ivoire,Port Austinton,3587.52
027b8066-7a96-4f09-99e5-d6a6ae2853ee,4e3ab6fd-33d1-4ce3-89df-7ecd89574899,Michele Hernandez,kristina79@example.com,PROD-4878,Centralized non-volatile hardware,Books,2,803.31,2025-09-14T20:09:43,cancelled,paypal,Cyprus,Sherryburgh,1606.62
89e9e828-2c77-47ff-8c2e-0a0a63459d96,6cef6303-b921-48e5-b095-ed5bde21829d,Randy Williams,pruittpaul@example.com,PROD-2273,Adaptive regional project,Clothing,10,858.17,2025-10-26T22:52:41,completed,paypal,Austria,Pearsonport,8581.7
5f313974-e445-40ed-8efe-9249b9b7599f,ec28996c-350f-4ffc-a31f-95a40f14811d,Jesse Mathis,ualexander@example.org,PROD-8612,Progressive 24hour collaboration,Books,1,569.88,2025-06-16T09:33:27,pending,paypal,South Africa,Danielsshire,569.88
fe53d2dc-730b-4397-a6aa-ee5c546115c4,1a789710-8c85-48aa-a762-7a1e8973b1e4,William Mclean,frostsusan@example.com,PROD-4920,User-centric bandwidth-monitored capability,Books,1,53.89,2026-04-15T19:26:34,completed,bank_transfer,Paraguay,Russellhaven,53.89
47341eed-fb83-4514-a724-076aa78da84c,d94d5387-5450-4c6d-a32a-2f9bc9d9a38e,Ashley Alvarez,swiley@example.net,PROD-1657,Monitored incremental service-desk,Clothing,8,670.88,2025-07-24T10:39:09,pending,credit_card,Senegal,Bradleyshire,5367.04
46a4eb75-cbda-48e1-8a1a-27a54922538d,aa5034e2-a4ed-409a-a97d-c5c6181a6b61,Juan Drake,andrew13@example.net,PROD-9716,Diverse well-modulated knowledgebase,Food,5,722.44,2025-12-11T11:14:26,cancelled,credit_card,Austria,Port Robert,3612.2
dae864fa-6f9e-4aea-8f7f-316b1225c1e5,3630ce4b-df82-432c-ac1c-6ef962c55b46,Jason Vasquez,scollins@example.net,PROD-6108,Reduced homogeneous archive,Electronics,6,876.06,2025-08-22T05:25:33,completed,paypal,Anguilla,Belindaport,5256.36
ca117a1f-9804-483f-b67d-de0c6aca24a6,1364b2e1-a1c1-4109-9290-024556d558ad,Micheal Hogan,gphillips@example.org,PROD-9668,Devolved interactive solution,Sports,8,887.07,2025-11-02T16:57:42,completed,paypal,Zimbabwe,Theresaberg,7096.56
644b1b6d-9bed-490a-9721-0c0b400e83e2,0b360e14-9852-4408-89e2-c03f0743b246,Zachary Weber,markmoore@example.com,PROD-2821,Phased maximized methodology,Electronics,4,891.89,2025-07-02T10:20:13,completed,credit_card,Congo,Raymondmouth,3567.56
130072fb-af0e-4ddf-a68b-c7c3ea0e79a0,60319d8d-0a6b-4890-b567-7029c230305d,Joseph Williams,amanda17@example.net,PROD-3623,Visionary interactive database,Books,1,901.89,2025-07-13T06:47:58,pending,credit_card,Aruba,Wangmouth,901.89
3d1bda26-f4f6-4ef0-953f-2812ba86340a,733981b2-5e4e-4bbe-ae9e-296e8201c7bb,Tara Sweeney,nmelendez@example.com,PROD-3961,Innovative zero tolerance system engine,Sports,1,148.32,2026-03-28T04:51:08,pending,bank_transfer,Benin,East Jonathan,148.32
8a23476e-5103-475e-84b7-a1bfb11e72df,cfd0e483-8d0e-49af-86a0-dd02e0d0db16,Laura Hernandez,johnsonstanley@example.org,PROD-3416,Advanced upward-trending function,Food,5,272.64,2026-05-11T02:19:59,completed,credit_card,Slovakia (Slovak Republic),Loriport,1363.2
4d3a14f2-e82a-4b9d-bd41-76313a1a9151,8209a4f4-17fc-4135-84de-621cc5c8b5ed,Amanda Turner,fmendoza@example.net,PROD-1249,Realigned holistic customer loyalty,Food,1,815.29,2025-07-16T08:17:58,pending,bank_transfer,India,Robertchester,815.29
cf4af570-5fd1-4109-a43b-ca0622a1660c,73acfb16-c838-405f-bb42-0734ae012774,Kathryn Nunez,shaun80@example.com,PROD-2336,Versatile tangible instruction set,Food,6,714.69,2025-06-15T07:29:58,pending,credit_card,Switzerland,Samuelfort,4288.14
4e138c42-88c2-4006-a58a-9f14774e4fac,6feff0b7-a85c-4f6b-8d75-fb94538c6f6c,Francis Cameron,taylorsteven@example.net,PROD-6760,Multi-channeled neutral solution,Books,1,543.69,2025-08-20T13:17:52,cancelled,bank_transfer,Kazakhstan,Kimfort,543.69
b40b29aa-7fc4-4fcc-953a-720f74b70c00,834d3c74-6252-4be4-8c0a-99661b3821e8,Victoria Young,tfields@example.net,PROD-8788,Organized 24/7 array,Sports,10,859.46,2025-07-25T14:54:44,cancelled,credit_card,Guinea,Stephaniefort,8594.6
c6e5c824-5ff5-4c01-8e2b-429f13873850,d4181e2e-286c-421c-a174-5e9f062e9706,Ashley Aguilar,mariamartinez@example.com,PROD-5112,Team-oriented optimizing Graphical User Interface,Electronics,1,921.51,2026-03-09T07:30:39,cancelled,bank_transfer,Iran,Anthonyside,921.51
8abac062-b7ed-4a59-9e42-cb92d00f3fa4,21406cd2-fa45-4c44-ad3f-87e1f21bec66,Brandon Riddle,tyler58@example.net,PROD-5229,Intuitive multi-state complexity,Food,1,460.84,2025-12-02T05:50:59,pending,credit_card,Monaco,New Paula,460.84
f6fcf726-ab09-4791-b8e3-6571cf495ebd,cac669b6-16db-4dde-86f3-78b7237feb3d,Steven Pearson,destiny16@example.org,PROD-2152,Inverse impactful Graphic Interface,Books,9,869.31,2025-12-17T18:21:57,completed,credit_card,Reunion,Downsview,7823.79
0656477f-60f7-4d44-bb40-3c54316222b6,2e91c3f1-88e6-41f4-bb50-7a30e16e8ad0,Brenda Rice,teresa13@example.net,PROD-9187,Multi-lateral regional middleware,Clothing,1,410.84,2026-02-19T08:44:49,cancelled,paypal,Mauritius,North Michael,410.84
277c3e56-5025-4608-a27e-ed7fca11df0c,10a400db-b233-4799-bc94-b53d58da626e,Stephen Nguyen,ddickson@example.com,PROD-8020,Inverse zero administration instruction set,Food,10,171.25,2026-03-25T01:52:38,cancelled,credit_card,Suriname,West Marisaborough,1712.5
d4054cb8-79f0-47d5-8ba5-9d7ba1675845,aa4fd3ef-05b8-400a-bf04-95dea4bb598e,Janet Smith,alexisscott@example.net,PROD-7859,Distributed methodical moratorium,Clothing,2,352.87,2026-03-10T23:24:36,cancelled,bank_transfer,Guernsey,Brianport,705.74
